ID,DEAD_YEAR_EN,Age,Sex,Nationality,District,Province,DeadDate_EN,Acc_Sub_Dist,Acc_District,Dead_Prov,Acc_Lat,Acc_long,ICD_10,Vehicle
1,2026,63.0,ชาย,ไม่ระบุ,ท่าเรือ,พระนครศรีอยุธยา,4/1/2026,วังแดง,ท่าเรือ,พระนครศรีอยุธยา,,,V892,รถจักรยานยนต์
2,2026,18.0,ชาย,ไม่ระบุ,หว้านใหญ่,มุกดาหาร,26/3/2026,คำป่าหลาย,เมืองมุกดาหาร,มุกดาหาร,104.6601622,16.689554,Y349,รถจักรยานยนต์
3,2026,81.0,ชาย,ไม่ระบุ,ศรีเมืองใหม่,อุบลราชธานี,18/3/2026,เอือดใหญ่,ศรีเมืองใหม่,อุบลราชธานี,,,V099,คนเดินเท้า
4,2026,72.0,ชาย,ไม่ระบุ,บ้านโป่ง,ราชบุรี,2/3/2026,หนองปลาหมอ,บ้านโป่ง,ราชบุรี,99.778937,13.799934,Y349,รถจักรยานยนต์
5,2026,19.0,ชาย,ไม่ระบุ,ดอนพุด,สระบุรี,17/1/2026,เจ้าปลุก,มหาราช,พระนครศรีอยุธยา,100.568995,14.598709,V892,รถจักรยานยนต์
6,2026,29.0,ชาย,ไม่ระบุ,โขงเจียม,อุบลราชธานี,4/3/2026,ห้วยไผ่,โขงเจียม,อุบลราชธานี,105.456549,15.391622,V892,รถจักรยานยนต์
7,2026,52.0,หญิง,ไม่ระบุ,พยุหะคีรี,นครสวรรค์,26/1/2026,เขากะลา,พยุหะคีรี,นครสวรรค์,,,V892,รถจักรยานยนต์
8,2026,59.0,ชาย,ไม่ระบุ,ศีขรภูมิ,สุรินทร์,4/1/2026,เนินมะกอก,พยุหะคีรี,นครสวรรค์,,,V892,ไม่ระบุพาหนะ
9,2026,16.0,ชาย,ไม่ระบุ,วังชิ้น,แพร่,12/2/2026,ป่าสัก,วังชิ้น,แพร่,,,V892,รถจักรยานยนต์
10,2026,64.0,ชาย,ไม่ระบุ,โพธิ์ทอง,อ่างทอง,10/1/2026,ม่วงเตี้ย,วิเศษชัยชาญ,อ่างทอง,,,Y349,ไม่ระบุพาหนะ
11,2026,17.0,ชาย,ไม่ระบุ,อู่ทอง,สุพรรณบุรี,5/1/2026,เขาชายธง,ตากฟ้า,นครสวรรค์,,,Y349,รถบรรทุกขนาดเล็ก/รถตู้
12,2026,36.0,ชาย,ไม่ระบุ,เมืองพิษณุโลก,พิษณุโลก,22/2/2026,ดอนทอง,เมืองพิษณุโลก,พิษณุโลก,100.358245,16.88496,V892,รถยนต์
13,2026,49.0,ชาย,ไม่ระบุ,วิเศษชัยชาญ,อ่างทอง,17/1/2026,ศาลเจ้าโรงทอง,วิเศษชัยชาญ,อ่างทอง,,,V892,รถจักรยานยนต์
14,2026,3.0,หญิง,ไม่ระบุ,เขาค้อ,เพชรบูรณ์,5/1/2026,เขาชายธง,ตากฟ้า,นครสวรรค์,,,Y349,รถบรรทุกขนาดเล็ก/รถตู้
15,2026,16.0,ชาย,ไม่ระบุ,อมก๋อย,เชียงใหม่,6/3/2026,ม่อนจอง,อมก๋อย,เชียงใหม่,98.509194,17.414888,V099,คนเดินเท้า
16,2026,51.0,ชาย,ไม่ระบุ,คลองเตย,กรุงเทพมหานคร,9/2/2026,หัวหมาก,เขตบางกะปิ,กรุงเทพมหานคร,,,Y349,รถจักรยานยนต์
17,2026,40.0,ชาย,ไม่ระบุ,เมืองตาก,ตาก,13/1/2026,หนองบัวใต้,เมืองตาก,ตาก,,,V892,รถจักรยานยนต์
18,2026,39.0,ชาย,ไม่ระบุ,บัวใหญ่,นครราชสีมา,3/1/2026,ห้วยยาง,บัวใหญ่,นครราชสีมา,,,V892,รถจักรยานยนต์
19,2026,51.0,ชาย,ไม่ระบุ,เมืองขอนแก่น,ขอนแก่น,25/1/2026,วังยาว,โกสุมพิสัย,มหาสารคาม,102.918365,16.284698,Y349,รถจักรยานยนต์
20,2026,63.0,ชาย,ไม่ระบุ,หนองฉาง,อุทัยธานี,17/1/2026,ทุ่งพง,หนองฉาง,อุทัยธานี,99.86465916,15.42089554,V892,รถจักรยานยนต์
21,2026,66.0,ชาย,ไม่ระบุ,ยะหริ่ง,ปัตตานี,28/2/2026,ยามู,ยะหริ่ง,ปัตตานี,,,V892,รถจักรยานยนต์
22,2026,17.0,หญิง,ไม่ระบุ,ยะหริ่ง,ปัตตานี,16/3/2026,ยามู,ยะหริ่ง,ปัตตานี,,,V892,รถจักรยานยนต์
23,2026,8.0,หญิง,ไม่ระบุ,นาจะหลวย,อุบลราชธานี,3/3/2026,นาจะหลวย,นาจะหลวย,อุบลราชธานี,,,Y349,รถจักรยานยนต์
24,2026,75.0,หญิง,ไม่ระบุ,ท่ายาง,เพชรบุรี,17/2/2026,ท่ายาง,ท่ายาง,เพชรบุรี,,,V892,รถจักรยานยนต์
25,2026,28.0,ชาย,ไม่ระบุ,นาเชือก,มหาสารคาม,1/1/2026,หนองเรือ,บรบือ,มหาสารคาม,,,V284,รถจักรยานยนต์
26,2026,51.0,หญิง,ไม่ระบุ,ทัพทัน,อุทัยธานี,11/1/2026,ตลุกดู่,ทัพทัน,อุทัยธานี,,,V892,รถยนต์
27,2026,67.0,ชาย,ไม่ระบุ,เขื่องใน,อุบลราชธานี,23/3/2026,ก่อเอ้,เขื่องใน,อุบลราชธานี,,,V892,รถจักรยานยนต์
28,2026,55.0,หญิง,ไม่ระบุ,โกสุมพิสัย,มหาสารคาม,5/1/2026,หนองบอน,โกสุมพิสัย,มหาสารคาม,,,Y349,รถจักรยานยนต์
29,2026,35.0,ชาย,ไม่ระบุ,ด่านช้าง,สุพรรณบุรี,1/3/2026,ดงประคำ,เมืองพิษณุโลก,พิษณุโลก,,,V892,รถยนต์
30,2026,30.0,ชาย,ไม่ระบุ,ปางศิลาทอง,กำแพงเพชร,10/1/2026,ปางตาไว,ปางศิลาทอง,กำแพงเพชร,99.232744,15.99635,V239,รถจักรยานยนต์
31,2026,29.0,ชาย,ไม่ระบุ,บ้านนาสาร,สุราษฎร์ธานี,7/1/2026,ควนศรี,บ้านนาสาร,สุราษฎร์ธานี,,,V892,รถจักรยานยนต์
32,2026,8.0,ชาย,ไม่ระบุ,ปางศิลาทอง,กำแพงเพชร,10/1/2026,ปางตาไว,ปางศิลาทอง,กำแพงเพชร,99.232744,15.99635,V239,รถจักรยานยนต์
33,2026,33.0,ชาย,ไม่ระบุ,เกษตรวิสัย,ร้อยเอ็ด,22/1/2026,น้ำใส,จตุรพักตรพิมาน,ร้อยเอ็ด,,,V294,รถจักรยานยนต์
34,2026,16.0,ชาย,ไม่ระบุ,เมืองชุมพร,ชุมพร,2/3/2026,ทุ่งคา,เมืองชุมพร,ชุมพร,99.243743,10.42909,V244,รถจักรยานยนต์
35,2026,14.0,ชาย,ไม่ระบุ,เมืองชุมพร,ชุมพร,2/3/2026,ทุ่งคา,เมืองชุมพร,ชุมพร,99.243743,10.42909,V245,รถจักรยานยนต์
36,2026,29.0,ชาย,ไม่ระบุ,เมืองกำแพงเพชร,กำแพงเพชร,19/1/2026,ทรงธรรม,เมืองกำแพงเพชร,กำแพงเพชร,99.422458,16.52918,V892,รถจักรยานยนต์
37,2026,41.0,ชาย,ไม่ระบุ,ปักธงชัย,นครราชสีมา,26/3/2026,งิ้ว,ปักธงชัย,นครราชสีมา,,,Y349,รถจักรยานยนต์
38,2026,76.0,หญิง,ไม่ระบุ,หัวไทร,นครศรีธรรมราช,20/2/2026,หัวไทร,หัวไทร,นครศรีธรรมราช,,,V099,คนเดินเท้า
39,2026,18.0,ชาย,ไม่ระบุ,เมืองมุกดาหาร,มุกดาหาร,26/3/2026,คำป่าหลาย,เมืองมุกดาหาร,มุกดาหาร,104.6601622,16.689554,Y349,รถจักรยานยนต์
40,2026,33.0,ชาย,ไม่ระบุ,ธัญบุรี,ปทุมธานี,14/2/2026,คลองถนน,เขตสายไหม,กรุงเทพมหานคร,100.6225317,13.91936469,V892,รถจักรยานยนต์
41,2026,23.0,หญิง,ไม่ระบุ,แปลงยาว,ฉะเชิงเทรา,14/2/2026,หัวสำโรง,แปลงยาว,ฉะเชิงเทรา,101.311101,13.618067,V892,รถจักรยานยนต์
42,2026,16.0,ชาย,ไม่ระบุ,เกษตรวิสัย,ร้อยเอ็ด,5/1/2026,เหล่าหลวง,เกษตรวิสัย,ร้อยเอ็ด,,,V224,รถจักรยานยนต์
43,2026,19.0,หญิง,ไม่ระบุ,พบพระ,ตาก,19/1/2026,ช่องแคบ,พบพระ,ตาก,,,Y349,รถจักรยานยนต์
44,2026,19.0,ชาย,ไม่ระบุ,เชียรใหญ่,นครศรีธรรมราช,15/2/2026,ดอนตรอ,เฉลิมพระเกียรติ,นครศรีธรรมราช,100.041943,8.2066,Y349,รถจักรยานยนต์
45,2026,38.0,หญิง,ไม่ระบุ,มหาชนะชัย,ยโสธร,11/3/2026,กุดกุง,คำเขื่อนแก้ว,ยโสธร,,,V299,รถจักรยานยนต์
46,2026,26.0,หญิง,ไม่ระบุ,เมืองนนทบุรี,นนทบุรี,18/1/2026,วังหมัน,สามเงา,ตาก,,,V892,รถจักรยานยนต์
47,2026,25.0,ชาย,ไม่ระบุ,เขตวังทองหลาง,กรุงเทพมหานคร,7/2/2026,พลับพลา,เขตวังทองหลาง,กรุงเทพมหานคร,,,Y349,รถจักรยานยนต์
48,2026,38.0,ชาย,ไม่ระบุ,ขาณุวรลักษบุรี,กำแพงเพชร,24/2/2026,บางม่วง,เมืองนครสวรรค์,นครสวรรค์,100.089286,15.755333,V892,รถจักรยานยนต์
49,2026,35.0,หญิง,ไม่ระบุ,เมืองอุทัยธานี,อุทัยธานี,10/2/2026,หนองกระโดน,เมืองนครสวรรค์,นครสวรรค์,,,V892,ไม่ระบุพาหนะ
50,2026,29.0,ชาย,ไม่ระบุ,หนองมะโมง,ชัยนาท,10/2/2026,หนองกระโดน,เมืองนครสวรรค์,นครสวรรค์,,,V892,ไม่ระบุพาหนะ
51,2026,44.0,หญิง,ไม่ระบุ,กระสัง,บุรีรัมย์,25/1/2026,กระสัง,กระสัง,บุรีรัมย์,103.300725,14.909297,V892,รถจักรยานยนต์
52,2026,40.0,ชาย,ไม่ระบุ,เมืองลำปาง,ลำปาง,14/3/2026,น้ำโจ้,แม่ทะ,ลำปาง,99.467439,18.156894,Y349,รถจักรยานยนต์
53,2026,27.0,หญิง,ไม่ระบุ,ท่าแซะ,ชุมพร,17/1/2026,ท่าแซะ,ท่าแซะ,ชุมพร,,,V892,รถจักรยานยนต์
54,2026,36.0,ชาย,ไม่ระบุ,วิหารแดง,สระบุรี,19/1/2026,เจริญธรรม,วิหารแดง,สระบุรี,,,V892,รถจักรยานยนต์
55,2026,69.0,ชาย,ไม่ระบุ,พรหมพิราม,พิษณุโลก,16/1/2026,หนองแขม,พรหมพิราม,พิษณุโลก,,,V892,รถจักรยานยนต์
56,2026,70.0,ชาย,ไม่ระบุ,แก้งคร้อ,ชัยภูมิ,12/3/2026,โคกกุง,แก้งคร้อ,ชัยภูมิ,,,Y349,รถจักรยานยนต์
57,2026,63.0,ชาย,ไม่ระบุ,ปากพลี,นครนายก,16/2/2026,บ้านสร้าง,บ้านสร้าง,ปราจีนบุรี,,,Y349,รถจักรยานยนต์
58,2026,57.0,หญิง,ไม่ระบุ,ท่าตูม,สุรินทร์,19/1/2026,โพนครก,ท่าตูม,สุรินทร์,,,V499,รถยนต์
59,2026,71.0,ชาย,ไม่ระบุ,เมืองพิษณุโลก,พิษณุโลก,16/1/2026,ท่าโพธิ์,เมืองพิษณุโลก,พิษณุโลก,,,V892,รถจักรยานยนต์
60,2026,18.0,ชาย,ไม่ระบุ,เทพา,สงขลา,4/1/2026,วังใหญ่,เทพา,สงขลา,,,Y349,รถจักรยานยนต์
61,2026,51.0,หญิง,ไม่ระบุ,เมืองกำแพงเพชร,กำแพงเพชร,7/2/2026,นาบ่อคำ,เมืองกำแพงเพชร,กำแพงเพชร,,,V892,รถจักรยานยนต์
62,2026,54.0,ชาย,ไม่ระบุ,แสวงหา,อ่างทอง,25/3/2026,บางเสด็จ,ป่าโมก,อ่างทอง,100.4604257,14.47298963,Y349,รถจักรยานยนต์
63,2026,64.0,ชาย,ไม่ระบุ,คลองหลวง,ปทุมธานี,16/2/2026,คลองห้า,คลองหลวง,ปทุมธานี,,,V892,รถจักรยานยนต์
64,2026,55.0,ชาย,ไม่ระบุ,เมืองนครราชสีมา,นครราชสีมา,8/2/2026,จอหอ,เมืองนครราชสีมา,นครราชสีมา,102.1170447,15.0468382,V892,รถจักรยานยนต์
65,2026,45.0,ชาย,ไม่ระบุ,หาดใหญ่,สงขลา,2/1/2026,พะตง,หาดใหญ่,สงขลา,,,V892,รถจักรยานยนต์
66,2026,31.0,ชาย,ไม่ระบุ,พิมาย,นครราชสีมา,4/2/2026,ขามสะแกแสง,ขามสะแกแสง,นครราชสีมา,,,Y349,รถจักรยานยนต์
67,2026,28.0,ชาย,ไม่ระบุ,เมืองอุบลราชธานี,อุบลราชธานี,10/1/2026,โนนค้อ,โนนคูณ,ศรีสะเกษ,,,V892,รถจักรยานยนต์
68,2026,39.0,ชาย,ไม่ระบุ,ศรีเทพ,เพชรบูรณ์,26/1/2026,ศรีเทพ,ศรีเทพ,เพชรบูรณ์,,,X599,รถจักรยานยนต์
69,2026,18.0,ชาย,ไม่ระบุ,แวงใหญ่,ขอนแก่น,27/3/2026,ใหม่นาเพียง,แวงใหญ่,ขอนแก่น,102.540797,15.960472,Y349,รถจักรยานยนต์
70,2026,53.0,ชาย,ไม่ระบุ,หนองไผ่,เพชรบูรณ์,3/1/2026,ท่าแดง,หนองไผ่,เพชรบูรณ์,,,X599,รถจักรยานยนต์
71,2026,28.0,หญิง,ไม่ระบุ,หนองไผ่,เพชรบูรณ์,23/1/2026,บ้านโภชน์,หนองไผ่,เพชรบูรณ์,,,V892,รถยนต์
72,2026,34.0,ชาย,ไม่ระบุ,กิ่งอำเภอพระทองคำ,นครราชสีมา,3/2/2026,ทัพรั้ง,กิ่งอำเภอพระทองคำ,นครราชสีมา,,,V892,รถจักรยานยนต์
73,2026,54.0,หญิง,ไม่ระบุ,สามเงา,ตาก,28/2/2026,วังจันทร์,สามเงา,ตาก,,,Y349,รถบรรทุกขนาดเล็ก/รถตู้
74,2026,24.0,ชาย,ไม่ระบุ,พยัคฆภูมิพิสัย,มหาสารคาม,23/2/2026,ดงเมือง,ยางสีสุราช,มหาสารคาม,103.142289,15.652999,Y349,รถจักรยานยนต์
75,2026,78.0,ชาย,ไม่ระบุ,ควนโดน,สตูล,24/1/2026,ควนโดน,เมืองสตูล,สตูล,,,X599,รถจักรยานยนต์
76,2026,67.0,ชาย,ไม่ระบุ,สูงเนิน,นครราชสีมา,1/2/2026,นากลาง,สูงเนิน,นครราชสีมา,,,V892,รถจักรยานยนต์
77,2026,43.0,ชาย,ไม่ระบุ,เมืองสุโขทัย,สุโขทัย,18/2/2026,ปากแคว,เมืองสุโขทัย,สุโขทัย,,,V892,รถยนต์
78,2026,36.0,หญิง,ไม่ระบุ,ชะอำ,เพชรบุรี,9/3/2026,ท่ายาง,ท่ายาง,เพชรบุรี,,,V892,รถยนต์
79,2026,25.0,ชาย,ไม่ระบุ,สิเกา,ตรัง,1/1/2026,นาโต๊ะหมิง,เมืองตรัง,ตรัง,,,Y349,รถจักรยานยนต์
80,2026,39.0,ชาย,ไม่ระบุ,เมืองนครปฐม,นครปฐม,25/1/2026,ป่าหวาย,สวนผึ้ง,ราชบุรี,99.45886742,13.56582349,V892,รถจักรยานยนต์
81,2026,28.0,ชาย,ไม่ระบุ,เมืองชุมพร,ชุมพร,21/2/2026,นาทุ่ง,เมืองชุมพร,ชุมพร,99.210387,10.492394,V892,รถจักรยานยนต์
82,2026,74.0,ชาย,ไม่ระบุ,อินทร์บุรี,สิงห์บุรี,25/2/2026,ป่าโมก,ป่าโมก,อ่างทอง,,,Y349,รถจักรยาน
83,2026,23.0,ชาย,ไม่ระบุ,ศรีสัชนาลัย,สุโขทัย,23/2/2026,หาดเสี้ยว,ศรีสัชนาลัย,สุโขทัย,,,V892,รถจักรยานยนต์
84,2026,60.0,ชาย,ไม่ระบุ,น้ำโสม,อุดรธานี,18/3/2026,หนองแวง,น้ำโสม,อุดรธานี,,,V099,คนเดินเท้า
85,2026,20.0,ชาย,ไม่ระบุ,พระโขนง,กรุงเทพมหานคร,1/1/2026,อนุสาวรีย์,เขตบางเขน,กรุงเทพมหานคร,,,V294,รถจักรยานยนต์
86,2026,46.0,หญิง,ไม่ระบุ,เทพา,สงขลา,5/2/2026,ลำไพล,เทพา,สงขลา,,,V039,คนเดินเท้า
87,2026,68.0,ชาย,ไม่ระบุ,วัดโบสถ์,พิษณุโลก,23/2/2026,บ้านยาง,วัดโบสถ์,พิษณุโลก,,,V892,รถจักรยานยนต์
88,2026,87.0,ชาย,ไม่ระบุ,พรหมพิราม,พิษณุโลก,15/2/2026,พรหมพิราม,พรหมพิราม,พิษณุโลก,,,V039,คนเดินเท้า
89,2026,79.0,ชาย,ไม่ระบุ,พัฒนานิคม,ลพบุรี,14/2/2026,หนองบัว,พัฒนานิคม,ลพบุรี,,,V892,รถจักรยานยนต์
90,2026,22.0,ชาย,ไม่ระบุ,ท่ามะกา,กาญจนบุรี,14/1/2026,เขาสามสิบหาบ,ท่ามะกา,กาญจนบุรี,99.7233282,13.88381808,V892,รถจักรยานยนต์
91,2026,14.0,ชาย,ไม่ระบุ,ปะคำ,บุรีรัมย์,8/2/2026,ปะคำ,ปะคำ,บุรีรัมย์,102.7353913,14.4877267,V892,รถจักรยานยนต์
92,2026,70.0,หญิง,ไม่ระบุ,เดชอุดม,อุบลราชธานี,29/1/2026,เมืองเดช,เดชอุดม,อุบลราชธานี,,,V892,รถจักรยานยนต์
93,2026,32.0,ชาย,ไม่ระบุ,สองพี่น้อง,สุพรรณบุรี,19/1/2026,พังตรุ,พนมทวน,กาญจนบุรี,,,V892,รถจักรยานยนต์
94,2026,57.0,หญิง,ไม่ระบุ,บาเจาะ,นราธิวาส,2/1/2026,กาเยาะมาตี,บาเจาะ,นราธิวาส,,,V234,รถจักรยานยนต์
95,2026,19.0,ชาย,ไม่ระบุ,เมืองพิจิตร,พิจิตร,12/2/2026,สายคำโห้,เมืองพิจิตร,พิจิตร,100.4323692,16.4187811,V892,รถจักรยานยนต์
96,2026,40.0,ชาย,ไม่ระบุ,เขตประเวศ,กรุงเทพมหานคร,25/1/2026,ดอกไม้,เขตประเวศ,กรุงเทพมหานคร,,,Y349,รถจักรยานยนต์
97,2026,43.0,ชาย,ไม่ระบุ,เขตประเวศ,กรุงเทพมหานคร,25/1/2026,หนองบอน,เขตประเวศ,กรุงเทพมหานคร,,,X599,รถจักรยานยนต์
98,2026,37.0,ชาย,ไม่ระบุ,ท่ามะกา,กาญจนบุรี,1/1/2026,พระแท่น,ท่ามะกา,กาญจนบุรี,,,V892,รถยนต์
99,2026,28.0,ชาย,ไม่ระบุ,ภูกระดึง,เลย,4/3/2026,ศรีสงคราม,วังสะพุง,เลย,,,Y349,รถยนต์
100,2026,54.0,ชาย,ไม่ระบุ,ภูหลวง,เลย,25/3/2026,ภูหอ,ภูหลวง,เลย,,,V892,รถยนต์
101,2026,47.0,ชาย,ไม่ระบุ,วิเศษชัยชาญ,อ่างทอง,29/1/2026,สาวร้องไห้,วิเศษชัยชาญ,อ่างทอง,,,Y349,รถจักรยานยนต์
102,2026,17.0,ชาย,ไม่ระบุ,สิเกา,ตรัง,14/2/2026,กะลาเส,สิเกา,ตรัง,99.3403014,7.7386237,Y349,รถจักรยานยนต์
103,2026,17.0,หญิง,ไม่ระบุ,เมืองพิจิตร,พิจิตร,12/2/2026,สายคำโห้,เมืองพิจิตร,พิจิตร,100.4323692,16.4187811,Y349,รถจักรยานยนต์
104,2026,68.0,ชาย,ไม่ระบุ,ชุมพลบุรี,สุรินทร์,24/2/2026,ศรีณรงค์,ชุมพลบุรี,สุรินทร์,,,V892,รถจักรยานยนต์
105,2026,15.0,ชาย,ไม่ระบุ,สิเกา,ตรัง,14/2/2026,กะลาเส,สิเกา,ตรัง,99.3403014,7.7386237,Y349,รถจักรยานยนต์
106,2026,17.0,ชาย,ไม่ระบุ,น้ำโสม,อุดรธานี,4/3/2026,น้ำโมง,ท่าบ่อ,หนองคาย,,,V892,รถจักรยานยนต์
107,2026,53.0,ชาย,ไม่ระบุ,ประโคนชัย,บุรีรัมย์,14/3/2026,หนองหัวแรด,หนองบุนนาก,นครราชสีมา,102.3521957,14.74591827,V234,รถจักรยานยนต์
108,2026,18.0,หญิง,ไม่ระบุ,กิ่งอำเภอพระทองคำ,นครราชสีมา,24/3/2026,สระพระ,กิ่งอำเภอพระทองคำ,นครราชสีมา,,,V892,รถจักรยานยนต์
109,2026,30.0,ชาย,ไม่ระบุ,กิ่งอำเภอเฝ้าไร่,หนองคาย,20/3/2026,นาดี,กิ่งอำเภอเฝ้าไร่,หนองคาย,,,V494,รถยนต์
110,2026,19.0,ชาย,ไม่ระบุ,บ้านผือ,อุดรธานี,4/3/2026,น้ำโมง,ท่าบ่อ,หนองคาย,,,V235,รถจักรยานยนต์
111,2026,40.0,ชาย,ไม่ระบุ,เมืองสระแก้ว,สระแก้ว,17/2/2026,ท่าแยก,เมืองสระแก้ว,สระแก้ว,102.1471486,13.92692269,V892,รถจักรยานยนต์
112,2026,20.0,หญิง,ไม่ระบุ,ยางตลาด,กาฬสินธุ์,7/3/2026,ตลาด,เมืองมหาสารคาม,มหาสารคาม,103.304284,16.183906,V892,รถจักรยานยนต์
113,2026,47.0,ชาย,ไม่ระบุ,กระสัง,บุรีรัมย์,17/2/2026,ท่าแยก,เมืองสระแก้ว,สระแก้ว,102.1471486,13.92692269,V892,รถจักรยานยนต์
114,2026,25.0,ชาย,ไม่ระบุ,บางบัวทอง,นนทบุรี,11/1/2026,สวนใหญ่,เมืองนนทบุรี,นนทบุรี,100.49557,13.843234,V892,รถจักรยานยนต์
115,2026,37.0,หญิง,ไม่ระบุ,บ้านม่วง,สกลนคร,5/2/2026,หนองกวั่ง,บ้านม่วง,สกลนคร,,,V892,รถจักรยานยนต์
116,2026,54.0,ชาย,ไม่ระบุ,นิคมคำสร้อย,มุกดาหาร,22/1/2026,ทรายมูล,ทรายมูล,ยโสธร,104.2365341,15.98395061,V499,รถยนต์
117,2026,64.0,ชาย,ไม่ระบุ,บรบือ,มหาสารคาม,2/3/2026,หนองจิก,บรบือ,มหาสารคาม,,,V234,รถจักรยานยนต์
118,2026,53.0,ชาย,ไม่ระบุ,กุดบาก,สกลนคร,17/1/2026,สามวาตะวันตก,เขตคลองสามวา,กรุงเทพมหานคร,100.692719,13.862118,Y349,รถจักรยานยนต์
119,2026,51.0,หญิง,ไม่ระบุ,คำเขื่อนแก้ว,ยโสธร,16/1/2026,ดงเจริญ,คำเขื่อนแก้ว,ยโสธร,,,Y349,รถยนต์
120,2026,46.0,ชาย,ไม่ระบุ,ลำทับ,กระบี่,11/3/2026,ดินอุดม,ลำทับ,กระบี่,,,X599,รถจักรยานยนต์
121,2026,38.0,ชาย,ไม่ระบุ,คำเขื่อนแก้ว,ยโสธร,16/1/2026,ดงเจริญ,คำเขื่อนแก้ว,ยโสธร,,,Y349,รถยนต์
122,2026,22.0,ชาย,ไม่ระบุ,สูงเนิน,นครราชสีมา,31/1/2026,สูงเนิน,สูงเนิน,นครราชสีมา,,,V299,รถจักรยานยนต์
123,2026,72.0,ชาย,ไม่ระบุ,พรรณานิคม,สกลนคร,14/2/2026,แร่,พังโคน,สกลนคร,,,V234,รถจักรยานยนต์
124,2026,29.0,ชาย,ไม่ระบุ,วานรนิวาส,สกลนคร,20/2/2026,ไฮหย่อง,พังโคน,สกลนคร,,,V234,รถจักรยานยนต์
125,2026,28.0,ชาย,ไม่ระบุ,พญาไท,กรุงเทพมหานคร,11/2/2026,บ่อทอง,หนองจิก,ปัตตานี,,,Y349,รถจักรยานยนต์
126,2026,66.0,ชาย,ไม่ระบุ,เมืองยะลา,ยะลา,5/2/2026,บ้านแหล,ธารโต,ยะลา,,,V892,ไม่ระบุพาหนะ
127,2026,51.0,ชาย,ไม่ระบุ,กันทรารมย์,ศรีสะเกษ,13/3/2026,ลำไทร,วังน้อย,พระนครศรีอยุธยา,,,V892,รถจักรยานยนต์
128,2026,55.0,ชาย,ไม่ระบุ,ขุนหาญ,ศรีสะเกษ,7/2/2026,โนนสูง,ขุนหาญ,ศรีสะเกษ,104.4148253,14.59897239,V892,รถจักรยานยนต์
129,2026,70.0,ชาย,ไม่ระบุ,กันทรารมย์,ศรีสะเกษ,31/1/2026,ดู่,กันทรารมย์,ศรีสะเกษ,104.497697,15.079432,V892,รถจักรยานยนต์
130,2026,33.0,ชาย,ไม่ระบุ,เมืองมหาสารคาม,มหาสารคาม,1/3/2026,ตลาด,เมืองมหาสารคาม,มหาสารคาม,103.261533,16.200255,V892,รถจักรยานยนต์
131,2026,32.0,หญิง,ไม่ระบุ,นาแก,นครพนม,18/2/2026,หนองฮี,ปลาปาก,นครพนม,104.614542,17.151285,V892,รถจักรยานยนต์
132,2026,41.0,ชาย,ไม่ระบุ,เมืองตราด,ตราด,10/1/2026,ท่าพริก,เมืองตราด,ตราด,,,Y349,รถจักรยานยนต์
133,2026,57.0,ชาย,ไม่ระบุ,บางเสาธง,สมุทรปราการ,25/1/2026,ศีรษะจรเข้ใหญ่,กิ่งอำเภอบางเสาธง,สมุทรปราการ,,,V892,รถจักรยานยนต์
134,2026,43.0,ชาย,ไม่ระบุ,บางเลน,นครปฐม,20/1/2026,น้ำรอบ,ลานสัก,อุทัยธานี,,,V499,รถยนต์
135,2026,28.0,ชาย,ไม่ระบุ,หนองพอก,ร้อยเอ็ด,16/3/2026,ชุมพร,หนองพอก,ร้อยเอ็ด,,,Y349,รถจักรยานยนต์
136,2026,25.0,ชาย,ไม่ระบุ,ทุ่งช้าง,น่าน,8/1/2026,และ,ทุ่งช้าง,น่าน,,,V299,รถจักรยานยนต์
137,2026,44.0,หญิง,ไม่ระบุ,โคกเจริญ,ลพบุรี,5/3/2026,ถนนใหญ่,เมืองลพบุรี,ลพบุรี,,,V892,รถจักรยานยนต์
138,2026,44.0,หญิง,ไม่ระบุ,แม่วาง,เชียงใหม่,2/2/2026,ดอนเปา,สันป่าตอง,เชียงใหม่,,,V892,รถยนต์
139,2026,25.0,ชาย,ไม่ระบุ,พิชัย,อุตรดิตถ์,18/3/2026,ศรีนคร,ศรีนคร,สุโขทัย,,,Y349,รถจักรยานยนต์
140,2026,18.0,ชาย,ไม่ระบุ,เฉลิมพระเกียรติ,น่าน,1/1/2026,ขุนน่าน,เฉลิมพระเกียรติ,น่าน,,,V239,รถจักรยานยนต์
141,2026,44.0,หญิง,ไม่ระบุ,เขมราฐ,อุบลราชธานี,1/2/2026,นาแวง,เขมราฐ,อุบลราชธานี,105.2693033,16.02974914,V892,รถจักรยานยนต์
142,2026,30.0,หญิง,ไม่ระบุ,องครักษ์,นครนายก,16/1/2026,ลำไทร,ลำลูกกา,ปทุมธานี,100.8423049,14.00271264,Y349,รถจักรยานยนต์
143,2026,61.0,ชาย,ไม่ระบุ,องครักษ์,นครนายก,14/1/2026,บึงศาล,องครักษ์,นครนายก,,,V892,รถจักรยานยนต์
144,2026,22.0,ชาย,ไม่ระบุ,ศรีบุญเรือง,หนองบัวลำภู,21/1/2026,นากอก,ศรีบุญเรือง,หนองบัวลำภู,102.200028,16.884219,V299,รถจักรยานยนต์
145,2026,78.0,ชาย,ไม่ระบุ,นาตาล,อุบลราชธานี,18/2/2026,พะลาน,กิ่งอำเภอนาตาล,อุบลราชธานี,,,Y349,รถจักรยานยนต์
146,2026,21.0,หญิง,ไม่ระบุ,สว่างแดนดิน,สกลนคร,6/3/2026,บ่อแก้ว,กิ่งอำเภอนาคู,กาฬสินธุ์,,,Y349,รถจักรยานยนต์
147,2026,55.0,ชาย,ไม่ระบุ,เมืองหนองบัวลำภู,หนองบัวลำภู,26/2/2026,ทุ่งสุขลา,บางละมุง,ชลบุรี,,,Y349,รถจักรยานยนต์
148,2026,34.0,ชาย,ไม่ระบุ,ท่าม่วง,กาญจนบุรี,17/1/2026,ท่าทราย,เมืองนนทบุรี,นนทบุรี,100.5119932,13.88515677,V892,รถจักรยานยนต์
149,2026,38.0,หญิง,ไม่ระบุ,หนองหญ้าปล้อง,เพชรบุรี,6/1/2026,ท่าตะคร้อ,หนองหญ้าปล้อง,เพชรบุรี,,,V892,รถจักรยานยนต์
150,2026,43.0,ชาย,ไม่ระบุ,สังขะ,สุรินทร์,14/3/2026,พระแก้ว,สังขะ,สุรินทร์,103.949205,14.665239,Y349,รถจักรยานยนต์
151,2026,36.0,ชาย,ไม่ระบุ,บางใหญ่,นนทบุรี,8/2/2026,สระพังลาน,อู่ทอง,สุพรรณบุรี,,,V892,รถจักรยานยนต์
152,2026,21.0,ชาย,ไม่ระบุ,กะเปอร์,ระนอง,30/3/2026,กะเปอร์,กะเปอร์,ระนอง,98.567168,9.583134,Y349,รถจักรยานยนต์
153,2026,36.0,ชาย,ไม่ระบุ,เมืองชุมพร,ชุมพร,1/3/2026,ทุ่งคา,เมืองชุมพร,ชุมพร,99.134547,10.387893,V244,รถจักรยานยนต์
154,2026,50.0,ชาย,ไม่ระบุ,ศรีประจันต์,สุพรรณบุรี,8/2/2026,ศรีประจันต์,ศรีประจันต์,สุพรรณบุรี,,,Y349,รถจักรยานยนต์
155,2026,69.0,หญิง,ไม่ระบุ,ศรีประจันต์,สุพรรณบุรี,8/2/2026,ศรีประจันต์,ศรีประจันต์,สุพรรณบุรี,,,V892,รถจักรยานยนต์
156,2026,24.0,หญิง,ไม่ระบุ,บ้านโฮ่ง,ลำพูน,7/2/2026,ป่าสัก,เมืองลำพูน,ลำพูน,,,V892,รถจักรยานยนต์
157,2026,33.0,ชาย,ไม่ระบุ,กบินทร์บุรี,ปราจีนบุรี,16/1/2026,ลำไทร,ลำลูกกา,ปทุมธานี,100.8423049,14.00271264,V892,รถจักรยานยนต์
158,2026,34.0,หญิง,ไม่ระบุ,เสนา,พระนครศรีอยุธยา,5/1/2026,แวงน้อย,แวงน้อย,ขอนแก่น,102.4177795,15.80391244,Y349,รถจักรยานยนต์
159,2026,22.0,ชาย,ไม่ระบุ,ป่าซาง,ลำพูน,7/2/2026,ป่าสัก,เมืองลำพูน,ลำพูน,,,V892,รถจักรยานยนต์
160,2026,74.0,หญิง,ไม่ระบุ,วานรนิวาส,สกลนคร,10/3/2026,นาซอ,วานรนิวาส,สกลนคร,,,V234,รถจักรยานยนต์
161,2026,67.0,ชาย,ไม่ระบุ,กุยบุรี,ประจวบคีรีขันธ์,6/1/2026,กุยบุรี,กุยบุรี,ประจวบคีรีขันธ์,,,Y349,รถจักรยานยนต์
162,2026,26.0,ชาย,ไม่ระบุ,กันทรลักษ์,ศรีสะเกษ,24/3/2026,เมือง,กันทรลักษ์,ศรีสะเกษ,,,V892,รถจักรยานยนต์
163,2026,19.0,หญิง,ไม่ระบุ,สองพี่น้อง,สุพรรณบุรี,20/2/2026,กำแพงแสน,กำแพงแสน,นครปฐม,,,V892,รถจักรยานยนต์
164,2026,36.0,หญิง,ไม่ระบุ,หล่มเก่า,เพชรบูรณ์,25/3/2026,ภูหอ,ภูหลวง,เลย,,,V892,รถยนต์
165,2026,34.0,หญิง,ไม่ระบุ,คง,นครราชสีมา,19/1/2026,ตาจั่น,คง,นครราชสีมา,,,Y349,รถจักรยานยนต์
166,2026,62.0,ชาย,ไม่ระบุ,ศรีรัตนะ,ศรีสะเกษ,11/3/2026,ศรีแก้ว,ศรีรัตนะ,ศรีสะเกษ,,,V892,ไม่ระบุพาหนะ
167,2026,72.0,ชาย,ไม่ระบุ,ปางมะผ้า,แม่ฮ่องสอน,6/1/2026,นาปู่ป้อม,ปางมะผ้า,แม่ฮ่องสอน,,,V499,รถยนต์
168,2026,40.0,หญิง,ไม่ระบุ,เมืองนครพนม,นครพนม,24/3/2026,นาทราย,เมืองนครพนม,นครพนม,104.685576,17.396116,V892,รถจักรยานยนต์
169,2026,74.0,ชาย,ไม่ระบุ,เมืองนครสวรรค์,นครสวรรค์,18/1/2026,ปากน้ำโพ,เมืองนครสวรรค์,นครสวรรค์,,,V892,รถจักรยานยนต์
170,2026,64.0,ชาย,ไม่ระบุ,สามเงา,ตาก,28/2/2026,วังจันทร์,สามเงา,ตาก,,,Y349,รถบรรทุกขนาดเล็ก/รถตู้
171,2026,29.0,หญิง,ไม่ระบุ,เดิมบางนางบวช,สุพรรณบุรี,19/1/2026,หนองกรด,เมืองนครสวรรค์,นครสวรรค์,100.0569259,15.7183941,V892,รถจักรยานยนต์
172,2026,24.0,หญิง,ไม่ระบุ,ตะพานหิน,พิจิตร,20/2/2026,วังสำโรง,ตะพานหิน,พิจิตร,100.318688,16.246286,Y349,รถจักรยานยนต์
173,2026,80.0,ชาย,ไม่ระบุ,สว่างวีระวงศ์,อุบลราชธานี,31/3/2026,สว่าง,กิ่งอำเภอสว่างวีระวงศ์,อุบลราชธานี,,,V892,รถจักรยานยนต์
174,2026,68.0,หญิง,ไม่ระบุ,วังสะพุง,เลย,12/1/2026,ผาน้อย,วังสะพุง,เลย,,,Y349,รถจักรยานยนต์
175,2026,2.0,หญิง,ไม่ระบุ,เมืองเพชรบูรณ์,เพชรบูรณ์,22/2/2026,วะตะแบก,เทพสถิต,ชัยภูมิ,,,V039,คนเดินเท้า
176,2026,19.0,หญิง,ไม่ระบุ,สูงเม่น,แพร่,10/2/2026,หัวฝาย,สูงเม่น,แพร่,,,V892,รถจักรยานยนต์
177,2026,14.0,ชาย,ไม่ระบุ,ควนกาหลง,สตูล,11/3/2026,ควนกาหลง,ควนกาหลง,สตูล,100.025395,6.933205,V099,คนเดินเท้า
178,2026,24.0,ชาย,ไม่ระบุ,สวนผึ้ง,ราชบุรี,2/3/2026,ตะนาวศรี,สวนผึ้ง,ราชบุรี,99.26471101,13.41163685,V892,รถจักรยานยนต์
179,2026,15.0,ชาย,ไม่ระบุ,วังน้ำเขียว,นครราชสีมา,15/1/2026,วังน้ำเขียว,วังน้ำเขียว,นครราชสีมา,,,Y349,รถจักรยานยนต์
180,2026,15.0,ชาย,ไม่ระบุ,วังน้ำเขียว,นครราชสีมา,15/1/2026,วังน้ำเขียว,วังน้ำเขียว,นครราชสีมา,,,Y349,รถจักรยานยนต์
181,2026,14.0,หญิง,ไม่ระบุ,พยุหะคีรี,นครสวรรค์,22/1/2026,นิคมเขาบ่อแก้ว,พยุหะคีรี,นครสวรรค์,100.27123,15.460443,V892,รถจักรยานยนต์
182,2026,32.0,หญิง,ไม่ระบุ,ศรีเมืองใหม่,อุบลราชธานี,4/3/2026,ห้วยไผ่,โขงเจียม,อุบลราชธานี,105.456549,15.391622,V892,รถจักรยานยนต์
183,2026,20.0,หญิง,ไม่ระบุ,พิมาย,นครราชสีมา,5/1/2026,อุดมทรัพย์,วังน้ำเขียว,นครราชสีมา,,,V892,รถบรรทุกขนาดเล็ก/รถตู้
184,2026,57.0,หญิง,ไม่ระบุ,หนองบุญนาก,นครราชสีมา,5/1/2026,อุดมทรัพย์,วังน้ำเขียว,นครราชสีมา,,,V892,รถบรรทุกขนาดเล็ก/รถตู้
185,2026,47.0,ชาย,ไม่ระบุ,นาจะหลวย,อุบลราชธานี,3/3/2026,นาจะหลวย,นาจะหลวย,อุบลราชธานี,,,V892,รถจักรยานยนต์
186,2026,65.0,ชาย,ไม่ระบุ,ลาดยาว,นครสวรรค์,10/1/2026,บ้านไร่,ลาดยาว,นครสวรรค์,,,V892,รถจักรยานยนต์
187,2026,48.0,หญิง,ไม่ระบุ,สำโรง,อุบลราชธานี,23/3/2026,ห้วยขะยุง,วารินชำราบ,อุบลราชธานี,104.711049,15.085619,V892,รถยนต์
188,2026,70.0,ชาย,ไม่ระบุ,ปัว,น่าน,2/2/2026,ปัว,ปัว,น่าน,,,V892,รถยนต์
189,2026,7.0,หญิง,ไม่ระบุ,เขาค้อ,เพชรบูรณ์,5/1/2026,เขาชายธง,ตากฟ้า,นครสวรรค์,,,Y349,รถบรรทุกขนาดเล็ก/รถตู้
190,2026,36.0,ชาย,ไม่ระบุ,เมืองชุมพร,ชุมพร,28/2/2026,วิสัยเหนือ,เมืองชุมพร,ชุมพร,,,Y349,รถจักรยานยนต์
191,2026,73.0,ชาย,ไม่ระบุ,ม่วงสามสิบ,อุบลราชธานี,4/3/2026,ม่วงสามสิบ,ม่วงสามสิบ,อุบลราชธานี,104.718726,15.506631,Y349,รถจักรยานยนต์
192,2026,52.0,ชาย,ไม่ระบุ,ท่ายาง,เพชรบุรี,22/2/2026,ท่ายาง,ท่ายาง,เพชรบุรี,,,V892,รถจักรยานยนต์
193,2026,56.0,ชาย,ไม่ระบุ,เมืองพิษณุโลก,พิษณุโลก,12/1/2026,ไผ่ขอดอน,เมืองพิษณุโลก,พิษณุโลก,,,V892,รถจักรยานยนต์
194,2026,62.0,ชาย,ไม่ระบุ,ท่ายาง,เพชรบุรี,27/2/2026,ท่ายาง,ท่ายาง,เพชรบุรี,,,V892,รถจักรยานยนต์
195,2026,27.0,ชาย,ไม่ระบุ,บ้านหมี่,ลพบุรี,13/1/2026,พุคา,บ้านหมี่,ลพบุรี,100.5923026,14.93993518,V892,รถจักรยานยนต์
196,2026,21.0,ชาย,ไม่ระบุ,พรานกระต่าย,กำแพงเพชร,18/1/2026,หนองคล้า,ไทรงาม,กำแพงเพชร,99.824555,16.468452,X599,รถจักรยานยนต์
197,2026,36.0,หญิง,ไม่ระบุ,เมืองนครสวรรค์,นครสวรรค์,23/3/2026,หนองปลิง,เมืองนครสวรรค์,นครสวรรค์,100.188342,15.652481,V892,รถจักรยานยนต์
198,2026,4.0,ชาย,ไม่ระบุ,เมืองนครสวรรค์,นครสวรรค์,23/3/2026,หนองปลิง,เมืองนครสวรรค์,นครสวรรค์,100.188342,15.652481,V892,รถจักรยานยนต์
199,2026,38.0,ชาย,ไม่ระบุ,เมืองนราธิวาส,นราธิวาส,28/3/2026,มอเลาะ,เมืองนราธิวาส,นราธิวาส,,,V892,รถจักรยานยนต์
200,2026,37.0,ชาย,ไม่ระบุ,ทุ่งครุ,กรุงเทพมหานคร,10/2/2026,หัวไทร,บางคล้า,ฉะเชิงเทรา,101.218379,13.806924,V274,รถจักรยานยนต์
201,2026,29.0,ชาย,ไม่ระบุ,อินทร์บุรี,สิงห์บุรี,28/1/2026,อินทร์บุรี,อินทร์บุรี,สิงห์บุรี,,,V892,รถยนต์
202,2026,23.0,หญิง,ไม่ระบุ,สังขะ,สุรินทร์,14/1/2026,หนองผือ,เมืองสรวง,ร้อยเอ็ด,,,V275,รถจักรยานยนต์
203,2026,19.0,หญิง,ไม่ระบุ,บ้านใหม่ไชยพจน์,บุรีรัมย์,14/1/2026,หนองเยือง,บ้านใหม่ไชยพจน์,บุรีรัมย์,,,V892,รถจักรยานยนต์
204,2026,41.0,ชาย,ไม่ระบุ,บางเขน,กรุงเทพมหานคร,20/2/2026,คลองถนน,เขตสายไหม,กรุงเทพมหานคร,100.6381881,13.8949818,V892,รถจักรยานยนต์
205,2026,60.0,หญิง,ไม่ระบุ,ป่าซาง,ลำพูน,6/3/2026,นครเจดีย์,ป่าซาง,ลำพูน,,,V892,รถจักรยานยนต์
206,2026,69.0,ชาย,ไม่ระบุ,อาจสามารถ,ร้อยเอ็ด,28/1/2026,บ้านแจ้ง,เมืองร้อยเอ็ด,ร้อยเอ็ด,,,V124,รถจักรยาน
207,2026,73.0,ชาย,ไม่ระบุ,ละหานทราย,บุรีรัมย์,23/1/2026,ทุ่งกระเต็น,หนองกี่,บุรีรัมย์,,,Y349,รถจักรยานยนต์
208,2026,67.0,หญิง,ไม่ระบุ,ละหานทราย,บุรีรัมย์,23/1/2026,ทุ่งกระเต็น,หนองกี่,บุรีรัมย์,,,V234,รถจักรยานยนต์
209,2026,31.0,หญิง,ไม่ระบุ,สองพี่น้อง,สุพรรณบุรี,17/3/2026,สองพี่น้อง,สองพี่น้อง,สุพรรณบุรี,,,V892,รถจักรยานยนต์
210,2026,48.0,หญิง,ไม่ระบุ,เมืองสุโขทัย,สุโขทัย,31/3/2026,บ้านกล้วย,เมืองสุโขทัย,สุโขทัย,99.800078,17.009768,Y349,รถจักรยานยนต์
211,2026,31.0,ชาย,ไม่ระบุ,ปะทิว,ชุมพร,4/1/2026,ชุมโค,ปะทิว,ชุมพร,,,V892,รถจักรยานยนต์
212,2026,46.0,หญิง,ไม่ระบุ,กะทู้,ภูเก็ต,1/2/2026,กมลา,กะทู้,ภูเก็ต,98.285263,7.94987,V892,รถจักรยานยนต์
213,2026,28.0,ชาย,ไม่ระบุ,วังม่วง,สระบุรี,10/1/2026,วังม่วง,วังม่วง,สระบุรี,,,V099,คนเดินเท้า
214,2026,55.0,หญิง,ไม่ระบุ,ไพศาลี,นครสวรรค์,18/2/2026,ท่าตะโก,ท่าตะโก,นครสวรรค์,,,V892,รถยนต์
215,2026,18.0,ชาย,ไม่ระบุ,ท่าลี่,เลย,23/2/2026,กกดู่,เมืองเลย,เลย,,,V299,รถจักรยานยนต์
216,2026,34.0,ชาย,ไม่ระบุ,เมืองอุบลราชธานี,อุบลราชธานี,9/1/2026,ตาเบา,ปราสาท,สุรินทร์,,,Y349,รถจักรยานยนต์
217,2026,66.0,ชาย,ไม่ระบุ,เขวาสินรินทร์,สุรินทร์,10/1/2026,เขวาสินรินทร์,กิ่งอำเภอเขวาสินรินทร์,สุรินทร์,,,V892,รถจักรยานยนต์
218,2026,70.0,หญิง,ไม่ระบุ,เมืองกำแพงเพชร,กำแพงเพชร,5/2/2026,หนองปลิง,เมืองกำแพงเพชร,กำแพงเพชร,99.48450264,16.56023169,V892,รถจักรยานยนต์
219,2026,37.0,หญิง,ไม่ระบุ,สามง่าม,พิจิตร,14/1/2026,เนินปอ,สามง่าม,พิจิตร,100.156967,16.414041,V892,รถจักรยานยนต์
220,2026,50.0,ชาย,ไม่ระบุ,เมืองกำแพงเพชร,กำแพงเพชร,14/2/2026,หนองปลิง,เมืองกำแพงเพชร,กำแพงเพชร,99.520101,16.575379,V892,รถจักรยานยนต์
221,2026,22.0,ชาย,ไม่ระบุ,เมืองนราธิวาส,นราธิวาส,17/1/2026,เบตง,เบตง,ยะลา,,,X599,รถจักรยานยนต์
222,2026,49.0,ชาย,ไม่ระบุ,โนนนารายณ์,สุรินทร์,15/1/2026,ระเวียง,เมืองสุรินทร์,สุรินทร์,,,V892,รถจักรยานยนต์
223,2026,24.0,ชาย,ไม่ระบุ,ชนแดน,เพชรบูรณ์,4/1/2026,ดงขุย,ชนแดน,เพชรบูรณ์,,,V892,รถจักรยานยนต์
224,2026,62.0,ชาย,ไม่ระบุ,บางละมุง,ชลบุรี,28/2/2026,หนองปรือ,บางละมุง,ชลบุรี,,,V892,รถจักรยานยนต์
225,2026,57.0,ชาย,ไม่ระบุ,ขุขันธ์,ศรีสะเกษ,3/1/2026,โสน,ขุขันธ์,ศรีสะเกษ,104.108745,14.653467,V892,รถจักรยานยนต์
226,2026,44.0,ชาย,ไม่ระบุ,ชุมแพ,ขอนแก่น,22/3/2026,ไชยสอ,ชุมแพ,ขอนแก่น,,,Y349,รถจักรยานยนต์
227,2026,20.0,ชาย,ไม่ระบุ,บ้านไผ่,ขอนแก่น,5/2/2026,คลองสาม,คลองหลวง,ปทุมธานี,,,Y349,รถจักรยานยนต์
228,2026,61.0,ชาย,ไม่ระบุ,หนองกี่,บุรีรัมย์,6/2/2026,หนองบุญนาก,หนองบุนนาก,นครราชสีมา,102.449417,14.668314,Y349,รถจักรยานยนต์
229,2026,38.0,ชาย,ไม่ระบุ,ซำสูง,ขอนแก่น,27/3/2026,ห้วยเตย,กิ่งอำเภอซำสูง,ขอนแก่น,,,Y349,รถจักรยานยนต์
230,2026,77.0,ชาย,ไม่ระบุ,วาปีปทุม,มหาสารคาม,13/2/2026,ดงใหญ่,วาปีปทุม,มหาสารคาม,,,V234,รถจักรยานยนต์
231,2026,81.0,หญิง,ไม่ระบุ,วังชิ้น,แพร่,5/2/2026,ลานหอย,บ้านด่านลานหอย,สุโขทัย,99.587321,16.921432,Y349,รถจักรยานยนต์
232,2026,58.0,หญิง,ไม่ระบุ,นาโยง,ตรัง,4/1/2026,นาข้าวเสีย,นาโยง,ตรัง,,,V099,คนเดินเท้า
233,2026,68.0,ชาย,ไม่ระบุ,ห้วยยอด,ตรัง,13/1/2026,วังมะปรางเหนือ,วังวิเศษ,ตรัง,,,Y349,รถจักรยานยนต์
234,2026,64.0,หญิง,ไม่ระบุ,ห้วยยอด,ตรัง,13/1/2026,วังมะปรางเหนือ,วังวิเศษ,ตรัง,,,Y349,รถจักรยานยนต์
235,2026,76.0,หญิง,ไม่ระบุ,ศรีนครินทร์,พัทลุง,3/1/2026,บ้านนา,กิ่งอำเภอศรีนครินทร์,พัทลุง,99.83420268,7.589620421,V099,คนเดินเท้า
236,2026,20.0,ชาย,ไม่ระบุ,เมืองพิษณุโลก,พิษณุโลก,3/2/2026,วัดจันทร์,เมืองพิษณุโลก,พิษณุโลก,,,V892,รถจักรยานยนต์
237,2026,68.0,ชาย,ไม่ระบุ,เหล่าเสือโก้ก,อุบลราชธานี,5/1/2026,เหล่าเสือโก้ก,กิ่งอำเภอเหล่าเสือโก้ก,อุบลราชธานี,,,Y349,รถยนต์
238,2026,19.0,ชาย,ไม่ระบุ,เมืองพิษณุโลก,พิษณุโลก,14/2/2026,ท่าทอง,เมืองพิษณุโลก,พิษณุโลก,,,V892,รถจักรยานยนต์
239,2026,46.0,ชาย,ไม่ระบุ,สุไหงปาดี,นราธิวาส,3/1/2026,ยามู,ยะหริ่ง,ปัตตานี,,,Y349,รถยนต์
240,2026,23.0,ชาย,ไม่ระบุ,หนองพอก,ร้อยเอ็ด,10/2/2026,นาเมือง,เสลภูมิ,ร้อยเอ็ด,,,V892,รถจักรยานยนต์
241,2026,62.0,ชาย,ไม่ระบุ,วารินชำราบ,อุบลราชธานี,13/1/2026,คำน้ำแชบ,วารินชำราบ,อุบลราชธานี,104.8133509,15.18644665,V892,รถจักรยานยนต์
242,2026,73.0,ชาย,ไม่ระบุ,วารินชำราบ,อุบลราชธานี,26/1/2026,ห้วยขะยุง,วารินชำราบ,อุบลราชธานี,,,V892,รถจักรยานยนต์
243,2026,44.0,ชาย,ไม่ระบุ,ท่ามะกา,กาญจนบุรี,14/1/2026,เขาสามสิบหาบ,ท่ามะกา,กาญจนบุรี,99.7233282,13.88381808,V892,รถจักรยานยนต์
244,2026,34.0,หญิง,ไม่ระบุ,ทองผาภูมิ,กาญจนบุรี,2/1/2026,ลิ่นถิ่น,ทองผาภูมิ,กาญจนบุรี,,,Y349,รถจักรยานยนต์
245,2026,17.0,ชาย,ไม่ระบุ,ท่าวุ้ง,ลพบุรี,5/2/2026,หนองเต่า,บ้านหมี่,ลพบุรี,100.5414264,14.97182886,V892,รถจักรยานยนต์
246,2026,70.0,ชาย,ไม่ระบุ,ท่าม่วง,กาญจนบุรี,10/1/2026,ท่าม่วง,ท่าม่วง,กาญจนบุรี,99.6346822,13.97357314,Y349,รถจักรยานยนต์
247,2026,24.0,ชาย,ไม่ระบุ,ผาขาว,เลย,14/3/2026,นาโป่ง,ผาขาว,เลย,101.695186,17.404926,V299,รถจักรยานยนต์
248,2026,22.0,ชาย,ไม่ระบุ,บ้านหมี่,ลพบุรี,29/1/2026,ป่าแดด,เมืองเชียงใหม่,เชียงใหม่,98.97212922,18.76078096,V892,รถจักรยานยนต์
249,2026,40.0,ชาย,ไม่ระบุ,ท่าตูม,สุรินทร์,13/2/2026,นาหนองไผ่,ชุมพลบุรี,สุรินทร์,,,V892,รถบรรทุกหนัก
250,2026,10.0,ชาย,ไม่ระบุ,วังวิเศษ,ตรัง,14/2/2026,กะลาเส,สิเกา,ตรัง,99.3403014,7.7386237,Y349,รถจักรยานยนต์
251,2026,77.0,หญิง,ไม่ระบุ,บ้านโฮ่ง,ลำพูน,4/1/2026,บ้านโฮ่ง,บ้านโฮ่ง,ลำพูน,,,V892,รถจักรยานยนต์
252,2026,56.0,ชาย,ไม่ระบุ,ลี้,ลำพูน,4/1/2026,บ้านโฮ่ง,บ้านโฮ่ง,ลำพูน,,,V892,รถจักรยานยนต์
253,2026,86.0,หญิง,ไม่ระบุ,สนม,สุรินทร์,6/2/2026,หัวงัว,เมืองสุรินทร์,สุรินทร์,103.8138958,15.12203617,V892,รถจักรยานยนต์
254,2026,66.0,ชาย,ไม่ระบุ,บรรพตพิสัย,นครสวรรค์,9/3/2026,เจริญผล,บรรพตพิสัย,นครสวรรค์,,,Y349,รถจักรยานยนต์
255,2026,25.0,ชาย,ไม่ระบุ,เมืองลำพูน,ลำพูน,20/1/2026,ริมปิง,เมืองลำพูน,ลำพูน,98.98567647,18.58781258,V892,รถจักรยานยนต์
256,2026,66.0,ชาย,ไม่ระบุ,สองพี่น้อง,สุพรรณบุรี,4/1/2026,บ่อสุพรรณ,สองพี่น้อง,สุพรรณบุรี,,,Y349,รถยนต์
257,2026,72.0,ชาย,ไม่ระบุ,เขวาสินรินทร์,สุรินทร์,14/2/2026,เขวาสินรินทร์,กิ่งอำเภอเขวาสินรินทร์,สุรินทร์,,,Y349,รถจักรยานยนต์
258,2026,40.0,ชาย,ไม่ระบุ,เมืองยโสธร,ยโสธร,28/1/2026,น้ำคำใหญ่,เมืองยโสธร,ยโสธร,104.161584,15.820276,V892,รถจักรยานยนต์
259,2026,12.0,ชาย,ไม่ระบุ,เมืองยโสธร,ยโสธร,27/1/2026,นาสะไมย์,เมืองยโสธร,ยโสธร,,,V892,ไม่ระบุพาหนะ
260,2026,13.0,ชาย,ไม่ระบุ,เมืองปาน,ลำปาง,10/1/2026,บ้านขอ,เมืองปาน,ลำปาง,,,V892,รถจักรยานยนต์
261,2026,17.0,หญิง,ไม่ระบุ,รัตนบุรี,สุรินทร์,1/2/2026,ไผ่,รัตนบุรี,สุรินทร์,,,Y349,รถจักรยานยนต์
262,2026,31.0,ชาย,ไม่ระบุ,ควนขนุน,พัทลุง,13/2/2026,ชะมวง,ควนขนุน,พัทลุง,,,V892,รถยนต์
263,2026,29.0,ชาย,ไม่ระบุ,บ้านกรวด,บุรีรัมย์,29/3/2026,เสิงสาง,เสิงสาง,นครราชสีมา,102.417798,14.42979,Y349,รถจักรยานยนต์
264,2026,13.0,ชาย,ไม่ระบุ,ทัพทัน,อุทัยธานี,21/3/2026,ตลุกดู่,ทัพทัน,อุทัยธานี,,,V239,รถจักรยานยนต์
265,2026,31.0,หญิง,ไม่ระบุ,ประทาย,นครราชสีมา,27/1/2026,ประทาย,ประทาย,นครราชสีมา,,,V892,รถจักรยานยนต์
266,2026,16.0,หญิง,ไม่ระบุ,เมืองเพชรบูรณ์,เพชรบูรณ์,26/2/2026,เข็กน้อย,เมืองเพชรบูรณ์,เพชรบูรณ์,,,V892,รถจักรยานยนต์
267,2026,3.0,ชาย,ไม่ระบุ,ชาติตระการ,พิษณุโลก,27/3/2026,เทพมงคล,ลาดบัวหลวง,พระนครศรีอยุธยา,,,Y349,รถบรรทุกขนาดเล็ก/รถตู้
268,2026,11.0,หญิง,ไม่ระบุ,ขุนหาญ,ศรีสะเกษ,25/2/2026,โพธิ์วงศ์,ขุนหาญ,ศรีสะเกษ,,,V892,รถจักรยานยนต์
269,2026,20.0,ชาย,ไม่ระบุ,พนมดงรัก,สุรินทร์,31/1/2026,ตาเบา,ปราสาท,สุรินทร์,103.4617727,14.6225564,V892,รถจักรยานยนต์
270,2026,66.0,ชาย,ไม่ระบุ,เมืองอุบลราชธานี,อุบลราชธานี,22/2/2026,เมืองคง,ราษีไศล,ศรีสะเกษ,104.153178,15.341279,Y349,รถจักรยานยนต์
271,2026,52.0,ชาย,ไม่ระบุ,วังหิน,ศรีสะเกษ,18/2/2026,ดวนใหญ่,วังหิน,ศรีสะเกษ,104.278193,14.941832,V892,รถจักรยานยนต์
272,2026,21.0,ชาย,ไม่ระบุ,จอมทอง,เชียงใหม่,20/2/2026,บ้านหลวง,จอมทอง,เชียงใหม่,,,V299,รถจักรยานยนต์
273,2026,68.0,หญิง,ไม่ระบุ,เมืองกำแพงเพชร,กำแพงเพชร,10/3/2026,วังทอง,เมืองกำแพงเพชร,กำแพงเพชร,99.436945,16.311542,V892,รถจักรยานยนต์
274,2026,55.0,หญิง,ไม่ระบุ,บ้านโป่ง,ราชบุรี,5/2/2026,บ้านโป่ง,บ้านโป่ง,ราชบุรี,,,X599,รถจักรยานยนต์
275,2026,14.0,ชาย,ไม่ระบุ,โพนทอง,ร้อยเอ็ด,3/3/2026,ดงลิง,เมืองกาฬสินธุ์,กาฬสินธุ์,103.65753,16.259414,V274,รถจักรยานยนต์
276,2026,23.0,ชาย,ไม่ระบุ,เมืองฉะเชิงเทรา,ฉะเชิงเทรา,27/1/2026,ลาดขวาง,บ้านโพธิ์,ฉะเชิงเทรา,101.026886,13.61394,V892,รถจักรยานยนต์
277,2026,33.0,ชาย,ไม่ระบุ,สอง,แพร่,18/1/2026,บ้านกลาง,สอง,แพร่,100.1312939,18.5114135,V892,รถจักรยานยนต์
278,2026,51.0,ชาย,ไม่ระบุ,นางรอง,บุรีรัมย์,8/3/2026,หนองยายพิมพ์,นางรอง,บุรีรัมย์,,,V892,รถยนต์
279,2026,17.0,ชาย,ไม่ระบุ,บางบ่อ,สมุทรปราการ,4/1/2026,บางเสาธง,กิ่งอำเภอบางเสาธง,สมุทรปราการ,,,V892,รถจักรยานยนต์
280,2026,22.0,ชาย,ไม่ระบุ,ชุมแพ,ขอนแก่น,22/1/2026,หัวเมือง,สอง,แพร่,,,V892,รถจักรยานยนต์
281,2026,28.0,ชาย,ไม่ระบุ,หนองบุญนาก,นครราชสีมา,10/3/2026,ทุ่งกระตาดพัฒนา,หนองกี่,บุรีรัมย์,,,V649,รถบรรทุกหนัก
282,2026,51.0,ชาย,ไม่ระบุ,พุทไธสง,บุรีรัมย์,2/3/2026,พุทไธสง,พุทไธสง,บุรีรัมย์,,,V299,รถจักรยานยนต์
283,2026,22.0,ชาย,ไม่ระบุ,วังสะพุง,เลย,28/1/2026,ปากปวน,วังสะพุง,เลย,,,V892,รถจักรยานยนต์
284,2026,57.0,ชาย,ไม่ระบุ,เมืองหนองคาย,หนองคาย,29/1/2026,สระใคร,กิ่งอำเภอสระใคร,หนองคาย,,,V892,รถจักรยานยนต์
285,2026,26.0,หญิง,ไม่ระบุ,นาทวี,สงขลา,18/1/2026,ราษฎร์นิยม,ไทรน้อย,นนทบุรี,100.312284,14.025748,V892,รถจักรยานยนต์
286,2026,46.0,หญิง,ไม่ระบุ,เมืองพิษณุโลก,พิษณุโลก,7/3/2026,ท่าโพธิ์,เมืองพิษณุโลก,พิษณุโลก,,,V892,รถจักรยานยนต์
287,2026,64.0,ชาย,ไม่ระบุ,นางรอง,บุรีรัมย์,12/3/2026,นางรอง,นางรอง,บุรีรัมย์,102.793579,14.6332,Y349,รถจักรยานยนต์
288,2026,36.0,ชาย,ไม่ระบุ,เมืองพิษณุโลก,พิษณุโลก,29/3/2026,บึงพระ,เมืองพิษณุโลก,พิษณุโลก,100.264109,16.768295,V892,รถจักรยานยนต์
289,2026,58.0,ชาย,ไม่ระบุ,ห้วยเม็ก,กาฬสินธุ์,21/3/2026,ห้วยเม็ก,เมืองกาฬสินธุ์,กาฬสินธุ์,103.222077,16.581577,V579,รถบรรทุกขนาดเล็ก/รถตู้
290,2026,55.0,ชาย,ไม่ระบุ,นากลาง,หนองบัวลำภู,11/1/2026,กุดดินจี่,นากลาง,หนองบัวลำภู,,,V892,รถจักรยานยนต์
291,2026,33.0,ชาย,ไม่ระบุ,ศรีบุญเรือง,หนองบัวลำภู,22/2/2026,ศรีบุญเรือง,ศรีบุญเรือง,หนองบัวลำภู,102.174708,16.889065,Y349,รถจักรยานยนต์
292,2026,45.0,ชาย,ไม่ระบุ,เขมราฐ,อุบลราชธานี,18/2/2026,พังเคน,เขมราฐ,อุบลราชธานี,,,V892,รถจักรยานยนต์
293,2026,37.0,หญิง,ไม่ระบุ,อู่ทอง,สุพรรณบุรี,17/1/2026,ท่าทราย,เมืองนนทบุรี,นนทบุรี,100.5119932,13.88515677,V892,รถจักรยานยนต์
294,2026,30.0,ชาย,ไม่ระบุ,ชุมแพ,ขอนแก่น,17/1/2026,ชุมแพ,ชุมแพ,ขอนแก่น,,,V294,รถจักรยานยนต์
295,2026,14.0,ชาย,ไม่ระบุ,ร่องคำ,กาฬสินธุ์,3/3/2026,ดงลิง,กมลาไสย,กาฬสินธุ์,103.65753,16.259414,V892,รถจักรยานยนต์
296,2026,63.0,ชาย,ไม่ระบุ,กระบุรี,ระนอง,4/3/2026,วังใหม่,เมืองชุมพร,ชุมพร,,,Y349,รถจักรยานยนต์
297,2026,54.0,ชาย,ไม่ระบุ,ตระการพืชผล,อุบลราชธานี,18/2/2026,ไหล่ทุ่ง,เมืองอุบลราชธานี,อุบลราชธานี,104.976379,15.601359,V892,รถจักรยานยนต์
298,2026,29.0,ชาย,ไม่ระบุ,ไชยวาน,อุดรธานี,29/3/2026,หนองซ้ำซาก,บ้านบึง,ชลบุรี,,,V892,รถจักรยานยนต์
299,2026,64.0,ชาย,ไม่ระบุ,เมืองเพชรบูรณ์,เพชรบูรณ์,8/3/2026,ระวิง,เมืองเพชรบูรณ์,เพชรบูรณ์,101.126564,16.133884,V892,รถจักรยานยนต์
300,2026,12.0,ชาย,ไม่ระบุ,ครบุรี,นครราชสีมา,1/1/2026,โคกกระชาย,ครบุรี,นครราชสีมา,,,Y349,รถจักรยานยนต์
301,2026,13.0,ชาย,ไม่ระบุ,ครบุรี,นครราชสีมา,1/1/2026,โคกกระชาย,ครบุรี,นครราชสีมา,,,V892,รถจักรยานยนต์
302,2026,67.0,หญิง,ไม่ระบุ,หล่มเก่า,เพชรบูรณ์,4/3/2026,วังบาล,หล่มเก่า,เพชรบูรณ์,101.159767,16.91887,V299,รถจักรยานยนต์
303,2026,20.0,ชาย,ไม่ระบุ,สองพี่น้อง,สุพรรณบุรี,20/2/2026,กำแพงแสน,กำแพงแสน,นครปฐม,,,V892,รถจักรยานยนต์
304,2026,15.0,ชาย,ไม่ระบุ,ภูพาน,สกลนคร,5/3/2026,โคกภู,ภูพาน,สกลนคร,103.889531,17.013333,V299,รถจักรยานยนต์
305,2026,16.0,ชาย,ไม่ระบุ,โพธิ์ศรีสุวรรณ,ศรีสะเกษ,7/3/2026,อีเซ,กิ่งอำเภอโพธิ์ศรีสุวรรณ,ศรีสะเกษ,104.015185,15.268775,V892,รถจักรยานยนต์
306,2026,67.0,หญิง,ไม่ระบุ,ปางมะผ้า,แม่ฮ่องสอน,6/1/2026,นาปู่ป้อม,ปางมะผ้า,แม่ฮ่องสอน,,,V499,รถยนต์
307,2026,31.0,หญิง,ไม่ระบุ,นครชัยศรี,นครปฐม,1/2/2026,คลองใหม่,สามพราน,นครปฐม,,,V892,รถจักรยานยนต์
308,2026,70.0,หญิง,ไม่ระบุ,โนนสูง,นครราชสีมา,25/1/2026,พลสงคราม,โนนสูง,นครราชสีมา,,,V892,รถจักรยานยนต์
309,2026,24.0,ชาย,ไม่ระบุ,กุดจับ,อุดรธานี,21/1/2026,ปะโค,กุดจับ,อุดรธานี,,,Y349,รถจักรยานยนต์
310,2026,45.0,ชาย,ไม่ระบุ,กุดชุม,ยโสธร,24/2/2026,โนนเปือย,กุดชุม,ยโสธร,,,V892,รถยนต์
311,2026,24.0,ชาย,ไม่ระบุ,บ้านด่านลานหอย,สุโขทัย,28/2/2026,หนองกรด,เมืองนครสวรรค์,นครสวรรค์,100.0500454,15.72211363,V892,รถจักรยานยนต์
312,2026,12.0,ชาย,ไม่ระบุ,หนองวัวซอ,อุดรธานี,24/1/2026,หนองวัวซอ,หนองวัวซอ,อุดรธานี,,,Y349,รถจักรยานยนต์
313,2026,64.0,ชาย,ไม่ระบุ,ดงหลวง,มุกดาหาร,10/1/2026,กกตูม,ดงหลวง,มุกดาหาร,,,Y349,รถจักรยานยนต์
314,2026,54.0,ชาย,ไม่ระบุ,คีรีมาศ,สุโขทัย,18/3/2026,ท่าโพธิ์,เมืองพิษณุโลก,พิษณุโลก,100.1725721,16.77356571,V892,รถจักรยานยนต์
315,2026,57.0,ชาย,ไม่ระบุ,เมืองศรีสะเกษ,ศรีสะเกษ,22/3/2026,เมืองใต้,เมืองศรีสะเกษ,ศรีสะเกษ,104.335435,15.096411,V892,รถจักรยานยนต์
316,2026,14.0,ชาย,ไม่ระบุ,วังชิ้น,แพร่,13/2/2026,ป่าสัก,เมืองแพร่,แพร่,,,V892,รถจักรยานยนต์
317,2026,81.0,ชาย,ไม่ระบุ,เมืองตรัง,ตรัง,23/3/2026,นาท่ามใต้,เมืองตรัง,ตรัง,,,X599,รถจักรยานยนต์
318,2026,66.0,ชาย,ไม่ระบุ,ควนขนุน,พัทลุง,8/3/2026,ทะเลน้อย,ควนขนุน,พัทลุง,,,V499,รถยนต์
319,2026,79.0,หญิง,ไม่ระบุ,คลองสาน,กรุงเทพมหานคร,8/2/2026,บางลำภูล่าง,เขตภาษีเจริญ,กรุงเทพมหานคร,,,Y349,รถจักรยานยนต์
320,2026,25.0,ชาย,ไม่ระบุ,ท่าม่วง,กาญจนบุรี,1/3/2026,ท่าม่วง,ท่าม่วง,กาญจนบุรี,,,V892,รถจักรยานยนต์
321,2026,39.0,ชาย,ไม่ระบุ,เมืองนราธิวาส,นราธิวาส,17/3/2026,ตันหยงมัส,เมืองนราธิวาส,นราธิวาส,,,V892,รถจักรยานยนต์
322,2026,24.0,ชาย,ไม่ระบุ,ท่ามะกา,กาญจนบุรี,15/3/2026,ท่าม่วง,เมืองกาญจนบุรี,กาญจนบุรี,99.634985,13.973601,V892,รถจักรยานยนต์
323,2026,22.0,ชาย,ไม่ระบุ,บ้านค่าย,ระยอง,9/3/2026,หนองบัว,เมืองระยอง,ระยอง,,,V892,รถจักรยานยนต์
324,2026,66.0,ชาย,ไม่ระบุ,กุดจับ,อุดรธานี,4/2/2026,สร้างก่อ,กุดจับ,อุดรธานี,,,Y349,รถจักรยานยนต์
325,2026,67.0,หญิง,ไม่ระบุ,โกรกพระ,นครสวรรค์,7/2/2026,ยางตาล,เมืองนครสวรรค์,นครสวรรค์,100.124115,15.585796,V892,รถจักรยานยนต์
326,2026,55.0,ชาย,ไม่ระบุ,แก้งคร้อ,ชัยภูมิ,19/3/2026,บ้านแก้ง,แก้งคร้อ,ชัยภูมิ,,,V892,รถจักรยานยนต์
327,2026,65.0,หญิง,ไม่ระบุ,วังทอง,พิษณุโลก,24/1/2026,วังทอง,เมืองพิษณุโลก,พิษณุโลก,100.432511,16.698989,V892,รถจักรยานยนต์
328,2026,71.0,ชาย,ไม่ระบุ,เมืองพิษณุโลก,พิษณุโลก,12/1/2026,พลายชุมพล,เมืองพิษณุโลก,พิษณุโลก,100.2310989,16.8432287,V892,รถจักรยานยนต์
329,2026,31.0,ชาย,ไม่ระบุ,สะเดา,สงขลา,19/1/2026,ท่าช้าง,บางกล่ำ,สงขลา,,,Y349,รถจักรยานยนต์
330,2026,35.0,ชาย,ไม่ระบุ,นาแห้ว,เลย,13/2/2026,นาแห้ว,นาแห้ว,เลย,,,V039,คนเดินเท้า
331,2026,57.0,ชาย,ไม่ระบุ,ร้องกวาง,แพร่,2/3/2026,ทุ้งน้าว,สอง,แพร่,100.1951385,18.38913764,V892,รถยนต์
332,2026,72.0,ชาย,ไม่ระบุ,เมืองแพร่,แพร่,23/3/2026,เตาปูน,เมืองแพร่,แพร่,,,V892,รถจักรยานยนต์
333,2026,44.0,ชาย,ไม่ระบุ,หล่มสัก,เพชรบูรณ์,18/1/2026,หนองไขว่,หล่มสัก,เพชรบูรณ์,,,V429,รถยนต์
334,2026,21.0,ชาย,ไม่ระบุ,กุฉินารายณ์,กาฬสินธุ์,7/1/2026,เสม็ด,เมืองชลบุรี,ชลบุรี,,,Y349,รถจักรยานยนต์
335,2026,16.0,ชาย,ไม่ระบุ,เมืองสุราษฎร์ธานี,สุราษฎร์ธานี,15/2/2026,มะขามเตี้ย,เมืองสุราษฎร์ธานี,สุราษฎร์ธานี,,,V892,รถจักรยานยนต์
336,2026,15.0,ชาย,ไม่ระบุ,เมืองสุราษฎร์ธานี,สุราษฎร์ธานี,15/2/2026,มะขามเตี้ย,เมืองสุราษฎร์ธานี,สุราษฎร์ธานี,,,V892,รถจักรยานยนต์
337,2026,60.0,ชาย,ไม่ระบุ,หนองหญ้าปล้อง,เพชรบุรี,4/3/2026,ท่าตะคร้อ,หนองหญ้าปล้อง,เพชรบุรี,99.71440013,13.11002319,V892,รถจักรยานยนต์
338,2026,70.0,ชาย,ไม่ระบุ,เมืองสุโขทัย,สุโขทัย,19/2/2026,ยางซ้าย,เมืองสุโขทัย,สุโขทัย,99.83734167,16.996955,X599,รถจักรยานยนต์
339,2026,55.0,หญิง,ไม่ระบุ,หนองวัวซอ,อุดรธานี,24/1/2026,แม่แฝกใหม่,สันทราย,เชียงใหม่,,,V892,รถยนต์
340,2026,31.0,ชาย,ไม่ระบุ,พาน,เชียงราย,1/3/2026,ดอยลาน,เมืองเชียงราย,เชียงราย,99.907366,19.67934,V892,รถจักรยานยนต์
341,2026,16.0,หญิง,ไม่ระบุ,ทับคล้อ,พิจิตร,3/2/2026,ทับคล้อ,เมืองพิจิตร,พิจิตร,,,V892,รถจักรยานยนต์
342,2026,41.0,ชาย,ไม่ระบุ,วังวิเศษ,ตรัง,17/2/2026,วังมะปราง,เมืองตรัง,ตรัง,,,V299,รถจักรยานยนต์
343,2026,28.0,ชาย,ไม่ระบุ,บรบือ,มหาสารคาม,29/3/2026,บ่อใหญ่,บรบือ,มหาสารคาม,103.185946,16.1101,Y349,รถจักรยานยนต์
344,2026,49.0,ชาย,ไม่ระบุ,เมืองนครปฐม,นครปฐม,1/1/2026,กำแพงแสน,กำแพงแสน,นครปฐม,,,V892,รถจักรยานยนต์
345,2026,31.0,ชาย,ไม่ระบุ,เมืองบึงกาฬ,บึงกาฬ,10/1/2026,ท่ากกแดง,เซกา,บึงกาฬ,,,V892,รถยนต์
346,2026,65.0,ชาย,ไม่ระบุ,นาน้อย,น่าน,4/1/2026,ศรีสะเกษ,เมืองน่าน,น่าน,,,V892,รถจักรยานยนต์
347,2026,77.0,ชาย,ไม่ระบุ,เมืองอุบลราชธานี,อุบลราชธานี,5/2/2026,ก่อเอ้,เขื่องใน,อุบลราชธานี,,,X599,รถบรรทุกขนาดเล็ก/รถตู้
348,2026,16.0,ชาย,ไม่ระบุ,ทุ่งศรีอุดม,อุบลราชธานี,13/2/2026,นาเจริญ,เดชอุดม,อุบลราชธานี,,,V892,รถจักรยานยนต์
349,2026,67.0,หญิง,ไม่ระบุ,สารภี,เชียงใหม่,16/2/2026,ป่าแดด,เมืองเชียงใหม่,เชียงใหม่,98.980317,18.73931,V892,รถจักรยานยนต์
350,2026,49.0,ชาย,ไม่ระบุ,เมืองลำพูน,ลำพูน,13/2/2026,อุโมงค์,เมืองลำพูน,ลำพูน,,,V892,รถจักรยานยนต์
351,2026,34.0,ชาย,ไม่ระบุ,เมืองลพบุรี,ลพบุรี,23/2/2026,ตาคลี,เมืองนครสวรรค์,นครสวรรค์,100.3864129,15.2994282,V892,รถจักรยานยนต์
352,2026,17.0,ชาย,ไม่ระบุ,คง,นครราชสีมา,15/1/2026,หนองมะนาว,โนนสูง,นครราชสีมา,,,Y349,รถจักรยานยนต์
353,2026,81.0,หญิง,ไม่ระบุ,เมืองนครสวรรค์,นครสวรรค์,29/1/2026,หนองกระโดน,เมืองนครสวรรค์,นครสวรรค์,100.1074675,15.6909534,V892,รถจักรยานยนต์
354,2026,63.0,หญิง,ไม่ระบุ,เมืองนครสวรรค์,นครสวรรค์,17/1/2026,แควใหญ่,เมืองนครสวรรค์,นครสวรรค์,,,V892,รถจักรยานยนต์
355,2026,68.0,ชาย,ไม่ระบุ,เวียงสระ,สุราษฎร์ธานี,31/1/2026,บ้านส้อง,เวียงสระ,สุราษฎร์ธานี,99.419886,8.635758,V892,รถจักรยานยนต์
356,2026,35.0,ชาย,ไม่ระบุ,น้ำโสม,อุดรธานี,25/1/2026,หนองแวง,น้ำโสม,อุดรธานี,,,V239,รถจักรยานยนต์
357,2026,14.0,ชาย,ไม่ระบุ,ท่าฉาง,สุราษฎร์ธานี,2/1/2026,ท่าเคย,ท่าฉาง,สุราษฎร์ธานี,,,V892,รถจักรยานยนต์
358,2026,14.0,ชาย,ไม่ระบุ,กันทรลักษ์,ศรีสะเกษ,22/1/2026,ละลาย,กันทรลักษ์,ศรีสะเกษ,104.53909,14.459548,V892,รถจักรยานยนต์
359,2026,54.0,ชาย,ไม่ระบุ,เมืองลำพูน,ลำพูน,8/1/2026,มะเขือแจ้,เมืองลำพูน,ลำพูน,,,V892,รถจักรยานยนต์
360,2026,66.0,หญิง,ไม่ระบุ,สามเงา,ตาก,1/3/2026,วังจันทร์,สามเงา,ตาก,,,Y349,รถบรรทุกขนาดเล็ก/รถตู้
361,2026,51.0,ชาย,ไม่ระบุ,แม่ออน,เชียงใหม่,8/2/2026,แม่ทา,กิ่งอำเภอแม่ออน,เชียงใหม่,,,V892,ไม่ระบุพาหนะ
362,2026,21.0,ชาย,Thai,เมืองอุดรธานี,อุดรธานี,15/1/2026,บ้านเลื่อม,เมืองอุดรธานี,อุดรธานี,,,Y349,รถจักรยานยนต์
363,2026,7.0,ชาย,Thai,มหาราช,พระนครศรีอยุธยา,28/2/2026,บ้านรี,เมืองอ่างทอง,อ่างทอง,100.483141,14.59785498,V892,รถจักรยานยนต์
364,2026,53.0,ชาย,Thai,ลับแล,อุตรดิตถ์,11/2/2026,เนินสว่าง,โพธิ์ประทับช้าง,พิจิตร,,,V892,ไม่ระบุพาหนะ
365,2026,21.0,ชาย,Thai,นาหว้า,นครพนม,3/3/2026,ธาตุเชิงชุม,เมืองสกลนคร,สกลนคร,104.142791,17.165642,V892,รถจักรยานยนต์
366,2026,41.0,ชาย,Thai,นครหลวง,พระนครศรีอยุธยา,28/1/2026,หนองปลิง,นครหลวง,พระนครศรีอยุธยา,,,Y349,รถจักรยานยนต์
367,2026,53.0,ชาย,Thai,บางแพ,ราชบุรี,28/2/2026,ดอนทราย,ปากท่อ,ราชบุรี,,,V892,รถจักรยานยนต์
368,2026,22.0,ชาย,Thai,พานทอง,ชลบุรี,14/3/2026,หนองตำลึง,พานทอง,ชลบุรี,,,V892,รถจักรยานยนต์
369,2026,68.0,ชาย,Thai,ภูเขียว,ชัยภูมิ,8/2/2026,โอโล,ภูเขียว,ชัยภูมิ,,,X599,รถจักรยานยนต์
370,2026,70.0,ชาย,Thai,เมืองนครปฐม,นครปฐม,13/2/2026,ถนนขาด,เมืองนครปฐม,นครปฐม,,,V892,รถจักรยานยนต์
371,2026,73.0,ชาย,Thai,กบินทร์บุรี,ปราจีนบุรี,11/3/2026,หนองตำลึง,พานทอง,ชลบุรี,101.065015,13.415066,V892,รถจักรยานยนต์
372,2026,37.0,ชาย,Thai,นิคมคำสร้อย,มุกดาหาร,14/3/2026,คำชะอี,นิคมคำสร้อย,มุกดาหาร,104.364229,16.532278,Y349,รถจักรยานยนต์
373,2026,34.0,ชาย,Thai,ภูเรือ,เลย,8/1/2026,ร่องจิก,ภูเรือ,เลย,,,V892,รถจักรยานยนต์
374,2026,58.0,หญิง,Thai,มโนรมย์,ชัยนาท,3/1/2026,นครสวรรค์ตก,เมืองนครสวรรค์,นครสวรรค์,,,V892,ไม่ระบุพาหนะ
375,2026,6.0,หญิง,Thai,ห้วยยอด,ตรัง,31/1/2026,บางดี,ห้วยยอด,ตรัง,,,V299,รถจักรยานยนต์
376,2026,32.0,ชาย,Thai,พานทอง,ชลบุรี,14/3/2026,หนองตำลึง,พานทอง,ชลบุรี,,,V892,รถจักรยานยนต์
377,2026,74.0,ชาย,Thai,โพธาราม,ราชบุรี,23/3/2026,สามเรือน,เมือง,ราชบุรี,,,V892,รถยนต์
378,2026,72.0,ชาย,Thai,ดอนเจดีย์,สุพรรณบุรี,9/1/2026,เทพมงคล,บางซ้าย,พระนครศรีอยุธยา,,,Y349,รถจักรยานยนต์
379,2026,56.0,ชาย,Thai,ไทยเจริญ,ยโสธร,18/1/2026,ปากช่อง,ปากช่อง,นครราชสีมา,,,V892,รถจักรยานยนต์
380,2026,64.0,ชาย,Thai,อุทัย,พระนครศรีอยุธยา,28/1/2026,สามบัณฑิต,อุทัย,พระนครศรีอยุธยา,,,Y349,รถจักรยานยนต์
381,2026,22.0,หญิง,Thai,เมืองสมุทรสาคร,สมุทรสาคร,25/2/2026,คอกกระบือ,เมืองสมุทรสาคร,สมุทรสาคร,,,V892,รถจักรยานยนต์
382,2026,51.0,หญิง,Thai,บ้านแหลม,เพชรบุรี,28/2/2026,บางขุนไทร,บ้านแหลม,เพชรบุรี,100.017913,13.156823,V892,รถจักรยานยนต์
383,2026,28.0,ชาย,Thai,บางปะอิน,พระนครศรีอยุธยา,18/1/2026,เชียงรากน้อย,บางปะอิน,พระนครศรีอยุธยา,,,V892,รถจักรยานยนต์
384,2026,14.0,ชาย,Thai,ห้วยยอด,ตรัง,31/1/2026,บางดี,เมืองตรัง,ตรัง,,,V892,รถจักรยานยนต์
385,2026,56.0,หญิง,Thai,ภูหลวง,เลย,25/1/2026,ห้วยสีเสียด,ภูหลวง,เลย,,,Y349,ไม่ระบุพาหนะ
386,2026,65.0,ชาย,Thai,ไพศาลี,นครสวรรค์,7/1/2026,โพธิ์ประสาท,ไพศาลี,นครสวรรค์,100.58457,15.424236,V892,รถจักรยานยนต์
387,2026,51.0,ชาย,Thai,สอง,แพร่,13/2/2026,บ้านกลาง,สอง,แพร่,,,Y349,รถยนต์
388,2026,26.0,หญิง,Thai,คง,นครราชสีมา,6/2/2026,คลองมะเดื่อ,กระทุ่มแบน,สมุทรสาคร,,,Y349,ไม่ระบุพาหนะ
389,2026,45.0,ชาย,Thai,เมืองมุกดาหาร,มุกดาหาร,30/3/2026,มุกดาหาร,เมืองมุกดาหาร,มุกดาหาร,,,V234,รถจักรยานยนต์
390,2026,46.0,ชาย,Thai,เอราวัณ,เลย,3/1/2026,ผาอินทร์แปลง,กิ่งอำเภอเอราวัณ,เลย,,,Y349,รถยนต์
391,2026,29.0,ชาย,Thai,ท่าตะโก,นครสวรรค์,27/3/2026,บ้านสวน,เมืองชลบุรี,ชลบุรี,101.00481,13.353137,V892,รถจักรยานยนต์
392,2026,62.0,ชาย,Thai,มะนัง,สตูล,23/3/2026,ปาล์มพัฒนา,กิ่งอำเภอมะนัง,สตูล,,,Y349,รถจักรยานยนต์
393,2026,37.0,ชาย,Thai,เขาพนม,กระบี่,28/2/2026,พรุเตียว,เขาพนม,กระบี่,,,V892,รถจักรยานยนต์
394,2026,57.0,หญิง,Thai,โพธิ์ตาก,หนองคาย,16/1/2026,วังทอง,นาวัง,หนองบัวลำภู,,,V589,รถบรรทุกขนาดเล็ก/รถตู้
395,2026,31.0,ชาย,Thai,กาญจนดิษฐ์,สุราษฎร์ธานี,28/2/2026,วิชิต,เมืองภูเก็ต,ภูเก็ต,98.351597,7.867536,Y349,รถจักรยานยนต์
396,2026,27.0,ชาย,Thai,โพธาราม,ราชบุรี,22/3/2026,ท่าชุมพล,โพธาราม,ราชบุรี,99.84344222,13.69552197,V892,รถจักรยานยนต์
397,2026,35.0,ชาย,Thai,ปะเหลียน,ตรัง,20/3/2026,ปะเหลียน,ปะเหลียน,ตรัง,,,V299,รถจักรยานยนต์
398,2026,25.0,ชาย,Thai,ท่าฉาง,สุราษฎร์ธานี,28/2/2026,ขุนทะเล,เมืองสุราษฎร์ธานี,สุราษฎร์ธานี,99.34606779,9.082277622,V892,รถจักรยานยนต์
399,2026,18.0,ชาย,Thai,ย่านตาขาว,ตรัง,1/3/2026,นาข้าวเสีย,นาโยง,ตรัง,,,V299,รถจักรยานยนต์
400,2026,47.0,ชาย,Thai,เกาะสมุย,สุราษฎร์ธานี,22/2/2026,หน้าเมือง,เกาะสมุย,สุราษฎร์ธานี,,,V892,รถจักรยานยนต์
401,2026,21.0,ชาย,Thai,แม่แตง,เชียงใหม่,2/3/2026,สันโป่ง,แม่ริม,เชียงใหม่,,,V892,รถจักรยานยนต์
402,2026,18.0,ชาย,Thai,เมืองตรัง,ตรัง,1/3/2026,นาข้าวเสีย,นาโยง,ตรัง,,,V299,รถจักรยานยนต์
403,2026,30.0,ชาย,Thai,พระนครศรีอยุธยา,พระนครศรีอยุธยา,30/1/2026,ประตูชัย,พระนครศรีอยุธยา,พระนครศรีอยุธยา,100.560826,14.349739,V299,รถจักรยานยนต์
404,2026,64.0,ชาย,Thai,ภูกระดึง,เลย,23/1/2026,ภูกระดึง,ภูกระดึง,เลย,,,V892,รถจักรยานยนต์
405,2026,64.0,ชาย,Thai,เมืองนราธิวาส,นราธิวาส,31/1/2026,ไพรวัน,เมืองนราธิวาส,นราธิวาส,,,V892,รถจักรยานยนต์
406,2026,54.0,ชาย,Thai,วัดโบสถ์,พิษณุโลก,14/2/2026,อ้อมน้อย,กระทุ่มแบน,สมุทรสาคร,100.3099283,13.70535823,Y349,รถจักรยานยนต์
407,2026,57.0,หญิง,Thai,ปากท่อ,ราชบุรี,7/3/2026,บ่อกระดาน,ปากท่อ,ราชบุรี,,,V892,ไม่ระบุพาหนะ
408,2026,56.0,ชาย,Thai,ตากฟ้า,นครสวรรค์,26/1/2026,เขาชายธง,ตากฟ้า,นครสวรรค์,,,Y349,รถจักรยานยนต์
409,2026,73.0,ชาย,Thai,เมืองจันทบุรี,จันทบุรี,13/2/2026,หนองบัว,เมืองจันทบุรี,จันทบุรี,,,V892,รถจักรยานยนต์
410,2026,54.0,ชาย,Thai,เมืองนครปฐม,นครปฐม,7/3/2026,บ่อกระดาน,ปากท่อ,ราชบุรี,,,V892,ไม่ระบุพาหนะ
411,2026,39.0,ชาย,Thai,วังวิเศษ,ตรัง,18/3/2026,นาท่ามเหนือ,เมืองตรัง,ตรัง,,,Y349,รถยนต์
412,2026,23.0,ชาย,Thai,ปักธงชัย,นครราชสีมา,19/1/2026,ตูม,ปักธงชัย,นครราชสีมา,,,V239,รถจักรยานยนต์
413,2026,15.0,ชาย,Thai,ด่านขุนทด,นครราชสีมา,9/3/2026,ทุ่งสุขลา,บางละมุง,ชลบุรี,,,Y349,รถจักรยานยนต์
414,2026,39.0,หญิง,Thai,โพธาราม,ราชบุรี,18/3/2026,บ้านฆ้อง,โพธาราม,ราชบุรี,,,V892,รถจักรยานยนต์
415,2026,70.0,หญิง,Thai,โพนพิสัย,หนองคาย,19/1/2026,วัดหลวง,โพนพิสัย,หนองคาย,,,V892,รถจักรยานยนต์
416,2026,1.0,ชาย,Thai,เมืองสมุทรสงคราม,สมุทรสงคราม,16/2/2026,ลาดใหญ่,เมืองสมุทรสงคราม,สมุทรสงคราม,,,V892,รถจักรยานยนต์
417,2026,25.0,ชาย,Thai,สันป่าตอง,เชียงใหม่,15/3/2026,น้ำบ่อหลวง,สันป่าตอง,เชียงใหม่,98.83370209,18.66958427,V892,รถจักรยานยนต์
418,2026,21.0,ชาย,Thai,โชคชัย,นครราชสีมา,10/1/2026,โนนสูง,เมืองนครราชสีมา,นครราชสีมา,,,V892,รถจักรยานยนต์
419,2026,79.0,ชาย,Thai,ชะอวด,นครศรีธรรมราช,20/2/2026,ชัยเกษม,บางสะพาน,ประจวบคีรีขันธ์,,,V892,รถยนต์
420,2026,40.0,ชาย,Thai,เสนางคนิคม,อำนาจเจริญ,6/2/2026,โพนทอง,เสนางคนิคม,อำนาจเจริญ,,,Y349,รถจักรยานยนต์
421,2026,31.0,หญิง,Thai,สันป่าตอง,เชียงใหม่,6/3/2026,น้ำแพร่,หางดง,เชียงใหม่,98.884305,18.687827,V892,รถจักรยานยนต์
422,2026,31.0,ชาย,Thai,เมืองสตูล,สตูล,9/3/2026,ควนเมา,เมืองตรัง,ตรัง,,,V299,รถจักรยานยนต์
423,2026,28.0,ชาย,Thai,แม่วงก์,นครสวรรค์,9/1/2026,เชียงรากน้อย,บางปะอิน,พระนครศรีอยุธยา,100.567923,14.1566,Y349,รถจักรยานยนต์
424,2026,14.0,ชาย,Thai,คันนายาว,กรุงเทพมหานคร,15/2/2026,ท่าแร้ง,เขตบางเขน,กรุงเทพมหานคร,100.685369,13.885937,Y349,รถจักรยานยนต์
425,2026,41.0,หญิง,Thai,มะขาม,จันทบุรี,1/2/2026,มะขาม,มะขาม,จันทบุรี,,,V892,รถจักรยานยนต์
426,2026,51.0,ชาย,Thai,บ้านบึง,ชลบุรี,1/3/2026,หนองอิรุณ,บ้านบึง,ชลบุรี,,,Y349,รถยนต์
427,2026,68.0,ชาย,Thai,โพธาราม,ราชบุรี,19/3/2026,โคกหม้อ,เมือง,ราชบุรี,,,V892,รถยนต์
428,2026,66.0,หญิง,Thai,เมืองตรัง,ตรัง,4/3/2026,ควนปริง,เมืองตรัง,ตรัง,,,Y349,รถจักรยานยนต์
429,2026,41.0,ชาย,Thai,มีนบุรี,กรุงเทพมหานคร,9/1/2026,หนองกอมเกาะ,เมืองหนองคาย,หนองคาย,,,Y349,รถจักรยานยนต์
430,2026,21.0,ชาย,Thai,ขลุง,จันทบุรี,22/2/2026,มะขาม,มะขาม,จันทบุรี,,,V892,รถจักรยานยนต์
431,2026,35.0,ชาย,Thai,โนนไทย,นครราชสีมา,28/2/2026,เขาพระงาม,เมืองลพบุรี,ลพบุรี,100.6380339,14.86893662,V892,รถจักรยานยนต์
432,2026,26.0,ชาย,Thai,หนองหญ้าปล้อง,เพชรบุรี,15/2/2026,หนองหญ้าปล้อง,หนองหญ้าปล้อง,เพชรบุรี,99.75031793,13.22035045,V892,รถจักรยานยนต์
433,2026,66.0,หญิง,Thai,บางละมุง,ชลบุรี,25/3/2026,นาเกลือ,บางละมุง,ชลบุรี,,,Y349,รถจักรยานยนต์
434,2026,22.0,ชาย,Thai,น้ำขุ่น,อุบลราชธานี,24/3/2026,ขี้เหล็ก,กิ่งอำเภอน้ำขุ่น,อุบลราชธานี,,,Y349,รถจักรยานยนต์
435,2026,49.0,ชาย,Thai,แม่วาง,เชียงใหม่,19/3/2026,แม่วิน,แม่วาง,เชียงใหม่,,,Y349,รถจักรยานยนต์
436,2026,27.0,หญิง,Thai,โพธาราม,ราชบุรี,7/3/2026,ดอนทราย,โพธาราม,ราชบุรี,,,V892,รถจักรยานยนต์
437,2026,30.0,ชาย,Thai,พระพุทธบาท,สระบุรี,20/1/2026,ป่าตาล,เมืองลพบุรี,ลพบุรี,100.6509286,14.75511994,V892,รถยนต์
438,2026,27.0,ชาย,Thai,เมืองจันทบุรี,จันทบุรี,11/2/2026,พลวง,กิ่งอำเภอเขาคิชฌกูฏ,จันทบุรี,,,Y349,รถจักรยานยนต์
439,2026,46.0,ชาย,Thai,หนองหญ้าปล้อง,เพชรบุรี,15/2/2026,ยางน้ำกลัดใต้,หนองหญ้าปล้อง,เพชรบุรี,,,V284,รถจักรยานยนต์
440,2026,14.0,ชาย,Thai,เมืองอำนาจเจริญ,อำนาจเจริญ,24/3/2026,หนองปรือ,บางละมุง,ชลบุรี,,,V892,รถจักรยานยนต์
441,2026,21.0,ชาย,Thai,เมืองอุบลราชธานี,อุบลราชธานี,7/3/2026,ธาตุ,วารินชำราบ,อุบลราชธานี,104.8985059,15.11525218,V299,รถจักรยานยนต์
442,2026,85.0,ชาย,Thai,สันกำแพง,เชียงใหม่,10/3/2026,ออนกลาง,กิ่งอำเภอแม่ออน,เชียงใหม่,99.253838,18.751298,V892,รถจักรยานยนต์
443,2026,39.0,ชาย,Thai,ควนเนียง,สงขลา,7/3/2026,เขาชัยสน,เขาชัยสน,พัทลุง,,,V892,รถจักรยานยนต์
444,2026,47.0,ชาย,Thai,สุไหงโก-ลก,นราธิวาส,8/2/2026,ท่าเสน,บ้านลาด,เพชรบุรี,,,V892,ไม่ระบุพาหนะ
445,2026,58.0,ชาย,Thai,เมืองสตูล,สตูล,27/2/2026,ควนโดน,ควนโดน,สตูล,,,V892,ไม่ระบุพาหนะ
446,2026,58.0,ชาย,Thai,โกสุมพิสัย,มหาสารคาม,1/1/2026,วังยาว,โกสุมพิสัย,มหาสารคาม,,,V892,รถยนต์
447,2026,29.0,ชาย,Thai,เมืองอุทัยธานี,อุทัยธานี,17/1/2026,น้ำซึม,เมืองอุทัยธานี,อุทัยธานี,,,Y349,รถจักรยานยนต์
448,2026,47.0,ชาย,Thai,บึงโขงหลง,บึงกาฬ,2/2/2026,ดงบัง,บึงโขงหลง,บึงกาฬ,,,V234,รถจักรยานยนต์
449,2026,20.0,ชาย,Thai,ดอยหล่อ,เชียงใหม่,11/3/2026,ดอยหล่อ,กิ่งอำเภอดอยหล่อ,เชียงใหม่,98.80477,18.485528,V892,รถจักรยานยนต์
450,2026,35.0,หญิง,Thai,เมืองกาฬสินธุ์,กาฬสินธุ์,6/3/2026,หนองปรือ,บางละมุง,ชลบุรี,100.939568,12.932386,V892,รถจักรยานยนต์
451,2026,47.0,ชาย,Thai,กุดข้าวปุ้น,อุบลราชธานี,10/3/2026,โนนสว่าง,กุดข้าวปุ้น,อุบลราชธานี,,,V892,รถจักรยานยนต์
452,2026,61.0,ชาย,Thai,กาบัง,ยะลา,22/3/2026,ตรัง,มายอ,ปัตตานี,,,Y349,รถจักรยานยนต์
453,2026,46.0,ชาย,Thai,ลาดกระบัง,กรุงเทพมหานคร,24/1/2026,บึงพระ,เมืองพิษณุโลก,พิษณุโลก,,,V892,รถจักรยานยนต์
454,2026,29.0,ชาย,Thai,คลองสามวา,กรุงเทพมหานคร,12/2/2026,ท่ายาง,ท่ายาง,เพชรบุรี,99.899207,12.970723,V892,รถจักรยานยนต์
455,2026,50.0,ชาย,Thai,นาตาล,อุบลราชธานี,11/3/2026,กุศกร,ตระการพืชผล,อุบลราชธานี,105.113858,15.565132,V294,รถจักรยานยนต์
456,2026,17.0,ชาย,Thai,ลาดกระบัง,กรุงเทพมหานคร,3/2/2026,ลาดกระบัง,เขตลาดกระบัง,กรุงเทพมหานคร,100.761575,13.72295,Y349,รถจักรยานยนต์
457,2026,45.0,ชาย,Thai,ไทรงาม,กำแพงเพชร,10/2/2026,หนองบัว,เมืองหนองบัวลำภู,หนองบัวลำภู,,,Y349,รถจักรยานยนต์
458,2026,51.0,หญิง,Thai,มายอ,ปัตตานี,27/2/2026,ลุโบะยิไร,มายอ,ปัตตานี,,,X599,รถจักรยานยนต์
459,2026,56.0,ชาย,Thai,ขุขันธ์,ศรีสะเกษ,15/3/2026,หนองขาม,ศรีราชา,ชลบุรี,,,V892,รถจักรยานยนต์
460,2026,21.0,ชาย,Thai,หาดใหญ่,สงขลา,8/3/2026,ป่าไผ่,สันทราย,เชียงใหม่,99.02726512,18.8952905,V892,รถจักรยานยนต์
461,2026,20.0,หญิง,Thai,คลองสามวา,กรุงเทพมหานคร,28/1/2026,โคกสลุง,พัฒนานิคม,ลพบุรี,,,Y349,รถจักรยานยนต์
462,2026,35.0,ชาย,Thai,เทิง,เชียงราย,15/2/2026,ปล้อง,เทิง,เชียงราย,,,Y349,รถจักรยานยนต์
463,2026,19.0,หญิง,Thai,พาน,เชียงราย,23/3/2026,ฟ้าฮ่าม,เมืองเชียงใหม่,เชียงใหม่,99.01715,18.820724,V892,รถจักรยานยนต์
464,2026,24.0,ชาย,Thai,เมืองกาญจนบุรี,กาญจนบุรี,30/3/2026,หนองบัว,เมืองกาญจนบุรี,กาญจนบุรี,99.384092,14.041754,V892,รถจักรยานยนต์
465,2026,36.0,หญิง,Thai,เชียงยืน,มหาสารคาม,1/2/2026,ทับยาว,เขตลาดกระบัง,กรุงเทพมหานคร,,,Y349,รถจักรยานยนต์
466,2026,32.0,ชาย,Thai,เขาย้อย,เพชรบุรี,15/2/2026,เขาย้อย,เขาย้อย,เพชรบุรี,,,V892,ไม่ระบุพาหนะ
467,2026,62.0,ชาย,Thai,ทุ่งศรีอุดม,อุบลราชธานี,29/3/2026,เมืองเดช,เดชอุดม,อุบลราชธานี,,,V892,รถยนต์
468,2026,42.0,ชาย,Thai,แม่ออน,เชียงใหม่,1/3/2026,หนองจ๊อม,เมืองเชียงใหม่,เชียงใหม่,,,V892,รถจักรยานยนต์
469,2026,29.0,ชาย,Thai,พิบูลมังสาหาร,อุบลราชธานี,30/3/2026,อ่างศิลา,เมืองอุบลราชธานี,อุบลราชธานี,105.295558,15.027713,V299,รถจักรยานยนต์
470,2026,17.0,หญิง,Thai,ลาดกระบัง,กรุงเทพมหานคร,3/2/2026,ลาดกระบัง,เขตลาดกระบัง,กรุงเทพมหานคร,100.761575,13.72295,Y349,รถจักรยานยนต์
471,2026,62.0,ชาย,Thai,นาวัง,หนองบัวลำภู,27/2/2026,เทพคีรี,นาวัง,หนองบัวลำภู,,,Y349,ไม่ระบุพาหนะ
472,2026,35.0,หญิง,Thai,ศรีสำโรง,สุโขทัย,19/3/2026,พลงตาเอี่ยม,วังจันทร์,ระยอง,,,V249,รถจักรยานยนต์
473,2026,56.0,ชาย,Thai,สารภี,เชียงใหม่,3/3/2026,ชมภู,สารภี,เชียงใหม่,,,V892,รถจักรยานยนต์
474,2026,67.0,ชาย,Thai,ชัยบาดาล,ลพบุรี,21/1/2026,ศิลาทิพย์,ชัยบาดาล,ลพบุรี,,,V234,รถจักรยานยนต์
475,2026,46.0,ชาย,Thai,หนองกุงศรี,กาฬสินธุ์,11/1/2026,ชื่นชม,กิ่งอำเภอชื่นชม,มหาสารคาม,,,V299,รถจักรยานยนต์
476,2026,32.0,ชาย,Thai,กันทรวิชัย,มหาสารคาม,15/2/2026,วัดท่าพระ,เขตบางกอกใหญ่,กรุงเทพมหานคร,,,V892,รถจักรยานยนต์
477,2026,39.0,ชาย,Thai,พรหมบุรี,สิงห์บุรี,10/3/2026,บางมัญ,เมืองสิงห์บุรี,สิงห์บุรี,,,V239,รถจักรยานยนต์
478,2026,27.0,ชาย,Thai,เมืองนครสวรรค์,นครสวรรค์,17/3/2026,ปลวกแดง,ปลวกแดง,ระยอง,,,V892,รถจักรยานยนต์
479,2026,58.0,ชาย,Thai,เขื่องใน,อุบลราชธานี,23/3/2026,ศรีสุข,เขื่องใน,อุบลราชธานี,,,V892,รถจักรยานยนต์
480,2026,29.0,ชาย,Thai,สวนหลวง,กรุงเทพมหานคร,18/2/2026,บางกะปิ,เขตห้วยขวาง,กรุงเทพมหานคร,,,V892,รถจักรยานยนต์
481,2026,27.0,หญิง,Thai,สันทราย,เชียงใหม่,7/3/2026,หนองหาร,สันทราย,เชียงใหม่,99.0108094,18.8928267,V892,รถจักรยานยนต์
482,2026,20.0,ชาย,Thai,ทัพทัน,อุทัยธานี,22/3/2026,บ่อพลอย,บ่อพลอย,กาญจนบุรี,,,V892,รถจักรยานยนต์
483,2026,49.0,ชาย,Thai,บางแค,กรุงเทพมหานคร,13/2/2026,บ้านช่างหล่อ,เขตบางกอกน้อย,กรุงเทพมหานคร,,,V892,รถจักรยานยนต์
484,2026,42.0,ชาย,Thai,ศรีสวัสดิ์,กาญจนบุรี,12/3/2026,หนองกุ่ม,บ่อพลอย,กาญจนบุรี,99.478811,14.21399,V499,รถยนต์
485,2026,46.0,หญิง,Thai,เมืองยะลา,ยะลา,14/3/2026,ท่าสาป,เมืองยะลา,ยะลา,,,V892,รถยนต์
486,2026,24.0,ชาย,Thai,เมืองลพบุรี,ลพบุรี,26/1/2026,ทะเลชุบศร,เมืองลพบุรี,ลพบุรี,,,Y349,รถจักรยานยนต์
487,2026,79.0,ชาย,Thai,แม่ลาว,เชียงราย,26/2/2026,ป่าก่อดำ,แม่ลาว,เชียงราย,99.734565,19.793099,Y349,รถจักรยานยนต์
488,2026,33.0,หญิง,Thai,ดุสิต,กรุงเทพมหานคร,5/2/2026,แสมดำ,เขตบางขุนเทียน,กรุงเทพมหานคร,100.4100669,13.64311151,V892,รถจักรยานยนต์
489,2026,27.0,ชาย,Thai,ชุมแพ,ขอนแก่น,24/2/2026,ชุมแพ,ชุมแพ,ขอนแก่น,,,V031,คนเดินเท้า
490,2026,41.0,หญิง,Thai,แม่ลาว,เชียงราย,26/2/2026,ป่าก่อดำ,แม่ลาว,เชียงราย,99.734565,19.793099,Y349,รถจักรยานยนต์
491,2026,21.0,ชาย,Thai,ไทรงาม,กำแพงเพชร,6/1/2026,ถาวรวัฒนา,ทรายทองวัฒนา,กำแพงเพชร,,,Y349,รถจักรยานยนต์
492,2026,70.0,หญิง,Thai,เกาะพะงัน,สุราษฎร์ธานี,28/1/2026,บ้านใต้,เกาะพะงัน,สุราษฎร์ธานี,100.039981,9.726289,X599,รถจักรยานยนต์
493,2026,27.0,ชาย,Thai,สีชมพู,ขอนแก่น,26/2/2026,ทับใต้,หัวหิน,ประจวบคีรีขันธ์,99.903611,12.498677,V892,รถจักรยานยนต์
494,2026,36.0,ชาย,Thai,บ่อทอง,ชลบุรี,8/3/2026,บางพระ,เมืองฉะเชิงเทรา,ฉะเชิงเทรา,101.054822,13.659316,V892,รถจักรยานยนต์
495,2026,55.0,ชาย,Thai,แว้ง,นราธิวาส,22/3/2026,แว้ง,แว้ง,นราธิวาส,,,V299,รถจักรยานยนต์
496,2026,26.0,ชาย,Thai,ทุ่งครุ,กรุงเทพมหานคร,16/2/2026,หนองค้างพลู,เขตหนองแขม,กรุงเทพมหานคร,,,Y349,รถจักรยานยนต์
497,2026,40.0,ชาย,Thai,หัวตะพาน,อำนาจเจริญ,19/3/2026,ในเมือง,เมืองอุบลราชธานี,อุบลราชธานี,104.790888,15.213935,V892,รถจักรยานยนต์
498,2026,51.0,ชาย,Thai,โคกสำโรง,ลพบุรี,22/1/2026,เขาพระงาม,เมืองลพบุรี,ลพบุรี,100.6071191,14.90851693,Y349,รถจักรยานยนต์
499,2026,16.0,ชาย,Thai,เขื่องใน,อุบลราชธานี,12/2/2026,ทุ่งมหาเมฆ,เขตสาทร,กรุงเทพมหานคร,,,V892,รถจักรยานยนต์
500,2026,37.0,ชาย,Thai,เมืองสมุทรสาคร,สมุทรสาคร,8/2/2026,บ้านบ่อ,เมืองสมุทรสาคร,สมุทรสาคร,100.19604,13.495736,V892,รถจักรยานยนต์
501,2026,28.0,ชาย,Thai,น้ำพอง,ขอนแก่น,14/2/2026,น้ำพอง,น้ำพอง,ขอนแก่น,102.840066,16.75484,V299,รถจักรยานยนต์
502,2026,45.0,ชาย,Thai,เมืองเชียงราย,เชียงราย,21/2/2026,รอบเวียง,เมืองเชียงราย,เชียงราย,99.884642,19.915758,V892,รถจักรยานยนต์
503,2026,61.0,หญิง,Thai,นิคมพัฒนา,ระยอง,10/3/2026,นิคมพัฒนา,กิ่งอำเภอนิคมพัฒนา,ระยอง,,,V892,รถจักรยานยนต์
504,2026,27.0,ชาย,Thai,ชัยบาดาล,ลพบุรี,8/1/2026,หนองผักแว่น,ท่าหลวง,ลพบุรี,,,V489,รถยนต์
505,2026,32.0,ชาย,Thai,บางเขน,กรุงเทพมหานคร,27/2/2026,อนุสาวรีย์,เขตจตุจักร,กรุงเทพมหานคร,,,V892,รถจักรยานยนต์
506,2026,34.0,ชาย,Thai,เมืองสมุทรสาคร,สมุทรสาคร,12/2/2026,นาดี,เมืองสมุทรสาคร,สมุทรสาคร,100.307531,13.599314,V892,รถจักรยานยนต์
507,2026,28.0,ชาย,Thai,เมืองขอนแก่น,ขอนแก่น,19/2/2026,บ้านขาม,น้ำพอง,ขอนแก่น,102.952879,16.56526,V289,รถจักรยานยนต์
508,2026,75.0,หญิง,Thai,เมืองลำปาง,ลำปาง,22/3/2026,ทรงธรรม,เมืองกำแพงเพชร,กำแพงเพชร,,,V499,รถยนต์
509,2026,15.0,ชาย,Thai,เมืองเชียงราย,เชียงราย,23/2/2026,รอบเวียง,เมืองเชียงราย,เชียงราย,,,V892,รถจักรยานยนต์
510,2026,26.0,ชาย,Thai,เมืองราชบุรี,ราชบุรี,12/3/2026,แม่น้ำคู้,ปลวกแดง,ระยอง,101.24186,12.918621,V892,รถจักรยานยนต์
511,2026,78.0,ชาย,Thai,เมืองบุรีรัมย์,บุรีรัมย์,3/1/2026,ถลุงเหล็ก,เมืองบุรีรัมย์,บุรีรัมย์,103.070694,15.105591,V892,รถจักรยานยนต์
512,2026,17.0,ชาย,Thai,พุนพิน,สุราษฎร์ธานี,5/1/2026,ท่าข้าม,พุนพิน,สุราษฎร์ธานี,99.21570741,9.072177777,X599,รถจักรยานยนต์
513,2026,26.0,หญิง,Thai,ภาษีเจริญ,กรุงเทพมหานคร,12/2/2026,วัดพระยาไกร,เขตบางคอแหลม,กรุงเทพมหานคร,,,Y349,รถจักรยานยนต์
514,2026,67.0,ชาย,Thai,ชะอวด,นครศรีธรรมราช,20/2/2026,ชัยเกษม,บางสะพาน,ประจวบคีรีขันธ์,,,V892,รถยนต์
515,2026,61.0,ชาย,Thai,นางรอง,บุรีรัมย์,4/1/2026,นางรอง,นางรอง,บุรีรัมย์,,,V284,รถจักรยานยนต์
516,2026,65.0,หญิง,Thai,ชำนิ,บุรีรัมย์,7/1/2026,นางรอง,นางรอง,บุรีรัมย์,,,Y349,รถยนต์
517,2026,66.0,หญิง,Thai,ชะอวด,นครศรีธรรมราช,20/2/2026,ชัยเกษม,บางสะพาน,ประจวบคีรีขันธ์,,,V892,รถยนต์
518,2026,57.0,ชาย,Thai,ประโคนชัย,บุรีรัมย์,23/1/2026,บ้านไทร,ประโคนชัย,บุรีรัมย์,,,V099,คนเดินเท้า
519,2026,29.0,ชาย,Thai,เมืองกำแพงเพชร,กำแพงเพชร,17/1/2026,สระแก้ว,เมืองกำแพงเพชร,กำแพงเพชร,99.617489,16.534236,V892,รถจักรยานยนต์
520,2026,19.0,ชาย,Thai,บางน้ำเปรี้ยว,ฉะเชิงเทรา,16/2/2026,สิงโตทอง,บางน้ำเปรี้ยว,ฉะเชิงเทรา,101.04292,13.912089,Y349,รถจักรยานยนต์
521,2026,36.0,ชาย,Thai,เขตดุสิต,กรุงเทพมหานคร,1/3/2026,สวนจิตรลดา,เขตดุสิต,กรุงเทพมหานคร,,,X599,รถจักรยานยนต์
522,2026,26.0,หญิง,Thai,เมืองเชียงใหม่,เชียงใหม่,2/3/2026,สุเทพ,เมืองเชียงใหม่,เชียงใหม่,,,V892,รถจักรยานยนต์
523,2026,19.0,ชาย,Thai,เมืองนนทบุรี,นนทบุรี,5/2/2026,คลองตัน,เขตสวนหลวง,กรุงเทพมหานคร,,,Y349,รถจักรยานยนต์
524,2026,18.0,ชาย,Thai,เมืองสมุทรปราการ,สมุทรปราการ,16/2/2026,สิงโตทอง,บางน้ำเปรี้ยว,ฉะเชิงเทรา,101.04292,13.912089,Y349,รถจักรยานยนต์
525,2026,31.0,ชาย,Thai,พรหมบุรี,สิงห์บุรี,5/1/2026,ม่วงหมู่,เมืองสิงห์บุรี,สิงห์บุรี,,,Y349,รถจักรยานยนต์
526,2026,77.0,ชาย,Thai,ลำปลายมาศ,บุรีรัมย์,21/1/2026,แสลงพัน,ลำปลายมาศ,บุรีรัมย์,,,Y349,รถจักรยานยนต์
527,2026,64.0,ชาย,Thai,ไทรงาม,กำแพงเพชร,3/1/2026,ไทรงาม,เมืองกำแพงเพชร,กำแพงเพชร,,,V892,รถจักรยานยนต์
528,2026,35.0,หญิง,Thai,บ้านแฮด,ขอนแก่น,1/2/2026,หนองแซง,กิ่งอำเภอบ้านแฮด,ขอนแก่น,,,V892,รถจักรยานยนต์
529,2026,55.0,หญิง,Thai,ค่ายบางระจัน,สิงห์บุรี,28/1/2026,บ้านจ่า,บางระจัน,สิงห์บุรี,100.291122,14.872181,V299,รถจักรยานยนต์
530,2026,28.0,ชาย,Thai,ปะคำ,บุรีรัมย์,14/1/2026,หูทำนบ,ปะคำ,บุรีรัมย์,102.701636,14.371848,V892,รถจักรยานยนต์
531,2026,35.0,หญิง,Thai,เกาะสมุย,สุราษฎร์ธานี,11/1/2026,อ่างทอง,เกาะสมุย,สุราษฎร์ธานี,,,V289,รถจักรยานยนต์
532,2026,24.0,ชาย,Thai,บางพลัด,กรุงเทพมหานคร,16/2/2026,ทุ่งพญาไท,เขตราชเทวี,กรุงเทพมหานคร,100.530188,13.759718,Y349,รถจักรยานยนต์
533,2026,25.0,ชาย,Thai,คำเขื่อนแก้ว,ยโสธร,19/3/2026,หัวหมาก,เขตบางกะปิ,กรุงเทพมหานคร,,,Y349,รถจักรยานยนต์
534,2026,30.0,ชาย,Thai,ศรีประจันต์,สุพรรณบุรี,1/3/2026,บ้านโพธิ์,เมืองสุพรรณบุรี,สุพรรณบุรี,,,Y349,รถจักรยานยนต์
535,2026,46.0,ชาย,Thai,ปะคำ,บุรีรัมย์,20/1/2026,ไทยเจริญ,ปะคำ,บุรีรัมย์,,,V892,รถยนต์
536,2026,40.0,ชาย,Thai,เกาะสมุย,สุราษฎร์ธานี,11/1/2026,อ่างทอง,เกาะสมุย,สุราษฎร์ธานี,,,V289,รถจักรยานยนต์
537,2026,25.0,ชาย,Thai,เขตบางกะปิ,กรุงเทพมหานคร,31/3/2026,หัวหมาก,เขตบางกะปิ,กรุงเทพมหานคร,100.647812,13.758168,Y349,รถจักรยานยนต์
538,2026,39.0,ชาย,Thai,ปะคำ,บุรีรัมย์,3/1/2026,โคกมะม่วง,ปะคำ,บุรีรัมย์,,,Y349,รถจักรยานยนต์
539,2026,56.0,ชาย,Thai,เกาะสมุย,สุราษฎร์ธานี,12/1/2026,อ่างทอง,เกาะสมุย,สุราษฎร์ธานี,99.93152764,9.546365132,Y349,รถจักรยานยนต์
540,2026,25.0,ชาย,Thai,เมืองหนองคาย,หนองคาย,20/2/2026,ม่วงหวาน,น้ำพอง,ขอนแก่น,102.7998893,16.6575512,V289,รถจักรยานยนต์
541,2026,40.0,ชาย,Thai,เวียงสระ,สุราษฎร์ธานี,25/2/2026,ถ้ำพรรณรา,ถ้ำพรรณรา,นครศรีธรรมราช,99.369151,8.41755,X599,รถจักรยานยนต์
542,2026,16.0,ชาย,Thai,บ้านไร่,อุทัยธานี,25/3/2026,วังคัน,ด่านช้าง,สุพรรณบุรี,,,V892,รถจักรยานยนต์
543,2026,36.0,หญิง,Thai,เกาะสมุย,สุราษฎร์ธานี,7/1/2026,มะเร็ต,เกาะสมุย,สุราษฎร์ธานี,,,V892,รถยนต์
544,2026,24.0,ชาย,Thai,ธัญบุรี,ปทุมธานี,13/2/2026,ทุ่งสองห้อง,เขตหลักสี่,กรุงเทพมหานคร,,,V892,รถจักรยานยนต์
545,2026,69.0,ชาย,Thai,เมืองขอนแก่น,ขอนแก่น,2/2/2026,เมืองเก่า,เมืองขอนแก่น,ขอนแก่น,,,V892,ไม่ระบุพาหนะ
546,2026,3.0,หญิง,Thai,เทิง,เชียงราย,14/2/2026,ตับเต่า,เมืองเชียงราย,เชียงราย,100.374093,19.72996,V892,ไม่ระบุพาหนะ
547,2026,46.0,ชาย,Thai,ดอนเจดีย์,สุพรรณบุรี,8/3/2026,วังบูรพาภิรมย์,เขตป้อมปราบศัตรูพ่าย,กรุงเทพมหานคร,,,Y349,รถจักรยานยนต์
548,2026,38.0,ชาย,Thai,แม่ทา,ลำพูน,16/3/2026,ทาปลาดุก,แม่ทา,ลำพูน,,,V892,รถจักรยานยนต์
549,2026,60.0,ชาย,Thai,ศรีประจันต์,สุพรรณบุรี,14/3/2026,วังหว้า,ศรีประจันต์,สุพรรณบุรี,,,Y349,รถจักรยานยนต์
550,2026,24.0,หญิง,Thai,บึงกุ่ม,กรุงเทพมหานคร,19/3/2026,มีนบุรี,เขตมีนบุรี,กรุงเทพมหานคร,100.711339,13.81286447,Y349,รถจักรยานยนต์
551,2026,36.0,หญิง,Thai,แม่ทา,ลำพูน,30/3/2026,ทาขุมเงิน,แม่ทา,ลำพูน,,,V892,รถจักรยานยนต์
552,2026,69.0,ชาย,Thai,สองพี่น้อง,สุพรรณบุรี,24/3/2026,บางพลับ,สองพี่น้อง,สุพรรณบุรี,,,Y349,รถยนต์
553,2026,75.0,ชาย,Thai,บ้านตาก,ตาก,21/1/2026,สุขสำราญ,ตากฟ้า,นครสวรรค์,100.530372,15.344716,X599,รถบรรทุกหนัก
554,2026,67.0,ชาย,Thai,สบเมย,แม่ฮ่องสอน,5/2/2026,แม่สามแลบ,สบเมย,แม่ฮ่องสอน,,,V686,รถบรรทุกหนัก
555,2026,19.0,ชาย,Thai,มัญจาคีรี,ขอนแก่น,26/3/2026,คลองสองต้นนุ่น,เขตลาดกระบัง,กรุงเทพมหานคร,,,Y349,รถจักรยานยนต์
556,2026,59.0,ชาย,Thai,คำเขื่อนแก้ว,ยโสธร,28/3/2026,ขุมเงิน,เมืองยโสธร,ยโสธร,,,V892,รถจักรยานยนต์
557,2026,62.0,หญิง,Thai,อู่ทอง,สุพรรณบุรี,27/3/2026,ศรีสำราญ,สองพี่น้อง,สุพรรณบุรี,,,V892,รถจักรยานยนต์
558,2026,62.0,ชาย,Thai,ปะคำ,บุรีรัมย์,1/1/2026,ปะคำ,ปะคำ,บุรีรัมย์,,,V892,รถจักรยานยนต์
559,2026,18.0,ชาย,Thai,เชียรใหญ่,นครศรีธรรมราช,15/2/2026,ดอนตรอ,เฉลิมพระเกียรติ,นครศรีธรรมราช,100.041943,8.2066,Y349,รถจักรยานยนต์
560,2026,30.0,ชาย,Thai,ลาดกระบัง,กรุงเทพมหานคร,17/3/2026,ทับยาว,เขตลาดกระบัง,กรุงเทพมหานคร,,,Y349,รถจักรยานยนต์
561,2026,41.0,ชาย,Thai,เมืองนครปฐม,นครปฐม,19/1/2026,ลำพยา,เมืองนครปฐม,นครปฐม,,,V892,รถจักรยานยนต์
562,2026,32.0,ชาย,Thai,ปาย,แม่ฮ่องสอน,20/2/2026,เวียงใต้,ปาย,แม่ฮ่องสอน,,,V892,รถจักรยานยนต์
563,2026,24.0,ชาย,Thai,คำชะอี,มุกดาหาร,8/3/2026,คลองสองต้นนุ่น,เขตลาดกระบัง,กรุงเทพมหานคร,100.752066,13.7222,Y349,รถจักรยานยนต์
564,2026,58.0,ชาย,Thai,สรรคบุรี,ชัยนาท,8/1/2026,แพรกศรีราชา,สรรคบุรี,ชัยนาท,,,V892,ไม่ระบุพาหนะ
565,2026,28.0,ชาย,Thai,วังทองหลาง,กรุงเทพมหานคร,5/2/2026,ทับช้าง,เขตสะพานสูง,กรุงเทพมหานคร,,,Y349,รถจักรยานยนต์
566,2026,18.0,ชาย,Thai,เชียรใหญ่,นครศรีธรรมราช,15/2/2026,ดอนตรอ,เฉลิมพระเกียรติ,นครศรีธรรมราช,100.041943,8.2066,Y349,รถจักรยานยนต์
567,2026,43.0,ชาย,Thai,บึงกุ่ม,กรุงเทพมหานคร,28/3/2026,หิรัญรูจี,เขตธนบุรี,กรุงเทพมหานคร,,,V892,รถจักรยานยนต์
568,2026,18.0,หญิง,Thai,อู่ทอง,สุพรรณบุรี,24/3/2026,ดอนคา,อู่ทอง,สุพรรณบุรี,99.899385,14.461272,V892,รถจักรยานยนต์
569,2026,66.0,หญิง,Thai,ประโคนชัย,บุรีรัมย์,14/1/2026,ประโคนชัย,ประโคนชัย,บุรีรัมย์,,,V892,ไม่ระบุพาหนะ
570,2026,66.0,ชาย,Thai,ปราสาท,สุรินทร์,12/3/2026,บางกะปิ,เขตห้วยขวาง,กรุงเทพมหานคร,,,V892,รถจักรยานยนต์
571,2026,88.0,ชาย,Thai,เลิงนกทา,ยโสธร,6/3/2026,สวาท,เลิงนกทา,ยโสธร,104.5060489,16.21994982,V892,รถจักรยานยนต์
572,2026,69.0,ชาย,Thai,แม่ใจ,พะเยา,31/3/2026,ศรีถ้อย,แม่ใจ,พะเยา,99.778871,19.362661,V892,รถยนต์
573,2026,44.0,ชาย,Thai,บึงกุ่ม,กรุงเทพมหานคร,19/2/2026,สามวาตะวันออก,เขตคลองสามวา,กรุงเทพมหานคร,100.755139,13.893103,Y349,รถจักรยานยนต์
574,2026,29.0,หญิง,Thai,ชุมแพ,ขอนแก่น,4/2/2026,หนองไผ่,ชุมแพ,ขอนแก่น,102.0758545,16.55590826,V294,รถจักรยานยนต์
575,2026,41.0,ชาย,Thai,เมืองพังงา,พังงา,20/1/2026,บางเตย,เมืองพังงา,พังงา,98.585518,8.398526,V892,รถจักรยานยนต์
576,2026,62.0,ชาย,Thai,ภักดีชุมพล,ชัยภูมิ,20/3/2026,คลองต้นไทร,เขตคลองสาน,กรุงเทพมหานคร,,,V892,รถจักรยานยนต์
577,2026,59.0,หญิง,Thai,แม่สอด,ตาก,30/3/2026,แม่กาษา,แม่สอด,ตาก,98.59489437,16.79240845,V892,รถจักรยานยนต์
578,2026,42.0,หญิง,Thai,กะปง,พังงา,1/1/2026,คึกคัก,ตะกั่วป่า,พังงา,98.258399,8.702488,V299,รถจักรยานยนต์
579,2026,51.0,ชาย,Thai,นามน,กาฬสินธุ์,1/1/2026,สงเปลือย,นามน,กาฬสินธุ์,,,X599,ไม่ระบุพาหนะ
580,2026,46.0,ชาย,Thai,บางละมุง,ชลบุรี,14/2/2026,บางนาเหนือ,เขตบางนา,กรุงเทพมหานคร,,,V892,รถจักรยานยนต์
581,2026,51.0,ชาย,Thai,เกาะคา,ลำปาง,10/3/2026,ไหล่หิน,เกาะคา,ลำปาง,,,V892,รถจักรยานยนต์
582,2026,46.0,ชาย,Thai,สีคิ้ว,นครราชสีมา,9/1/2026,ลาดบัวขาว,สีคิ้ว,นครราชสีมา,,,V892,ไม่ระบุพาหนะ
583,2026,28.0,ชาย,Thai,บางพลี,สมุทรปราการ,10/2/2026,บางนาใต้,เขตบางนา,กรุงเทพมหานคร,100.591499,13.669847,V892,รถจักรยานยนต์
584,2026,50.0,หญิง,Thai,จอมทอง,กรุงเทพมหานคร,27/3/2026,ท่าข้าม,เขตบางขุนเทียน,กรุงเทพมหานคร,,,V892,รถจักรยานยนต์
585,2026,17.0,หญิง,Thai,สบปราบ,ลำปาง,15/3/2026,ศาลา,เกาะคา,ลำปาง,99.40442,18.198269,V892,รถจักรยานยนต์
586,2026,52.0,ชาย,Thai,กระบุรี,ระนอง,2/1/2026,มะมุ,กระบุรี,ระนอง,98.810844,10.472547,Y349,รถจักรยานยนต์
587,2026,35.0,หญิง,Thai,เมืองกำแพงเพชร,กำแพงเพชร,28/2/2026,นายาว,พระพุทธบาท,สระบุรี,100.7570284,14.74472618,V489,รถยนต์
588,2026,62.0,ชาย,Thai,เมืองอุดรธานี,อุดรธานี,8/2/2026,สามพร้าว,เมืองอุดรธานี,อุดรธานี,,,Y349,รถจักรยานยนต์
589,2026,15.0,ชาย,Thai,เมืองชัยภูมิ,ชัยภูมิ,17/3/2026,ลาดใหญ่,เมืองชัยภูมิ,ชัยภูมิ,,,V892,รถจักรยานยนต์
590,2026,58.0,ชาย,Thai,เถิน,ลำปาง,16/3/2026,แม่มอก,เถิน,ลำปาง,99.369053,17.615696,V892,รถจักรยานยนต์
591,2026,23.0,ชาย,Thai,ห้วยเม็ก,กาฬสินธุ์,1/1/2026,หนองพระ,วังทอง,พิษณุโลก,,,V892,ไม่ระบุพาหนะ
592,2026,39.0,ชาย,Thai,กระทุ่มแบน,สมุทรสาคร,16/3/2026,แสมดำ,เขตบางขุนเทียน,กรุงเทพมหานคร,,,Y349,รถจักรยานยนต์
593,2026,32.0,ชาย,Thai,เมืองจันทบุรี,จันทบุรี,28/3/2026,แสลง,เมืองจันทบุรี,จันทบุรี,,,V892,รถจักรยานยนต์
594,2026,27.0,ชาย,Thai,เกษตรสมบูรณ์,ชัยภูมิ,27/3/2026,ม่วงหมู่,เมืองสิงห์บุรี,สิงห์บุรี,,,X599,รถจักรยานยนต์
595,2026,59.0,หญิง,Thai,แม่พริก,ลำปาง,12/3/2026,แม่พริก,แม่พริก,ลำปาง,98.989335,17.532622,V224,รถจักรยานยนต์
596,2026,39.0,ชาย,Thai,หนองกุงศรี,กาฬสินธุ์,24/1/2026,หนองบัว,หนองกุงศรี,กาฬสินธุ์,,,Y349,รถจักรยานยนต์
597,2026,26.0,ชาย,Thai,ทับคล้อ,พิจิตร,6/1/2026,บ่อภาค,ชาติตระการ,พิษณุโลก,100.835053,17.535153,V892,รถยนต์
598,2026,35.0,หญิง,Thai,โพทะเล,พิจิตร,27/3/2026,ทะนง,โพทะเล,พิจิตร,,,Y349,รถจักรยานยนต์
599,2026,24.0,ชาย,Thai,ลาดยาว,นครสวรรค์,16/1/2026,พุคำจาน,พระพุทธบาท,สระบุรี,,,V892,รถจักรยานยนต์
600,2026,28.0,ชาย,Thai,บางกระทุ่ม,พิษณุโลก,11/1/2026,บางกระทุ่ม,บางกระทุ่ม,พิษณุโลก,100.2997275,16.5987918,V892,รถจักรยานยนต์
601,2026,17.0,ชาย,Thai,พระสมุทรเจดีย์,สมุทรปราการ,21/2/2026,ปากคลองบางปลากด,พระสมุทรเจดีย์,สมุทรปราการ,,,Y349,รถจักรยานยนต์
602,2026,35.0,หญิง,Thai,เมืองระนอง,ระนอง,7/3/2026,บางจาก,เขตภาษีเจริญ,กรุงเทพมหานคร,100.45115,13.727255,Y349,รถจักรยานยนต์
603,2026,49.0,หญิง,Thai,เมืองพิจิตร,พิจิตร,30/3/2026,ในเมือง,เมืองพิจิตร,พิจิตร,,,V892,รถจักรยานยนต์
604,2026,23.0,ชาย,Thai,ปากช่อง,นครราชสีมา,9/1/2026,มิตรภาพ,มวกเหล็ก,สระบุรี,,,V892,รถจักรยานยนต์
605,2026,22.0,ชาย,Thai,ทุ่งตะโก,ชุมพร,10/1/2026,นาสัก,สวี,ชุมพร,,,Y349,รถจักรยานยนต์
606,2026,17.0,ชาย,Thai,วังสามหมอ,อุดรธานี,11/2/2026,ตาดทอง,ศรีธาตุ,อุดรธานี,,,V892,รถจักรยานยนต์
607,2026,22.0,ชาย,Thai,บำเหน็จณรงค์,ชัยภูมิ,7/3/2026,ขามเรียง,เมืองมหาสารคาม,มหาสารคาม,,,V892,รถจักรยานยนต์
608,2026,31.0,ชาย,Thai,เมืองราชบุรี,ราชบุรี,30/3/2026,อ่างหิน,ปากท่อ,ราชบุรี,,,V892,รถจักรยานยนต์
609,2026,78.0,ชาย,Thai,สวี,ชุมพร,7/1/2026,ครน,สวี,ชุมพร,,,Y349,รถจักรยานยนต์
610,2026,67.0,ชาย,Thai,เมืองสมุทรปราการ,สมุทรปราการ,19/2/2026,เทพารักษ์,เมืองสมุทรปราการ,สมุทรปราการ,,,V892,รถจักรยานยนต์
611,2026,33.0,ชาย,Thai,สีชมพู,ขอนแก่น,5/2/2026,บ้านตาด,บ้านดุง,อุดรธานี,,,V892,รถบรรทุกหนัก
612,2026,22.0,ชาย,Thai,บำเหน็จณรงค์,ชัยภูมิ,15/3/2026,วะตะแบก,เทพสถิต,ชัยภูมิ,,,Y349,รถจักรยานยนต์
613,2026,45.0,ชาย,Thai,โพธาราม,ราชบุรี,31/3/2026,หนองโพ,โพธาราม,ราชบุรี,,,V499,รถยนต์
614,2026,34.0,หญิง,Thai,สวี,ชุมพร,23/1/2026,เขาทะลุ,ทุ่งตะโก,ชุมพร,98.934058,10.208823,Y349,รถจักรยานยนต์
615,2026,22.0,ชาย,Thai,บ้านดุง,อุดรธานี,6/2/2026,บ้านตาด,บ้านดุง,อุดรธานี,,,Y349,รถจักรยานยนต์
616,2026,47.0,ชาย,Thai,แม่ลาน้อย,แม่ฮ่องสอน,3/2/2026,นครสวรรค์ออก,เมืองนครสวรรค์,นครสวรรค์,,,V892,ไม่ระบุพาหนะ
617,2026,36.0,ชาย,Thai,เขตดินแดง,กรุงเทพมหานคร,11/3/2026,รัชดาภิเษก,เขตดินแดง,กรุงเทพมหานคร,100.573522,13.778207,V892,รถจักรยานยนต์
618,2026,25.0,ชาย,Thai,พระประแดง,สมุทรปราการ,19/2/2026,บางจาก,พระประแดง,สมุทรปราการ,,,Y349,รถจักรยานยนต์
619,2026,67.0,หญิง,Thai,นายายอาม,จันทบุรี,10/3/2026,นายายอาม,นายายอาม,จันทบุรี,,,V892,รถจักรยานยนต์
620,2026,39.0,ชาย,Thai,ซับใหญ่,ชัยภูมิ,22/3/2026,ซับใหญ่,กิ่งอำเภอซับใหญ่,ชัยภูมิ,,,Y349,รถเพื่อการเกษตร
621,2026,27.0,ชาย,Thai,สันทราย,เชียงใหม่,1/1/2026,ชมพู,เนินมะปราง,พิษณุโลก,,,V892,รถยนต์
622,2026,53.0,หญิง,Thai,เมืองชุมพร,ชุมพร,12/1/2026,วังไผ่,เมืองชุมพร,ชุมพร,99.11512289,10.5094978,V892,รถจักรยานยนต์
623,2026,24.0,ชาย,Thai,เรณูนคร,นครพนม,15/2/2026,นาดี,นาดี,ปราจีนบุรี,,,Y349,รถจักรยานยนต์
624,2026,18.0,ชาย,Thai,ประจักษ์ศิลปาคม,อุดรธานี,13/2/2026,โนนสูง,เมืองอุดรธานี,อุดรธานี,102.784234,17.494538,V029,คนเดินเท้า
625,2026,26.0,ชาย,Thai,วารินชำราบ,อุบลราชธานี,23/3/2026,จรเข้บัว,เขตลาดพร้าว,กรุงเทพมหานคร,,,Y349,รถจักรยานยนต์
626,2026,22.0,ชาย,Thai,ท่ายาง,เพชรบุรี,31/3/2026,หนองชุมพล,เขาย้อย,เพชรบุรี,99.82377023,13.3005686,V892,ไม่ระบุพาหนะ
627,2026,25.0,ชาย,Thai,วัดโบสถ์,พิษณุโลก,18/1/2026,พลายชุมพล,เมืองพิษณุโลก,พิษณุโลก,,,V892,รถจักรยานยนต์
628,2026,21.0,ชาย,Thai,หลังสวน,ชุมพร,16/1/2026,ขันเงิน,หลังสวน,ชุมพร,99.064885,9.955876,Y349,รถจักรยานยนต์
629,2026,17.0,ชาย,Thai,ศรีมหาโพธิ,ปราจีนบุรี,17/2/2026,ท่าตูม,ศรีมหาโพธิ,ปราจีนบุรี,,,V892,รถจักรยานยนต์
630,2026,32.0,ชาย,Thai,ชะอวด,นครศรีธรรมราช,31/3/2026,ควนหนองหงษ์,ชะอวด,นครศรีธรรมราช,99.885388,8.007574,V892,รถจักรยานยนต์
631,2026,3.0,ชาย,Thai,พระพุทธบาท,สระบุรี,6/1/2026,ขุนโขลน,พระพุทธบาท,สระบุรี,,,V249,รถจักรยานยนต์
632,2026,25.0,ชาย,Thai,พรหมพิราม,พิษณุโลก,5/1/2026,วงฆ้อง,พรหมพิราม,พิษณุโลก,100.162102,17.129334,V892,รถจักรยานยนต์
633,2026,83.0,ชาย,Thai,บรรพตพิสัย,นครสวรรค์,24/2/2026,เจริญผล,บรรพตพิสัย,นครสวรรค์,,,Y349,รถจักรยานยนต์
634,2026,35.0,ชาย,Thai,บ้านแพ้ว,สมุทรสาคร,5/2/2026,บางแม่นาง,บางใหญ่,นนทบุรี,,,V892,รถจักรยานยนต์
635,2026,46.0,ชาย,Thai,ชาติตระการ,พิษณุโลก,11/1/2026,บ่อภาค,ชาติตระการ,พิษณุโลก,,,X599,รถยนต์
636,2026,23.0,ชาย,Thai,ท่าอุเทน,นครพนม,17/2/2026,ละหาร,บางบัวทอง,นนทบุรี,100.40866,13.952981,V892,รถจักรยานยนต์
637,2026,29.0,ชาย,Thai,แม่เมาะ,ลำปาง,9/3/2026,ปงแสนทอง,เมืองลำปาง,ลำปาง,99.428289,18.273486,V892,รถจักรยานยนต์
638,2026,33.0,ชาย,Thai,เมืองสระบุรี,สระบุรี,30/1/2026,ปากเพรียว,เมืองสระบุรี,สระบุรี,100.9362566,14.52731833,X599,รถจักรยานยนต์
639,2026,75.0,ชาย,Thai,ยางตลาด,กาฬสินธุ์,3/1/2026,กาฬสินธิ์,เมืองกาฬสินธุ์,กาฬสินธุ์,103.5038824,16.42405628,V294,รถจักรยานยนต์
640,2026,29.0,ชาย,Thai,ดอนเมือง,กรุงเทพมหานคร,11/2/2026,ลำโพ,บางบัวทอง,นนทบุรี,,,V892,รถจักรยานยนต์
641,2026,71.0,ชาย,Thai,วังทองหลาง,กรุงเทพมหานคร,31/1/2026,ในคลองบางปลากด,พระสมุทรเจดีย์,สมุทรปราการ,,,Y349,รถจักรยานยนต์
642,2026,66.0,ชาย,Thai,ลาดยาว,นครสวรรค์,16/2/2026,ลาดยาว,ลาดยาว,นครสวรรค์,99.719021,15.739743,V892,รถจักรยานยนต์
643,2026,42.0,หญิง,Thai,บางเขน,กรุงเทพมหานคร,26/3/2026,คลองถนน,เขตสายไหม,กรุงเทพมหานคร,100.643054,13.888096,V892,รถจักรยานยนต์
644,2026,35.0,ชาย,Thai,บ้านเขว้า,ชัยภูมิ,7/3/2026,วังชมภู,หนองบัวแดง,ชัยภูมิ,,,Y349,รถยนต์
645,2026,25.0,ชาย,Thai,เมืองสุรินทร์,สุรินทร์,10/1/2026,สลักได,เมืองสุรินทร์,สุรินทร์,,,V892,รถจักรยานยนต์
646,2026,59.0,ชาย,Thai,ภูเวียง,ขอนแก่น,30/1/2026,บางปูใหม่,เมืองสมุทรปราการ,สมุทรปราการ,,,Y349,รถจักรยานยนต์
647,2026,27.0,ชาย,Thai,บางใหญ่,นนทบุรี,12/2/2026,บางรักพัฒนา,บางบัวทอง,นนทบุรี,,,V892,รถจักรยานยนต์
648,2026,47.0,หญิง,Thai,เกาะสมุย,สุราษฎร์ธานี,31/3/2026,แม่น้ำ,เกาะสมุย,สุราษฎร์ธานี,,,V479,รถยนต์
649,2026,45.0,ชาย,Thai,เมืองสมุทรปราการ,สมุทรปราการ,31/1/2026,เทพารักษ์,เมืองสมุทรปราการ,สมุทรปราการ,,,Y349,รถจักรยานยนต์
650,2026,51.0,ชาย,Thai,วังเจ้า,ตาก,6/2/2026,บางศรีเมือง,เมืองนนทบุรี,นนทบุรี,,,V892,รถจักรยานยนต์
651,2026,59.0,ชาย,Thai,ตาคลี,นครสวรรค์,8/2/2026,ตากฟ้า,ตากฟ้า,นครสวรรค์,,,V892,ไม่ระบุพาหนะ
652,2026,24.0,ชาย,Thai,หลักสี่,กรุงเทพมหานคร,15/3/2026,สะพานสูง,เขตสะพานสูง,กรุงเทพมหานคร,100.691813,13.768533,Y349,รถจักรยานยนต์
653,2026,60.0,หญิง,Thai,ดอนตูม,นครปฐม,18/3/2026,ห้วยพระ,ดอนตูม,นครปฐม,,,V892,รถจักรยานยนต์
654,2026,62.0,ชาย,Thai,เทพา,สงขลา,12/1/2026,วังใหญ่,เทพา,สงขลา,,,Y349,รถจักรยานยนต์
655,2026,35.0,ชาย,Thai,บางกรวย,นนทบุรี,2/2/2026,บางกรวย,บางกรวย,นนทบุรี,,,Y349,รถจักรยานยนต์
656,2026,77.0,ชาย,Thai,เขาพนม,กระบี่,17/2/2026,เขาพนม,เมืองกระบี่,กระบี่,,,V892,รถจักรยานยนต์
657,2026,54.0,ชาย,Thai,สามพราน,นครปฐม,7/3/2026,ท่าข้าม,สามพราน,นครปฐม,,,V892,รถจักรยานยนต์
658,2026,17.0,ชาย,Thai,เมืองสมุทรปราการ,สมุทรปราการ,14/2/2026,ท่าทราย,เมืองนนทบุรี,นนทบุรี,100.513425,13.881363,Y349,รถจักรยานยนต์
659,2026,19.0,ชาย,Thai,บ้านนา,นครนายก,11/2/2026,สาริกา,เมืองนครนายก,นครนายก,,,V892,รถจักรยานยนต์
660,2026,24.0,หญิง,Thai,เมืองสมุทรปราการ,สมุทรปราการ,5/3/2026,บางนาเหนือ,เขตบางนา,กรุงเทพมหานคร,100.645679,13.671816,V892,รถจักรยานยนต์
661,2026,68.0,หญิง,Thai,เขมราฐ,อุบลราชธานี,12/1/2026,ปากเพรียว,เมืองสระบุรี,สระบุรี,,,V892,รถจักรยานยนต์
662,2026,33.0,ชาย,Thai,บางระกำ,พิษณุโลก,7/1/2026,ท่าทอง,เมืองพิษณุโลก,พิษณุโลก,,,V892,รถยนต์
663,2026,55.0,ชาย,Thai,ตาคลี,นครสวรรค์,18/2/2026,ตาคลี,ตาคลี,นครสวรรค์,,,V892,รถจักรยานยนต์
664,2026,25.0,ชาย,Thai,สามพราน,นครปฐม,12/3/2026,ทวีวัฒนา,เขตทวีวัฒนา,กรุงเทพมหานคร,,,Y349,รถจักรยานยนต์
665,2026,59.0,ชาย,Thai,ปากพะยูน,พัทลุง,1/1/2026,กำแพงเพชร,รัตภูมิ,สงขลา,,,V892,รถจักรยานยนต์
666,2026,31.0,ชาย,Thai,วังเหนือ,ลำปาง,2/3/2026,ฉิมพลี,เขตทวีวัฒนา,กรุงเทพมหานคร,,,Y349,รถจักรยานยนต์
667,2026,54.0,หญิง,Thai,นาหม่อม,สงขลา,16/1/2026,นาหม่อม,นาหม่อม,สงขลา,,,V819,รถจักรยานยนต์
668,2026,32.0,หญิง,Thai,ภูเรือ,เลย,13/2/2026,สานตม,ภูเรือ,เลย,101.4681689,17.43861608,V299,รถจักรยานยนต์
669,2026,29.0,ชาย,Thai,เมืองภูเก็ต,ภูเก็ต,10/2/2026,ตลาดเหนือ,เมืองภูเก็ต,ภูเก็ต,,,V892,รถจักรยานยนต์
670,2026,54.0,หญิง,Thai,ทุ่งครุ,กรุงเทพมหานคร,17/3/2026,ทุ่งครุ,เขตทุ่งครุ,กรุงเทพมหานคร,100.5137306,13.60583066,Y349,รถจักรยานยนต์
671,2026,26.0,ชาย,Thai,สามพราน,นครปฐม,22/3/2026,บางเตย,สามพราน,นครปฐม,,,Y349,รถจักรยานยนต์
672,2026,29.0,ชาย,Thai,เมืองสระบุรี,สระบุรี,17/1/2026,ปากเพรียว,เมืองสระบุรี,สระบุรี,,,V892,รถจักรยานยนต์
673,2026,60.0,ชาย,Thai,พนมดงรัก,สุรินทร์,2/1/2026,ดอนกลอย,พิบูลย์รักษ์,อุดรธานี,,,X599,ไม่ระบุพาหนะ
674,2026,35.0,ชาย,Thai,บางบ่อ,สมุทรปราการ,12/1/2026,โคกศิลา,เจริญศิลป์,สกลนคร,,,V892,รถจักรยานยนต์
675,2026,40.0,ชาย,Thai,บางบัวทอง,นนทบุรี,7/2/2026,บางรักน้อย,เมืองนนทบุรี,นนทบุรี,100.451269,13.873588,V892,รถจักรยานยนต์
676,2026,26.0,หญิง,Thai,พระสมุทรเจดีย์,สมุทรปราการ,12/3/2026,ทุ่งครุ,เขตทุ่งครุ,กรุงเทพมหานคร,,,Y349,รถจักรยานยนต์
677,2026,16.0,ชาย,Thai,ตากใบ,นราธิวาส,31/3/2026,บางขุนทอง,ตากใบ,นราธิวาส,,,Y349,รถจักรยานยนต์
678,2026,71.0,ชาย,Thai,โพทะเล,พิจิตร,10/1/2026,ท่าบัว,โพทะเล,พิจิตร,100.331705,16.073772,V892,รถจักรยานยนต์
679,2026,60.0,ชาย,Thai,บางคล้า,ฉะเชิงเทรา,2/3/2026,เสม็ดเหนือ,บางคล้า,ฉะเชิงเทรา,101.191169,13.668054,V284,รถจักรยานยนต์
680,2026,50.0,ชาย,Thai,หนองบัว,นครสวรรค์,9/1/2026,ทับกวาง,เมืองสระบุรี,สระบุรี,,,V892,รถจักรยานยนต์
681,2026,11.0,หญิง,Thai,ทับคล้อ,พิจิตร,4/1/2026,ชนแดน,ชนแดน,เพชรบูรณ์,100.902033,16.14832,V892,รถจักรยานยนต์
682,2026,39.0,หญิง,Thai,เมืองระยอง,ระยอง,15/2/2026,วังสมบูรณ์,กิ่งอำเภอวังสมบูรณ์,สระแก้ว,,,V499,รถยนต์
683,2026,20.0,หญิง,Thai,ภูกระดึง,เลย,1/2/2026,ห้วยส้ม,ภูกระดึง,เลย,101.904218,16.988548,V892,รถจักรยานยนต์
684,2026,29.0,ชาย,Thai,คำตากล้า,สกลนคร,16/1/2026,คำตากล้า,คำตากล้า,สกลนคร,,,Y349,รถจักรยานยนต์
685,2026,37.0,ชาย,Thai,คลองลาน,กำแพงเพชร,9/2/2026,นาบ่อคำ,เมืองกำแพงเพชร,กำแพงเพชร,99.312624,16.488219,V892,รถจักรยานยนต์
686,2026,52.0,หญิง,Thai,เมืองระยอง,ระยอง,22/3/2026,เชิงเนิน,เมืองระยอง,ระยอง,,,V892,รถจักรยานยนต์
687,2026,31.0,ชาย,Thai,บางบัวทอง,นนทบุรี,30/3/2026,ขุนศรี,ไทรน้อย,นนทบุรี,100.276839,14.003038,Y349,รถจักรยานยนต์
688,2026,68.0,หญิง,Thai,เมืองสระแก้ว,สระแก้ว,23/2/2026,โคกปี่ฆ้อง,เมืองสระแก้ว,สระแก้ว,,,V892,รถจักรยานยนต์
689,2026,51.0,ชาย,Thai,เมืองกำแพงเพชร,กำแพงเพชร,23/2/2026,อ่างทอง,เมืองกำแพงเพชร,กำแพงเพชร,99.501862,16.304347,V892,รถจักรยานยนต์
690,2026,29.0,ชาย,Thai,ชะอำ,เพชรบุรี,11/1/2026,เหมือง,เมืองชลบุรี,ชลบุรี,,,Y349,รถจักรยานยนต์
691,2026,43.0,ชาย,Thai,เมืองพิจิตร,พิจิตร,17/1/2026,เมืองเก่า,เมืองพิจิตร,พิจิตร,100.316971,16.385877,V892,รถจักรยานยนต์
692,2026,23.0,ชาย,Thai,ร้องกวาง,แพร่,1/3/2026,ร้องกวาง,ร้องกวาง,แพร่,,,X599,รถจักรยานยนต์
693,2026,35.0,ชาย,Thai,เมืองสกลนคร,สกลนคร,16/1/2026,ธาตุเชิงชุม,เมืองสกลนคร,สกลนคร,,,V892,รถจักรยานยนต์
694,2026,24.0,ชาย,Thai,ทุ่งเสลี่ยม,สุโขทัย,17/2/2026,คลองสี่,คลองหลวง,ปทุมธานี,100.69561,14.066731,Y349,รถจักรยานยนต์
695,2026,63.0,ชาย,Thai,นาด้วง,เลย,21/2/2026,นาด้วง,นาด้วง,เลย,,,Y349,รถจักรยานยนต์
696,2026,32.0,ชาย,Thai,กาญจนดิษฐ์,สุราษฎร์ธานี,1/2/2026,คลองไทร,เมืองสุราษฎร์ธานี,สุราษฎร์ธานี,99.142399,9.199915,V892,รถจักรยานยนต์
697,2026,14.0,ชาย,Thai,กุดชุม,ยโสธร,22/3/2026,ตาดทอง,เมืองยโสธร,ยโสธร,,,V892,รถจักรยานยนต์
698,2026,69.0,ชาย,Thai,ลอง,แพร่,28/3/2026,ต้าผามอก,ลอง,แพร่,99.945172,18.159133,V892,รถจักรยานยนต์
699,2026,13.0,หญิง,Thai,ทับคล้อ,พิจิตร,4/1/2026,ชนแดน,ชนแดน,เพชรบูรณ์,100.902033,16.14832,Y349,รถจักรยานยนต์
700,2026,19.0,ชาย,Thai,คลองหลวง,ปทุมธานี,3/2/2026,คลองสาม,คลองหลวง,ปทุมธานี,,,Y349,รถจักรยานยนต์
701,2026,43.0,หญิง,Thai,คลองลาน,กำแพงเพชร,9/2/2026,อ่างทอง,เมืองกำแพงเพชร,กำแพงเพชร,,,V892,รถยนต์
702,2026,60.0,ชาย,Thai,เมืองอุบลราชธานี,อุบลราชธานี,20/3/2026,ขี้เหล็ก,เมืองอุบลราชธานี,อุบลราชธานี,104.799778,15.376248,V892,รถจักรยานยนต์
703,2026,22.0,ชาย,Thai,บางคล้า,ฉะเชิงเทรา,15/3/2026,คลองประเวศ,บ้านโพธิ์,ฉะเชิงเทรา,,,V892,รถจักรยานยนต์
704,2026,43.0,หญิง,Thai,บ้านบึง,ชลบุรี,9/1/2026,หนองอิรุณ,บ้านบึง,ชลบุรี,101.186675,13.325929,Y349,รถจักรยานยนต์
705,2026,17.0,ชาย,Thai,ท่าชนะ,สุราษฎร์ธานี,6/2/2026,คลองพา,ท่าชนะ,สุราษฎร์ธานี,,,Y349,รถจักรยานยนต์
706,2026,38.0,ชาย,Thai,บางปะอิน,พระนครศรีอยุธยา,19/3/2026,บางบ่อ,บางบ่อ,สมุทรปราการ,,,V892,รถจักรยานยนต์
707,2026,27.0,ชาย,Thai,อรัญประเทศ,สระแก้ว,31/3/2026,ลาดขวาง,บ้านโพธิ์,ฉะเชิงเทรา,,,Y349,รถจักรยานยนต์
708,2026,36.0,ชาย,Thai,เมืองแพร่,แพร่,12/3/2026,หนองม่วงไข่,หนองม่วงไข่,แพร่,,,X599,รถจักรยานยนต์
709,2026,22.0,ชาย,Thai,แจ้ห่ม,ลำปาง,6/1/2026,คลองแห,หาดใหญ่,สงขลา,100.4761279,7.0095871,V892,รถจักรยานยนต์
710,2026,25.0,ชาย,Thai,เอราวัณ,เลย,10/2/2026,เมือง,เมืองเลย,เลย,,,V892,รถจักรยานยนต์
711,2026,72.0,ชาย,Thai,ปางศิลาทอง,กำแพงเพชร,21/2/2026,หินดาต,ปางศิลาทอง,กำแพงเพชร,99.47113,16.105228,V229,รถจักรยานยนต์
712,2026,25.0,ชาย,Thai,อุทุมพรพิสัย,ศรีสะเกษ,17/3/2026,บางบ่อ,บางบ่อ,สมุทรปราการ,100.852935,13.584306,V892,รถจักรยานยนต์
713,2026,50.0,ชาย,Thai,เมืองหนองบัวลำภู,หนองบัวลำภู,22/3/2026,ลำภู,เมืองหนองบัวลำภู,หนองบัวลำภู,,,V892,รถจักรยานยนต์
714,2026,49.0,ชาย,Thai,เมืองขอนแก่น,ขอนแก่น,1/1/2026,เขาไม้แก้ว,บางละมุง,ชลบุรี,101.0337798,12.92447468,V892,รถจักรยานยนต์
715,2026,43.0,ชาย,Thai,เมืองสกลนคร,สกลนคร,22/1/2026,พังขว้าง,เมืองสกลนคร,สกลนคร,,,V892,รถจักรยานยนต์
716,2026,31.0,หญิง,Thai,เมืองศรีสะเกษ,ศรีสะเกษ,28/2/2026,บางนาง,พานทอง,ชลบุรี,101.047274,13.479847,V892,รถจักรยานยนต์
717,2026,29.0,ชาย,Thai,โนนสัง,หนองบัวลำภู,24/3/2026,บ้านค้อ,โนนสัง,หนองบัวลำภู,102.604389,16.862527,Y349,รถจักรยานยนต์
718,2026,12.0,ชาย,Thai,พานทอง,ชลบุรี,4/1/2026,พานทอง,พานทอง,ชลบุรี,,,V279,รถจักรยานยนต์
719,2026,44.0,ชาย,Thai,กันทรลักษ์,ศรีสะเกษ,15/1/2026,ทุ่งใหญ่,กันทรลักษ์,ศรีสะเกษ,104.604697,14.577304,V892,รถจักรยานยนต์
720,2026,17.0,ชาย,Thai,บึงสามัคคี,กำแพงเพชร,4/2/2026,เทพนิมิตร,กิ่งอำเภอบึงสามัคคี,กำแพงเพชร,,,V279,รถจักรยานยนต์
721,2026,26.0,ชาย,Thai,สามโคก,ปทุมธานี,18/2/2026,บางโพธ์เหนือ,สามโคก,ปทุมธานี,100.5198535,14.07465383,V892,รถจักรยานยนต์
722,2026,34.0,ชาย,Thai,เมยวดี,ร้อยเอ็ด,28/2/2026,หนองขาม,ศรีราชา,ชลบุรี,,,X599,รถจักรยานยนต์
723,2026,38.0,ชาย,Thai,วังทอง,พิษณุโลก,28/1/2026,หนองกะขะ,พานทอง,ชลบุรี,101.1064221,13.4375787,V892,รถจักรยานยนต์
724,2026,60.0,ชาย,Thai,หล่มสัก,เพชรบูรณ์,17/1/2026,ตาลเดี่ยว,หล่มสัก,เพชรบูรณ์,,,V289,รถจักรยานยนต์
725,2026,23.0,ชาย,Thai,ลำลูกกา,ปทุมธานี,12/2/2026,บึงนำรักษ์,ธัญบุรี,ปทุมธานี,100.8551584,14.0636928,V892,รถจักรยานยนต์
726,2026,45.0,ชาย,Thai,โพนพิสัย,หนองคาย,20/2/2026,โพนแพง,กิ่งอำเภอรัตนวาปี,หนองคาย,,,Y349,รถจักรยานยนต์
727,2026,75.0,ชาย,Thai,เมืองเพชรบูรณ์,เพชรบูรณ์,25/1/2026,บุ่งคล้า,หล่มสัก,เพชรบูรณ์,,,V039,คนเดินเท้า
728,2026,73.0,หญิง,Thai,เมืองภูเก็ต,ภูเก็ต,15/1/2026,หาดใหญ่,หาดใหญ่,สงขลา,,,V892,รถจักรยานยนต์
729,2026,17.0,ชาย,Thai,บ้านแพ้ว,สมุทรสาคร,29/3/2026,บ้านแพ้ว,บ้านแพ้ว,สมุทรสาคร,100.098686,13.606566,V892,รถจักรยานยนต์
730,2026,28.0,ชาย,Thai,เชียงคาน,เลย,18/1/2026,พลูตาหลวง,สัตหีบ,ชลบุรี,100.9914143,12.75674243,V234,รถจักรยานยนต์
731,2026,20.0,ชาย,Thai,ศรีสงคราม,นครพนม,7/1/2026,โพนสวรรค์,โพนสวรรค์,นครพนม,104.352004,17.636104,V289,รถจักรยานยนต์
732,2026,17.0,ชาย,Thai,ศรีเทพ,เพชรบูรณ์,7/3/2026,ในคลองบางปลากด,พระสมุทรเจดีย์,สมุทรปราการ,100.56734,13.593532,Y349,รถจักรยานยนต์
733,2026,38.0,ชาย,Thai,เมืองสมุทรสาคร,สมุทรสาคร,20/3/2026,นาดี,เมืองสมุทรสาคร,สมุทรสาคร,100.2929922,13.5993694,V892,รถจักรยานยนต์
734,2026,43.0,ชาย,Thai,ศรีรัตนะ,ศรีสะเกษ,25/1/2026,ศรีโนนงาม,ศรีรัตนะ,ศรีสะเกษ,,,Y349,รถจักรยานยนต์
735,2026,60.0,ชาย,Thai,เมืองตาก,ตาก,4/2/2026,น้ำรึม,เมืองตาก,ตาก,,,V892,ไม่ระบุพาหนะ
736,2026,32.0,ชาย,Thai,ทุ่งสง,นครศรีธรรมราช,24/2/2026,นาสาร,บ้านนาสาร,สุราษฎร์ธานี,,,Y349,รถยนต์
737,2026,42.0,ชาย,Thai,เวียงสา,น่าน,4/3/2026,ดู่ใต้,เมืองน่าน,น่าน,100.732349,18.732264,V892,รถจักรยานยนต์
738,2026,49.0,ชาย,Thai,ศรีรัตนะ,ศรีสะเกษ,7/1/2026,ศรีแก้ว,ศรีรัตนะ,ศรีสะเกษ,,,Y349,รถจักรยานยนต์
739,2026,52.0,ชาย,Thai,ศรีสงคราม,นครพนม,4/1/2026,นาเดื่อ,ศรีสงคราม,นครพนม,,,Y349,รถจักรยานยนต์
740,2026,58.0,ชาย,Thai,หนองไผ่,เพชรบูรณ์,3/1/2026,ท่าแดง,หนองไผ่,เพชรบูรณ์,,,X599,รถจักรยานยนต์
741,2026,29.0,หญิง,Thai,ปากช่อง,นครราชสีมา,18/2/2026,ขนงพระ,ปากช่อง,นครราชสีมา,101.4123172,14.701753,V892,รถจักรยานยนต์
742,2026,26.0,หญิง,Thai,ขลุง,จันทบุรี,25/3/2026,บางปูใหม่,เมืองสมุทรปราการ,สมุทรปราการ,,,Y349,รถจักรยานยนต์
743,2026,19.0,ชาย,Thai,พบพระ,ตาก,13/2/2026,ช่องแคบ,พบพระ,ตาก,,,Y349,รถจักรยานยนต์
744,2026,36.0,หญิง,Thai,กุมภวาปี,อุดรธานี,12/3/2026,แพรกษา,เมืองสมุทรปราการ,สมุทรปราการ,100.671437,13.565906,V892,ไม่ระบุพาหนะ
745,2026,73.0,ชาย,Thai,บางเลน,นครปฐม,11/3/2026,อ้อมน้อย,กระทุ่มแบน,สมุทรสาคร,,,Y349,รถจักรยานยนต์
746,2026,62.0,ชาย,Thai,พระประแดง,สมุทรปราการ,3/3/2026,บางครุ,พระประแดง,สมุทรปราการ,,,Y349,รถจักรยานยนต์
747,2026,19.0,หญิง,Thai,พานทอง,ชลบุรี,17/1/2026,นาป่า,เมืองชลบุรี,ชลบุรี,,,V892,รถจักรยานยนต์
748,2026,49.0,ชาย,Thai,เมืองสมุทรสาคร,สมุทรสาคร,20/3/2026,พันท้ายนรสิงห์,เมืองสมุทรสาคร,สมุทรสาคร,,,V892,รถจักรยานยนต์
749,2026,53.0,หญิง,Thai,วังม่วง,สระบุรี,15/1/2026,หนองปรือ,บางละมุง,ชลบุรี,100.939954,12.932136,V892,รถจักรยานยนต์
750,2026,57.0,หญิง,Thai,ไพรบึง,ศรีสะเกษ,28/1/2026,ไพรบึง,ไพรบึง,ศรีสะเกษ,104.361888,14.749835,X599,รถจักรยานยนต์
751,2026,25.0,ชาย,Thai,บ้านตาก,ตาก,9/2/2026,ไม้งาม,เมืองตาก,ตาก,,,V892,รถจักรยานยนต์
752,2026,20.0,หญิง,Thai,เมืองมุกดาหาร,มุกดาหาร,13/1/2026,มุกดาหาร,เมืองมุกดาหาร,มุกดาหาร,,,V892,รถจักรยานยนต์
753,2026,67.0,หญิง,Thai,เมืองตาก,ตาก,21/2/2026,ระแหง,เมืองตาก,ตาก,99.131903,16.868298,V892,รถจักรยานยนต์
754,2026,53.0,หญิง,Thai,เมืองสมุทรปราการ,สมุทรปราการ,17/3/2026,บางปูใหม่,เมืองสมุทรปราการ,สมุทรปราการ,,,Y349,รถจักรยานยนต์
755,2026,21.0,หญิง,Thai,เมืองมุกดาหาร,มุกดาหาร,13/1/2026,มุกดาหาร,เมืองมุกดาหาร,มุกดาหาร,,,V892,รถจักรยานยนต์
756,2026,76.0,ชาย,Thai,เมืองตาก,ตาก,26/2/2026,น้ำรึม,เมืองตาก,ตาก,,,V892,ไม่ระบุพาหนะ
757,2026,41.0,ชาย,Thai,นิคมคำสร้อย,มุกดาหาร,2/1/2026,ดงเย็น,เมืองมุกดาหาร,มุกดาหาร,,,V299,รถจักรยานยนต์
758,2026,49.0,ชาย,Thai,วารินชำราบ,อุบลราชธานี,28/2/2026,แสมดำ,เขตบางขุนเทียน,กรุงเทพมหานคร,,,V892,รถจักรยานยนต์
759,2026,53.0,หญิง,Thai,ลาดยาว,นครสวรรค์,6/3/2026,ปากน้ำ,เมืองสมุทรปราการ,สมุทรปราการ,,,Y349,รถจักรยานยนต์
760,2026,29.0,ชาย,Thai,เมืองพะเยา,พะเยา,1/3/2026,แม่ปืม,เมืองพะเยา,พะเยา,99.890691,19.311454,V892,รถจักรยานยนต์
761,2026,13.0,ชาย,Thai,เมืองอุดรธานี,อุดรธานี,28/2/2026,หนองนาดำ,เมืองอุดรธานี,อุดรธานี,102.8558888,17.37102413,Y349,รถจักรยานยนต์
762,2026,31.0,ชาย,Thai,ทวีวัฒนา,กรุงเทพมหานคร,6/3/2026,ปากน้ำ,เมืองสมุทรปราการ,สมุทรปราการ,,,Y349,รถจักรยานยนต์
763,2026,50.0,ชาย,Thai,เมืองเพชรบุรี,เพชรบุรี,2/3/2026,ต้นมะพร้าว,เมืองเพชรบุรี,เพชรบุรี,,,V892,รถจักรยานยนต์
764,2026,25.0,ชาย,Thai,เมืองนนทบุรี,นนทบุรี,16/3/2026,บางรักน้อย,เมืองนนทบุรี,นนทบุรี,,,V892,รถจักรยานยนต์
765,2026,38.0,ชาย,Thai,เขาสวนกวาง,ขอนแก่น,28/3/2026,คำม่วง,เขาสวนกวาง,ขอนแก่น,,,V294,รถจักรยานยนต์
766,2026,50.0,ชาย,Thai,ปากท่อ,ราชบุรี,2/3/2026,ห้วยท่าช้าง,เขาย้อย,เพชรบุรี,,,Y349,รถจักรยานยนต์
767,2026,65.0,หญิง,Thai,สัตหีบ,ชลบุรี,5/1/2026,นาจอมเทียน,เมืองชลบุรี,ชลบุรี,,,Y349,รถจักรยานยนต์
768,2026,59.0,ชาย,Thai,หนองสองห้อง,ขอนแก่น,23/3/2026,ดอนดู่,หนองสองห้อง,ขอนแก่น,102.862989,15.807564,V234,รถจักรยานยนต์
769,2026,25.0,หญิง,Thai,ภูซาง,พะเยา,15/3/2026,ทุ่งกล้วย,กิ่งอำเภอภูซาง,พะเยา,100.407894,19.611329,V299,รถจักรยานยนต์
770,2026,58.0,ชาย,Thai,เมืองระนอง,ระนอง,9/2/2026,ราชกรูด,เมืองระนอง,ระนอง,,,V892,รถจักรยานยนต์
771,2026,28.0,ชาย,Thai,ปากพลี,นครนายก,19/3/2026,หนองแสง,ปากพลี,นครนายก,,,V892,รถจักรยานยนต์
772,2026,22.0,ชาย,Thai,พญาเม็งราย,เชียงราย,14/3/2026,ผางาม,เวียงชัย,เชียงราย,,,V892,รถจักรยานยนต์
773,2026,36.0,ชาย,Thai,ลาดพร้าว,กรุงเทพมหานคร,14/3/2026,นวมินทร์,เขตบึงกุ่ม,กรุงเทพมหานคร,,,Y349,รถจักรยานยนต์
774,2026,56.0,ชาย,Thai,องครักษ์,นครนายก,31/3/2026,พระอาจารย์,องครักษ์,นครนายก,101.0335058,14.06961524,V892,รถจักรยานยนต์
775,2026,51.0,ชาย,Thai,สตึก,บุรีรัมย์,31/3/2026,เมืองแก,สตึก,บุรีรัมย์,103.323735,15.182895,Y349,รถจักรยานยนต์
776,2026,39.0,ชาย,Thai,ท่ายาง,เพชรบุรี,16/3/2026,เขากระปุก,ท่ายาง,เพชรบุรี,,,V892,รถจักรยานยนต์
777,2026,75.0,ชาย,Thai,กันทรลักษ์,ศรีสะเกษ,14/1/2026,หนองหญ้าลาด,เมืองศรีสะเกษ,ศรีสะเกษ,104.63904,14.647151,V892,รถจักรยานยนต์
778,2026,60.0,ชาย,Thai,เมืองแพร่,แพร่,11/3/2026,วังหงส์,เมืองแพร่,แพร่,,,V892,รถเพื่อการเกษตร
779,2026,64.0,ชาย,Thai,ภูผาม่าน,ขอนแก่น,19/3/2026,ไชยสอ,ชุมแพ,ขอนแก่น,102.1243331,16.49694052,V274,รถจักรยานยนต์
780,2026,29.0,ชาย,Thai,บางละมุง,ชลบุรี,11/1/2026,ศรีราชา,บางละมุง,ชลบุรี,,,X599,รถจักรยานยนต์
781,2026,53.0,ชาย,Thai,ทุ่งใหญ่,นครศรีธรรมราช,3/1/2026,เขาวิเศษ,วังวิเศษ,ตรัง,,,Y349,รถจักรยานยนต์
782,2026,36.0,หญิง,Thai,เมืองนครสวรรค์,นครสวรรค์,6/2/2026,บ้านกรด,บางปะอิน,พระนครศรีอยุธยา,100.6127081,14.3065898,V892,รถจักรยานยนต์
783,2026,34.0,ชาย,Thai,ศรีสัชนาลัย,สุโขทัย,1/2/2026,หนองอ้อ,ศรีสัชนาลัย,สุโขทัย,,,V892,รถยนต์
784,2026,28.0,ชาย,Thai,เวียงสระ,สุราษฎร์ธานี,31/3/2026,ลำลูกกา,ลำลูกกา,ปทุมธานี,,,V892,รถจักรยานยนต์
785,2026,57.0,หญิง,Thai,ภูเขียว,ชัยภูมิ,9/3/2026,ในเมือง,เมืองขอนแก่น,ขอนแก่น,102.828667,16.439673,V892,รถจักรยานยนต์
786,2026,67.0,ชาย,Thai,ท่ายาง,เพชรบุรี,1/3/2026,ท่ายาง,ท่ายาง,เพชรบุรี,,,V892,รถจักรยานยนต์
787,2026,27.0,หญิง,Thai,บางบาล,พระนครศรีอยุธยา,15/2/2026,เชียงรากน้อย,บางปะอิน,พระนครศรีอยุธยา,,,V289,รถจักรยานยนต์
788,2026,54.0,ชาย,Thai,ศรีสัชนาลัย,สุโขทัย,3/2/2026,ดงคู่,ศรีสัชนาลัย,สุโขทัย,99.773446,17.398838,Y349,รถจักรยานยนต์
789,2026,51.0,ชาย,Thai,ท่ายาง,เพชรบุรี,15/3/2026,ท่ายาง,ท่ายาง,เพชรบุรี,,,V892,รถจักรยานยนต์
790,2026,35.0,ชาย,Thai,ลับแล,อุตรดิตถ์,24/2/2026,ดงคู่,ศรีสัชนาลัย,สุโขทัย,99.89608426,17.54854269,Y349,รถยนต์
791,2026,33.0,ชาย,Thai,ศรีบุญเรือง,หนองบัวลำภู,24/3/2026,ในเมือง,เมืองขอนแก่น,ขอนแก่น,,,V892,รถจักรยานยนต์
792,2026,28.0,ชาย,Thai,ชะอำ,เพชรบุรี,19/3/2026,นายาง,ชะอำ,เพชรบุรี,,,V892,รถจักรยานยนต์
793,2026,58.0,ชาย,Thai,ศรีสำโรง,สุโขทัย,18/2/2026,บ้านซ่าน,ศรีสำโรง,สุโขทัย,99.772888,17.199854,V892,ไม่ระบุพาหนะ
794,2026,30.0,ชาย,Thai,สวี,ชุมพร,7/2/2026,นาโพธิ์,สวี,ชุมพร,,,Y349,รถเพื่อการเกษตร
795,2026,15.0,ชาย,Thai,เมืองอุดรธานี,อุดรธานี,17/3/2026,น้ำพ่น,หนองวัวซอ,อุดรธานี,102.519661,17.306152,V294,รถจักรยานยนต์
796,2026,18.0,ชาย,Thai,เมืองเพชรบุรี,เพชรบุรี,26/3/2026,หัวสะพาน,เมืองเพชรบุรี,เพชรบุรี,,,V892,รถจักรยานยนต์
797,2026,39.0,ชาย,Thai,แม่อาย,เชียงใหม่,17/1/2026,เวียง,ฝาง,เชียงใหม่,,,X599,รถยนต์
798,2026,33.0,ชาย,Thai,เมืองนครปฐม,นครปฐม,25/1/2026,เจดีย์หัก,เมือง,ราชบุรี,,,V892,ไม่ระบุพาหนะ
799,2026,49.0,ชาย,Thai,ควนขนุน,พัทลุง,15/1/2026,ดอนทราย,ควนขนุน,พัทลุง,99.982007,7.718607,Y349,รถจักรยานยนต์
800,2026,63.0,ชาย,Thai,บางบาล,พระนครศรีอยุธยา,11/2/2026,มหาพราหมณ์,บางบาล,พระนครศรีอยุธยา,,,V892,รถจักรยานยนต์
801,2026,13.0,หญิง,Thai,สวี,ชุมพร,14/2/2026,นาสัก,สวี,ชุมพร,,,V892,รถจักรยานยนต์
802,2026,42.0,ชาย,Thai,เมืองสมุทรสาคร,สมุทรสาคร,17/3/2026,บ้านเกาะ,เมืองสมุทรสาคร,สมุทรสาคร,,,V892,รถจักรยานยนต์
803,2026,24.0,ชาย,Thai,ชะอำ,เพชรบุรี,28/3/2026,ชะอำ,ชะอำ,เพชรบุรี,99.961211,12.69744,V892,รถจักรยานยนต์
804,2026,18.0,ชาย,Thai,นาด้วง,เลย,19/2/2026,เขาแก้ว,เชียงคาน,เลย,,,V859,รถยนต์
805,2026,21.0,ชาย,Thai,ศรีรัตนะ,ศรีสะเกษ,20/3/2026,คลองเตย,เขตคลองเตย,กรุงเทพมหานคร,100.572341,13.71682,V892,รถจักรยานยนต์
806,2026,75.0,ชาย,Thai,เมืองลพบุรี,ลพบุรี,31/3/2026,โก่งธนู,เมืองลพบุรี,ลพบุรี,100.577855,14.641315,V892,รถจักรยานยนต์
807,2026,45.0,ชาย,Thai,แม่จัน,เชียงราย,14/3/2026,แม่คำ,แม่จัน,เชียงราย,99.863189,20.223975,V892,รถจักรยานยนต์
808,2026,23.0,หญิง,Thai,ดอนตูม,นครปฐม,25/1/2026,เจดีย์หัก,เมือง,ราชบุรี,,,V892,ไม่ระบุพาหนะ
809,2026,18.0,หญิง,Thai,วิหารแดง,สระบุรี,25/2/2026,ประตูชัย,พระนครศรีอยุธยา,พระนครศรีอยุธยา,,,V892,รถจักรยานยนต์
810,2026,53.0,หญิง,Thai,เดชอุดม,อุบลราชธานี,14/1/2026,เมืองเดช,เดชอุดม,อุบลราชธานี,,,V892,รถจักรยานยนต์
811,2026,28.0,หญิง,Thai,บางบ่อ,สมุทรปราการ,13/3/2026,หัวหมาก,เขตสวนหลวง,กรุงเทพมหานคร,,,Y349,รถจักรยานยนต์
812,2026,74.0,หญิง,Thai,ปากท่อ,ราชบุรี,12/1/2026,วังมะนาว,เมือง,ราชบุรี,99.840482,13.34591,V892,รถจักรยานยนต์
813,2026,18.0,หญิง,Thai,เขาย้อย,เพชรบุรี,15/1/2026,ดอนทราย,ปากท่อ,ราชบุรี,99.80984453,13.36616279,V892,ไม่ระบุพาหนะ
814,2026,26.0,หญิง,Thai,หนองจอก,กรุงเทพมหานคร,1/1/2026,กระทุ่มราย,เขตหนองจอก,กรุงเทพมหานคร,,,Y349,รถจักรยานยนต์
815,2026,22.0,ชาย,Thai,น้ำยืน,อุบลราชธานี,19/1/2026,โดมประดิษฐ์,น้ำยืน,อุบลราชธานี,,,Y349,รถจักรยานยนต์
816,2026,26.0,ชาย,Thai,บ้านโป่ง,ราชบุรี,15/1/2026,ดอนทราย,ปากท่อ,ราชบุรี,,,V892,รถจักรยานยนต์
817,2026,78.0,ชาย,Thai,ควนขนุน,พัทลุง,4/1/2026,ดอนทราย,ควนขนุน,พัทลุง,,,V239,รถจักรยานยนต์
818,2026,25.0,ชาย,Thai,สวนหลวง,กรุงเทพมหานคร,7/3/2026,บางมด,เขตจอมทอง,กรุงเทพมหานคร,,,Y349,รถจักรยานยนต์
819,2026,59.0,ชาย,Thai,หนองจอก,กรุงเทพมหานคร,29/1/2026,กระทุ่มราย,เขตหนองจอก,กรุงเทพมหานคร,100.885214,13.849846,Y349,รถจักรยานยนต์
820,2026,60.0,ชาย,Thai,วัดเพลง,ราชบุรี,7/1/2026,เกาะศาลพระ,วัดเพลง,ราชบุรี,,,Y349,รถจักรยานยนต์
821,2026,37.0,ชาย,Thai,ควนขนุน,พัทลุง,12/1/2026,แพรกหา,ควนขนุน,พัทลุง,,,V892,รถยนต์
822,2026,83.0,ชาย,Thai,บางพลัด,กรุงเทพมหานคร,5/1/2026,บางกะปิ,เขตห้วยขวาง,กรุงเทพมหานคร,,,Y349,รถจักรยานยนต์
823,2026,21.0,หญิง,Thai,เมืองเชียงใหม่,เชียงใหม่,4/1/2026,หนองจ๊อม,เมืองเชียงใหม่,เชียงใหม่,,,V892,รถจักรยานยนต์
824,2026,72.0,ชาย,Thai,บ้านบึง,ชลบุรี,23/2/2026,หนองไผ่แก้ว,บ้านบึง,ชลบุรี,,,V892,รถจักรยานยนต์
825,2026,31.0,ชาย,Thai,บางซื่อ,กรุงเทพมหานคร,16/3/2026,บางกร่าง,เมืองนนทบุรี,นนทบุรี,100.447007,13.8382056,V892,รถจักรยานยนต์
826,2026,41.0,ชาย,Thai,บางกะปิ,กรุงเทพมหานคร,30/1/2026,หัวหมาก,เขตบางกะปิ,กรุงเทพมหานคร,100.647812,13.758168,Y349,รถจักรยานยนต์
827,2026,20.0,หญิง,Thai,หนองจิก,ปัตตานี,14/1/2026,ดาโต๊ะ,หนองจิก,ปัตตานี,,,X599,รถจักรยานยนต์
828,2026,20.0,ชาย,Thai,จตุรพักตร์พิมาน,ร้อยเอ็ด,20/2/2026,หนองผือ,เมืองสรวง,ร้อยเอ็ด,,,V892,รถจักรยานยนต์
829,2026,29.0,ชาย,Thai,เพ็ญ,อุดรธานี,24/3/2026,บ้านเหล่า,เพ็ญ,อุดรธานี,103.042622,17.682218,X599,รถจักรยานยนต์
830,2026,49.0,ชาย,Thai,เมืองชัยภูมิ,ชัยภูมิ,11/2/2026,หนองบัว,วัดสิงห์,ชัยนาท,,,V892,รถจักรยานยนต์
831,2026,22.0,ชาย,Thai,ลำปลายมาศ,บุรีรัมย์,3/2/2026,ถลุงเหล็ก,เมืองบุรีรัมย์,บุรีรัมย์,103.069106,15.105674,V892,รถจักรยานยนต์
832,2026,22.0,ชาย,Thai,นครไทย,พิษณุโลก,19/2/2026,บ้านพร้าว,นครไทย,พิษณุโลก,100.800945,17.110349,V892,รถจักรยานยนต์
833,2026,25.0,หญิง,Thai,ขุนตาล,เชียงราย,11/3/2026,ศรีดอนชัย,เชียงของ,เชียงราย,100.406594,20.106873,X599,รถจักรยานยนต์
834,2026,35.0,ชาย,Thai,เมืองประจวบคีรีขันธ์,ประจวบคีรีขันธ์,14/3/2026,ห้วยทราย,เมืองประจวบคีรีขันธ์,ประจวบคีรีขันธ์,,,Y349,รถจักรยานยนต์
835,2026,27.0,หญิง,Thai,เมืองสมุทรสาคร,สมุทรสาคร,3/1/2026,ลุมพินี,เขตปทุมวัน,กรุงเทพมหานคร,,,V892,รถจักรยานยนต์
836,2026,31.0,ชาย,Thai,พัฒนานิคม,ลพบุรี,3/2/2026,ดีลัง,พัฒนานิคม,ลพบุรี,,,V892,รถจักรยานยนต์
837,2026,51.0,ชาย,Thai,หนองหาน,อุดรธานี,9/3/2026,หนองไผ่,หนองหาน,อุดรธานี,103.1115429,17.32385713,Y349,รถจักรยานยนต์
838,2026,73.0,หญิง,Thai,กุยบุรี,ประจวบคีรีขันธ์,1/3/2026,สามกระทาย,กุยบุรี,ประจวบคีรีขันธ์,99.819732,12.175103,V299,รถจักรยานยนต์
839,2026,16.0,ชาย,Thai,เมืองอุบลราชธานี,อุบลราชธานี,16/1/2026,ปทุม,เมืองอุบลราชธานี,อุบลราชธานี,,,V892,รถจักรยานยนต์
840,2026,55.0,ชาย,Thai,เมืองลำปาง,ลำปาง,26/1/2026,ตลาดพลู,เขตธนบุรี,กรุงเทพมหานคร,,,Y349,รถจักรยานยนต์
841,2026,68.0,ชาย,Thai,สิรินธร,อุบลราชธานี,6/1/2026,คันไร่,สิรินธร,อุบลราชธานี,105.356022,15.185551,X599,รถจักรยานยนต์
842,2026,20.0,หญิง,Thai,ฝาง,เชียงใหม่,1/1/2026,หนองหาร,สันทราย,เชียงใหม่,99.01490249,18.87901436,V892,รถจักรยานยนต์
843,2026,59.0,หญิง,Thai,ท่าหลวง,ลพบุรี,17/2/2026,ท่าหลวง,ท่าหลวง,ลพบุรี,,,V892,รถจักรยานยนต์
844,2026,58.0,หญิง,Thai,ประโคนชัย,บุรีรัมย์,24/2/2026,แสลงโทน,ประโคนชัย,บุรีรัมย์,103.046787,14.786871,V892,รถจักรยานยนต์
845,2026,24.0,ชาย,Thai,จอมทอง,กรุงเทพมหานคร,11/1/2026,บุคคโล,เขตธนบุรี,กรุงเทพมหานคร,,,Y349,รถจักรยานยนต์
846,2026,65.0,หญิง,Thai,ท่าหลวง,ลพบุรี,17/2/2026,ท่าหลวง,ท่าหลวง,ลพบุรี,,,Y349,รถจักรยานยนต์
847,2026,48.0,ชาย,Thai,บางบัวทอง,นนทบุรี,17/3/2026,บางบัวทอง,บางบัวทอง,นนทบุรี,100.4153619,13.9245585,V892,รถจักรยานยนต์
848,2026,34.0,ชาย,Thai,วารินชำราบ,อุบลราชธานี,10/1/2026,บุ่งไหม,วารินชำราบ,อุบลราชธานี,,,V892,ไม่ระบุพาหนะ
849,2026,40.0,ชาย,Thai,บางกอกน้อย,กรุงเทพมหานคร,21/1/2026,บางพรม,เขตตลิ่งชัน,กรุงเทพมหานคร,100.442466,13.752706,V892,รถจักรยานยนต์
850,2026,62.0,ชาย,Thai,เมืองกาญจนบุรี,กาญจนบุรี,14/1/2026,วังเย็น,เมืองกาญจนบุรี,กาญจนบุรี,99.402331,13.952705,Y349,รถจักรยานยนต์
851,2026,31.0,ชาย,Thai,กิ่งอำเภอแคนดง,บุรีรัมย์,21/2/2026,แคนดง,กิ่งอำเภอแคนดง,บุรีรัมย์,,,V284,รถจักรยานยนต์
852,2026,82.0,หญิง,Thai,นครไทย,พิษณุโลก,8/2/2026,นครไทย,นครไทย,พิษณุโลก,,,Y349,รถยนต์
853,2026,28.0,ชาย,Thai,กุดจับ,อุดรธานี,10/3/2026,เมืองเพีย,กุดจับ,อุดรธานี,102.587481,17.420319,Y349,รถจักรยานยนต์
854,2026,47.0,หญิง,Thai,กันทรารมย์,ศรีสะเกษ,11/1/2026,ท่าข้าม,เขตบางขุนเทียน,กรุงเทพมหานคร,,,V892,รถจักรยานยนต์
855,2026,45.0,ชาย,Thai,เมืองสุรินทร์,สุรินทร์,2/2/2026,บ้านตะโก,ห้วยราช,บุรีรัมย์,,,Y349,รถจักรยานยนต์
856,2026,79.0,ชาย,Thai,บางระกำ,พิษณุโลก,22/2/2026,ปลักแรด,เมืองพิษณุโลก,พิษณุโลก,100.102966,16.707644,V892,รถจักรยานยนต์
857,2026,37.0,ชาย,Thai,เมืองปราจีนบุรี,ปราจีนบุรี,31/3/2026,ดงขี้เหล็ก,เมืองปราจีนบุรี,ปราจีนบุรี,,,V892,รถจักรยานยนต์
858,2026,25.0,ชาย,Thai,เมืองเชียงราย,เชียงราย,6/3/2026,ริมกก,เมืองเชียงราย,เชียงราย,99.84324742,19.93123599,V892,รถจักรยานยนต์
859,2026,24.0,ชาย,Thai,หาดใหญ่,สงขลา,4/2/2026,บ้านนา,เมืองชุมพร,ชุมพร,99.117288,10.511287,V892,รถจักรยานยนต์
860,2026,71.0,หญิง,Thai,เมืองนนทบุรี,นนทบุรี,29/3/2026,บางกระสอ,เมืองนนทบุรี,นนทบุรี,,,V892,รถยนต์
861,2026,50.0,หญิง,Thai,เมืองอุดรธานี,อุดรธานี,18/3/2026,บ้านเลื่อม,เมืองอุดรธานี,อุดรธานี,,,Y349,รถจักรยานยนต์
862,2026,54.0,ชาย,Thai,หนองไผ่,เพชรบูรณ์,2/2/2026,นิคมลำนารายณ์,ชัยบาดาล,ลพบุรี,,,V449,รถยนต์
863,2026,74.0,ชาย,Thai,ปะคำ,บุรีรัมย์,15/2/2026,หนองบัว,ปะคำ,บุรีรัมย์,,,V049,คนเดินเท้า
864,2026,57.0,หญิง,Thai,หัวหิน,ประจวบคีรีขันธ์,19/3/2026,ทับใต้,หัวหิน,ประจวบคีรีขันธ์,,,V892,รถยนต์
865,2026,28.0,ชาย,Thai,ธนบุรี,กรุงเทพมหานคร,1/1/2026,บางปะกอก,เขตราษฎร์บูรณะ,กรุงเทพมหานคร,,,Y349,รถจักรยานยนต์
866,2026,28.0,หญิง,Thai,กุดจับ,อุดรธานี,12/1/2026,นิคมพัฒนา,กิ่งอำเภอนิคมพัฒนา,ระยอง,,,V892,รถจักรยานยนต์
867,2026,36.0,ชาย,Thai,บางกรวย,นนทบุรี,13/3/2026,บางกรวย,เมืองนนทบุรี,นนทบุรี,,,V892,รถจักรยานยนต์
868,2026,2.0,ชาย,Thai,นิคมพัฒนา,ระยอง,1/1/2026,มะขามคู่,กิ่งอำเภอนิคมพัฒนา,ระยอง,101.1146,12.8587253,V892,รถจักรยานยนต์
869,2026,68.0,ชาย,Thai,เดชอุดม,อุบลราชธานี,2/1/2026,นาส่วง,เดชอุดม,อุบลราชธานี,,,V892,รถจักรยานยนต์
870,2026,40.0,หญิง,Thai,เมืองกาญจนบุรี,กาญจนบุรี,3/1/2026,หนองโรง,พนมทวน,กาญจนบุรี,,,V892,รถยนต์
871,2026,24.0,หญิง,Thai,เมืองแม่ฮ่องสอน,แม่ฮ่องสอน,10/3/2026,ผาบ่อง,เมืองแม่ฮ่องสอน,แม่ฮ่องสอน,97.97213506,19.24164983,Y349,รถจักรยานยนต์
872,2026,54.0,หญิง,Thai,เมืองประจวบคีรีขันธ์,ประจวบคีรีขันธ์,30/3/2026,อ่าวน้อย,เมืองประจวบคีรีขันธ์,ประจวบคีรีขันธ์,,,V892,รถจักรยานยนต์
873,2026,50.0,ชาย,Thai,เสลภูมิ,ร้อยเอ็ด,15/1/2026,ปลวกแดง,ปลวกแดง,ระยอง,,,V892,รถจักรยานยนต์
874,2026,55.0,ชาย,Thai,จักราช,นครราชสีมา,11/3/2026,หนองพลวง,จักราช,นครราชสีมา,102.3732166,15.08915074,Y349,รถจักรยานยนต์
875,2026,76.0,ชาย,Thai,ปลวกแดง,ระยอง,21/1/2026,หนองบัว,บ้านค่าย,ระยอง,,,V892,รถจักรยานยนต์
876,2026,46.0,ชาย,Thai,บ้านกรวด,บุรีรัมย์,6/2/2026,หนองไม้งาม,บ้านกรวด,บุรีรัมย์,103.023513,14.370759,V039,คนเดินเท้า
877,2026,24.0,ชาย,Thai,ทุ่งครุ,กรุงเทพมหานคร,31/3/2026,บางปะกอก,เขตราษฎร์บูรณะ,กรุงเทพมหานคร,,,V892,รถจักรยานยนต์
878,2026,17.0,ชาย,Thai,บ้านลาด,เพชรบุรี,2/3/2026,หนองแก,หัวหิน,ประจวบคีรีขันธ์,,,V892,รถจักรยานยนต์
879,2026,34.0,ชาย,Thai,ลำลูกกา,ปทุมธานี,18/1/2026,จตุจักร,เขตจตุจักร,กรุงเทพมหานคร,,,Y349,รถจักรยานยนต์
880,2026,53.0,ชาย,Thai,แกลง,ระยอง,23/1/2026,ชากพง,แกลง,ระยอง,,,Y349,รถจักรยานยนต์
881,2026,22.0,ชาย,Thai,ด่านมะขามเตี้ย,กาญจนบุรี,1/1/2026,ด่านมะขามเตี้ย,ด่านมะขามเตี้ย,กาญจนบุรี,,,Y349,รถจักรยานยนต์
882,2026,26.0,ชาย,Thai,เมืองสงขลา,สงขลา,3/2/2026,หาดใหญ่,หาดใหญ่,สงขลา,100.4353561,6.998333454,V892,รถจักรยานยนต์
883,2026,44.0,ชาย,Thai,คลองหลวง,ปทุมธานี,19/3/2026,คลองเจ็ด,คลองหลวง,ปทุมธานี,100.7472206,14.13097697,Y349,รถจักรยานยนต์
884,2026,32.0,ชาย,Thai,เซกา,บึงกาฬ,27/3/2026,ขุนทอง,บัวใหญ่,นครราชสีมา,102.357842,15.675822,V892,รถจักรยานยนต์
885,2026,53.0,ชาย,Thai,สตึก,บุรีรัมย์,19/2/2026,บ้านยาง,เมืองบุรีรัมย์,บุรีรัมย์,103.1644542,15.02442383,V892,รถจักรยานยนต์
886,2026,46.0,ชาย,Thai,ปักธงชัย,นครราชสีมา,26/3/2026,โคกไทย,ปักธงชัย,นครราชสีมา,102.085057,14.725754,X599,รถจักรยานยนต์
887,2026,71.0,หญิง,Thai,แกลง,ระยอง,27/1/2026,กองดิน,แกลง,ระยอง,,,Y349,รถยนต์
888,2026,73.0,หญิง,Thai,ลี้,ลำพูน,2/1/2026,ลี้,เมืองลำพูน,ลำพูน,,,V892,รถจักรยานยนต์
889,2026,14.0,ชาย,Thai,โพธิ์ประทับช้าง,พิจิตร,10/2/2026,ทุ่งใหญ่,โพธิ์ประทับช้าง,พิจิตร,100.073614,16.27981,V892,รถยนต์
890,2026,18.0,หญิง,Thai,ควนกาหลง,สตูล,13/2/2026,ควนกาหลง,ควนกาหลง,สตูล,,,V299,รถจักรยานยนต์
891,2026,39.0,ชาย,Thai,ปักธงชัย,นครราชสีมา,16/3/2026,นกออก,ปักธงชัย,นครราชสีมา,,,Y349,รถจักรยานยนต์
892,2026,59.0,ชาย,Thai,เชียงคาน,เลย,5/3/2026,ปากตม,เชียงคาน,เลย,,,Y349,รถจักรยานยนต์
893,2026,46.0,ชาย,Thai,เมืองนครสวรรค์,นครสวรรค์,6/3/2026,บางม่วง,เมืองนครสวรรค์,นครสวรรค์,100.119473,15.737398,V892,รถจักรยานยนต์
894,2026,41.0,หญิง,Thai,บ้านฉาง,ระยอง,16/1/2026,สำนักท้อน,บ้านฉาง,ระยอง,,,V892,รถจักรยานยนต์
895,2026,50.0,ชาย,Thai,สามพราน,นครปฐม,17/2/2026,ลำโพ,บางบัวทอง,นนทบุรี,,,X599,รถจักรยานยนต์
896,2026,24.0,หญิง,Thai,คลองหลวง,ปทุมธานี,17/3/2026,หน้าไม้,ลาดหลุมแก้ว,ปทุมธานี,,,Y349,รถจักรยานยนต์
897,2026,38.0,ชาย,Thai,ปากชม,เลย,16/3/2026,เชียงกลม,ปากชม,เลย,101.957975,17.843955,X599,รถจักรยานยนต์
898,2026,23.0,ชาย,Thai,สวนหลวง,กรุงเทพมหานคร,14/1/2026,อ่อนนุช,เขตสวนหลวง,กรุงเทพมหานคร,100.606958,13.713655,V892,รถจักรยานยนต์
899,2026,26.0,ชาย,Thai,ท่ามะกา,กาญจนบุรี,1/1/2026,ท่ามะกา,ท่ามะกา,กาญจนบุรี,99.766686,13.917053,V892,รถจักรยานยนต์
900,2026,61.0,ชาย,Thai,เมืองพิจิตร,พิจิตร,4/2/2026,ดงเสือเหลือง,โพธิ์ประทับช้าง,พิจิตร,100.309808,16.302401,V892,รถจักรยานยนต์
901,2026,29.0,หญิง,Thai,บ้านหมอ,สระบุรี,1/3/2026,หน้าไม้,ลาดหลุมแก้ว,ปทุมธานี,,,V892,รถจักรยานยนต์
902,2026,27.0,ชาย,Thai,หัวไทร,นครศรีธรรมราช,4/3/2026,เขาพระบาท,เชียรใหญ่,นครศรีธรรมราช,100.186186,8.07575,V892,รถจักรยานยนต์
903,2026,47.0,ชาย,Thai,ราชเทวี,กรุงเทพมหานคร,27/1/2026,จอมทอง,เขตจอมทอง,กรุงเทพมหานคร,100.4648457,13.69985659,Y349,รถจักรยานยนต์
904,2026,26.0,ชาย,Thai,บ้านฉาง,ระยอง,4/1/2026,ห้วยโป่ง,เมืองระยอง,ระยอง,,,V892,รถจักรยานยนต์
905,2026,69.0,ชาย,Thai,โพธิ์ประทับช้าง,พิจิตร,12/2/2026,ไผ่รอบ,เมืองพิจิตร,พิจิตร,100.178309,16.357804,V892,รถจักรยานยนต์
906,2026,38.0,หญิง,Thai,จอมทอง,เชียงใหม่,18/1/2026,ลี้,เมืองลำพูน,ลำพูน,,,V892,รถจักรยานยนต์
907,2026,45.0,ชาย,Thai,เมืองปราจีนบุรี,ปราจีนบุรี,1/2/2026,ไม้เค็ด,เมืองปราจีนบุรี,ปราจีนบุรี,,,V892,รถยนต์
908,2026,21.0,ชาย,Thai,ลำลูกกา,ปทุมธานี,9/3/2026,ลำลูกกา,ลำลูกกา,ปทุมธานี,,,V892,รถจักรยานยนต์
909,2026,61.0,หญิง,Thai,ร่องคำ,กาฬสินธุ์,16/2/2026,สามัคคี,ร่องคำ,กาฬสินธุ์,103.684075,16.30658667,V429,รถยนต์
910,2026,82.0,ชาย,Thai,บรรพตพิสัย,นครสวรรค์,2/3/2026,วัดไทรย์,เมืองนครสวรรค์,นครสวรรค์,100.1147369,15.72541968,V892,รถจักรยานยนต์
911,2026,24.0,ชาย,Thai,เมืองลำพูน,ลำพูน,28/2/2026,บ้านแป้น,เมืองลำพูน,ลำพูน,,,V892,รถจักรยานยนต์
912,2026,30.0,ชาย,Thai,เมืองสุรินทร์,สุรินทร์,10/2/2026,นอกเมือง,เมืองสุรินทร์,สุรินทร์,,,V892,รถจักรยานยนต์
913,2026,40.0,ชาย,Thai,สามโคก,ปทุมธานี,20/3/2026,บ้านปทุม,สามโคก,ปทุมธานี,,,V892,รถจักรยานยนต์
914,2026,59.0,ชาย,Thai,กระสัง,บุรีรัมย์,8/2/2026,คอโค,เมืองสุรินทร์,สุรินทร์,103.416501,14.902644,V892,รถจักรยานยนต์
915,2026,19.0,ชาย,Thai,พยุห์,ศรีสะเกษ,21/3/2026,เชียงรากใหญ่,สามโคก,ปทุมธานี,,,V892,รถจักรยานยนต์
916,2026,51.0,หญิง,Thai,เมืองเลย,เลย,10/3/2026,นาอ้อ,เมืองเลย,เลย,101.753041,17.584015,V892,รถจักรยานยนต์
917,2026,61.0,หญิง,Thai,หนองบัว,นครสวรรค์,4/3/2026,วังบ่อ,หนองบัว,นครสวรรค์,,,V029,คนเดินเท้า
918,2026,78.0,ชาย,Thai,พนมทวน,กาญจนบุรี,4/1/2026,ดอนแสลบ,เมืองกาญจนบุรี,กาญจนบุรี,,,V892,รถจักรยานยนต์
919,2026,27.0,หญิง,Thai,ลำลูกกา,ปทุมธานี,7/3/2026,บึงยี่โถ,ธัญบุรี,ปทุมธานี,,,Y349,รถจักรยานยนต์
920,2026,2.0,หญิง,Thai,บรรพตพิสัย,นครสวรรค์,5/3/2026,เจริญผล,บรรพตพิสัย,นครสวรรค์,,,V892,รถยนต์
921,2026,52.0,หญิง,Thai,นาโพธิ์,บุรีรัมย์,18/1/2026,ท่าประดู่,เมืองระยอง,ระยอง,,,V892,รถจักรยานยนต์
922,2026,56.0,ชาย,Thai,นาจะหลวย,อุบลราชธานี,6/1/2026,โนนสมบูรณ์,เมืองอุบลราชธานี,อุบลราชธานี,105.236492,14.679594,V892,รถจักรยานยนต์
923,2026,67.0,ชาย,Thai,พระพุทธบาท,สระบุรี,31/1/2026,ห้วยป่าหวาย,พระพุทธบาท,สระบุรี,100.8152085,14.6439558,V892,รถจักรยานยนต์
924,2026,33.0,ชาย,Thai,จอมพระ,สุรินทร์,19/2/2026,จอมพระ,จอมพระ,สุรินทร์,103.6174048,15.1061255,V892,รถจักรยานยนต์
925,2026,32.0,ชาย,Thai,เมืองเพชรบูรณ์,เพชรบูรณ์,10/2/2026,นายม,เมืองเพชรบูรณ์,เพชรบูรณ์,101.1792634,16.2265596,V892,รถจักรยานยนต์
926,2026,73.0,ชาย,Thai,ห้วยยอด,ตรัง,11/2/2026,บางกุ้ง,ห้วยยอด,ตรัง,,,V299,รถจักรยานยนต์
927,2026,61.0,ชาย,Thai,ลาดกระบัง,กรุงเทพมหานคร,19/3/2026,ลำลูกกา,ลำลูกกา,ปทุมธานี,,,V892,รถจักรยานยนต์
928,2026,32.0,ชาย,Thai,บรรพตพิสัย,นครสวรรค์,3/3/2026,ตานิม,บางปะหัน,พระนครศรีอยุธยา,100.529902,14.48167,Y349,รถจักรยานยนต์
929,2026,26.0,ชาย,Thai,เมืองกาฬสินธุ์,กาฬสินธุ์,14/2/2026,ขมิ้น,เมืองกาฬสินธุ์,กาฬสินธุ์,,,V892,รถจักรยานยนต์
930,2026,42.0,ชาย,Thai,วังวิเศษ,ตรัง,23/2/2026,ทุ่งต่อ,ห้วยยอด,ตรัง,,,V892,รถจักรยานยนต์
931,2026,22.0,ชาย,Thai,ลาดหลุมแก้ว,ปทุมธานี,7/3/2026,ระแหง,ลาดหลุมแก้ว,ปทุมธานี,100.382541,14.070064,V892,รถจักรยานยนต์
932,2026,30.0,ชาย,Thai,เมืองขอนแก่น,ขอนแก่น,29/3/2026,บ้านม่วง,สังคม,หนองคาย,,,X599,ไม่ระบุพาหนะ
933,2026,41.0,ชาย,Thai,ป่าโมก,อ่างทอง,22/1/2026,สนามชัย,เมืองสุพรรณบุรี,สุพรรณบุรี,100.170671,14.51723088,V479,รถยนต์
934,2026,25.0,ชาย,Thai,สังขะ,สุรินทร์,5/2/2026,สะกาด,สังขะ,สุรินทร์,,,Y349,รถจักรยานยนต์
935,2026,64.0,หญิง,Thai,เมืองสกลนคร,สกลนคร,4/2/2026,ขมิ้น,เมืองสกลนคร,สกลนคร,,,V892,รถจักรยานยนต์
936,2026,61.0,ชาย,Thai,เมืองเพชรบูรณ์,เพชรบูรณ์,19/2/2026,ห้วยโป่ง,หนองไผ่,เพชรบูรณ์,,,V892,รถจักรยานยนต์
937,2026,38.0,ชาย,Thai,ธัญบุรี,ปทุมธานี,9/3/2026,บึงนำรักษ์,ธัญบุรี,ปทุมธานี,,,Y349,รถจักรยานยนต์
938,2026,41.0,ชาย,Thai,โนนสูง,นครราชสีมา,1/3/2026,ขุย,กิ่งอำเภอลำทะเมนชัย,นครราชสีมา,102.893726,15.356347,Y349,รถจักรยานยนต์
939,2026,24.0,ชาย,Thai,ดอนตูม,นครปฐม,30/1/2026,วังพร้าว,เกาะคา,ลำปาง,,,V892,ไม่ระบุพาหนะ
940,2026,75.0,ชาย,Thai,กุสุมาลย์,สกลนคร,11/2/2026,กุสุมาลย์,กุสุมาลย์,สกลนคร,,,Y349,รถจักรยานยนต์
941,2026,70.0,ชาย,Thai,หนองไผ่,เพชรบูรณ์,15/2/2026,หนองไผ่,หนองไผ่,เพชรบูรณ์,,,V892,รถจักรยานยนต์
942,2026,40.0,ชาย,Thai,ดอนตาล,มุกดาหาร,25/3/2026,รังสิต,ธัญบุรี,ปทุมธานี,,,X599,รถจักรยานยนต์
943,2026,53.0,หญิง,Thai,เมืองนครราชสีมา,นครราชสีมา,17/3/2026,โคกกรวด,ปากช่อง,นครราชสีมา,101.961906,14.924959,V892,รถจักรยานยนต์
944,2026,46.0,ชาย,Thai,วานรนิวาส,สกลนคร,26/3/2026,ห้วยหอม,ตาคลี,นครสวรรค์,,,V299,รถจักรยานยนต์
945,2026,21.0,ชาย,Thai,ดอนเมือง,กรุงเทพมหานคร,15/1/2026,คันนายาว,เขตคันนายาว,กรุงเทพมหานคร,,,Y349,รถจักรยานยนต์
946,2026,35.0,ชาย,Thai,เสริมงาม,ลำปาง,4/1/2026,ทุ่งงาม,เสริมงาม,ลำปาง,,,V234,รถจักรยานยนต์
947,2026,22.0,หญิง,Thai,หนองแค,สระบุรี,9/2/2026,หนองปลาหมอ,หนองแค,สระบุรี,,,V892,รถจักรยานยนต์
948,2026,25.0,ชาย,Thai,เมืองยาง,นครราชสีมา,22/3/2026,เมืองยาง,กิ่งอำเภอเมืองยาง,นครราชสีมา,102.875653,15.427191,V274,รถจักรยานยนต์
949,2026,43.0,ชาย,Thai,เมืองสุพรรณบุรี,สุพรรณบุรี,1/1/2026,ปงเตา,งาว,ลำปาง,,,Y349,รถจักรยานยนต์
950,2026,60.0,หญิง,Thai,วานรนิวาส,สกลนคร,6/2/2026,คูสะคาม,วานรนิวาส,สกลนคร,,,V892,รถจักรยานยนต์
951,2026,6.0,ชาย,Thai,สิเกา,ตรัง,20/2/2026,นาเมืองเพชร,เมืองตรัง,ตรัง,,,V299,รถจักรยานยนต์
952,2026,38.0,หญิง,Thai,เมืองสมุทรสาคร,สมุทรสาคร,15/1/2026,บางน้ำจืด,เมืองสมุทรสาคร,สมุทรสาคร,,,V892,รถจักรยานยนต์
953,2026,58.0,ชาย,Thai,เมืองพัทลุง,พัทลุง,13/2/2026,ควนขนุน,เขาชัยสน,พัทลุง,,,V499,รถยนต์
954,2026,35.0,ชาย,Thai,เรณูนคร,นครพนม,12/3/2026,คลองหนึ่ง,คลองหลวง,ปทุมธานี,,,V892,รถจักรยานยนต์
955,2026,48.0,หญิง,Thai,ขามทะเลสอ,นครราชสีมา,27/3/2026,โป่งแดง,ขามทะเลสอ,นครราชสีมา,101.931644,14.945109,Y349,รถจักรยานยนต์
956,2026,16.0,ชาย,Thai,บางบ่อ,สมุทรปราการ,30/1/2026,สองคลอง,บางปะกง,ฉะเชิงเทรา,101.0871962,13.6871923,Y349,รถจักรยานยนต์
957,2026,71.0,หญิง,Thai,เมืองอุทัยธานี,อุทัยธานี,3/3/2026,อุทัยใหม่,เมืองอุทัยธานี,อุทัยธานี,100.0231871,15.40591086,Y349,รถจักรยานยนต์
958,2026,25.0,ชาย,Thai,สว่างแดนดิน,สกลนคร,14/2/2026,ตาลโกน,สว่างแดนดิน,สกลนคร,,,Y349,รถจักรยานยนต์
959,2026,54.0,ชาย,Thai,โกรกพระ,นครสวรรค์,16/3/2026,เนินแจง,เมืองอุทัยธานี,อุทัยธานี,100.030372,15.465736,Y349,รถจักรยานยนต์
960,2026,40.0,หญิง,Thai,เมืองสมุทรปราการ,สมุทรปราการ,1/1/2026,บางปู,เมืองสมุทรปราการ,สมุทรปราการ,,,V892,รถจักรยานยนต์
961,2026,45.0,ชาย,Thai,สว่างแดนดิน,สกลนคร,5/2/2026,บ้านถ่อน,สว่างแดนดิน,สกลนคร,,,V892,รถจักรยานยนต์
962,2026,16.0,หญิง,Thai,คลองลาน,กำแพงเพชร,1/1/2026,แพรกษา,เมืองสมุทรปราการ,สมุทรปราการ,,,V892,รถจักรยานยนต์
963,2026,14.0,ชาย,Thai,เมืองยโสธร,ยโสธร,8/1/2026,คำน้ำสร้าง,เมืองยโสธร,ยโสธร,104.272179,16.109425,V299,รถจักรยานยนต์
964,2026,31.0,ชาย,Thai,เฉลิมพระเกียรติ,สระบุรี,16/2/2026,พุแค,เฉลิมพระเกียรติ,สระบุรี,100.886769,14.66165,V892,รถจักรยานยนต์
965,2026,56.0,ชาย,Thai,เมืองสกลนคร,สกลนคร,6/2/2026,ห้วยยาง,ภูพาน,สกลนคร,,,V234,รถจักรยานยนต์
966,2026,22.0,ชาย,Thai,ละหานทราย,บุรีรัมย์,9/3/2026,ประชาธิปัตย์,ธัญบุรี,ปทุมธานี,,,Y349,รถจักรยานยนต์
967,2026,16.0,ชาย,Thai,โนนสูง,นครราชสีมา,3/3/2026,มะค่า,โนนสูง,นครราชสีมา,102.310958,15.287969,X599,รถจักรยานยนต์
968,2026,55.0,ชาย,Thai,เขตบางนา,กรุงเทพมหานคร,18/1/2026,บางนาเหนือ,เขตบางนา,กรุงเทพมหานคร,,,V892,รถจักรยานยนต์
969,2026,35.0,ชาย,Thai,สอยดาว,จันทบุรี,24/1/2026,ปะตง,สอยดาว,จันทบุรี,,,Y349,รถจักรยานยนต์
970,2026,18.0,ชาย,Thai,ห้างฉัตร,ลำปาง,22/1/2026,ชมพู,เมืองลำปาง,ลำปาง,99.42953076,18.23092415,V892,รถจักรยานยนต์
971,2026,29.0,ชาย,Thai,ปากช่อง,นครราชสีมา,8/3/2026,คลองม่วง,ปากช่อง,นครราชสีมา,101.4123147,14.7018085,V299,รถจักรยานยนต์
972,2026,13.0,หญิง,Thai,มายอ,ปัตตานี,19/2/2026,ปะโด,มายอ,ปัตตานี,,,V299,รถจักรยานยนต์
973,2026,38.0,ชาย,Thai,แม่ทะ,ลำปาง,14/1/2026,พระบาท,เมืองลำปาง,ลำปาง,,,V892,ไม่ระบุพาหนะ
974,2026,33.0,ชาย,Thai,มะขาม,จันทบุรี,11/1/2026,ชากไทย,กิ่งอำเภอเขาคิชฌกูฏ,จันทบุรี,,,V892,รถจักรยานยนต์
975,2026,62.0,หญิง,Thai,เมืองนครราชสีมา,นครราชสีมา,28/1/2026,หนองไข่น้ำ,เมืองนครราชสีมา,นครราชสีมา,,,V892,รถจักรยานยนต์
976,2026,48.0,ชาย,Thai,พระพุทธบาท,สระบุรี,8/2/2026,พระพุทธบาท,พระพุทธบาท,สระบุรี,100.7803325,14.7157898,Y349,รถจักรยานยนต์
977,2026,22.0,หญิง,Thai,เจริญศิลป์,สกลนคร,23/3/2026,ขยาย,บางปะหัน,พระนครศรีอยุธยา,100.568836,14.418408,V892,รถจักรยานยนต์
978,2026,36.0,ชาย,Thai,เมืองสมุทรสาคร,สมุทรสาคร,10/1/2026,คลองบางบอน,เขตบางบอน,กรุงเทพมหานคร,,,Y349,รถจักรยานยนต์
979,2026,16.0,ชาย,Thai,เมืองลำปาง,ลำปาง,23/1/2026,ปงแสนทอง,เมืองลำปาง,ลำปาง,,,V892,รถจักรยานยนต์
980,2026,24.0,ชาย,Thai,พลับพลาชัย,บุรีรัมย์,27/2/2026,สำโรง,พลับพลาชัย,บุรีรัมย์,103.097609,14.760332,V892,รถจักรยานยนต์
981,2026,41.0,ชาย,Thai,เมืองนครราชสีมา,นครราชสีมา,25/3/2026,ในเมือง,เมืองนครราชสีมา,นครราชสีมา,,,V892,ไม่ระบุพาหนะ
982,2026,38.0,ชาย,Thai,เมืองกระบี่,กระบี่,10/3/2026,ไสไทย,เมืองกระบี่,กระบี่,,,V892,รถจักรยานยนต์
983,2026,21.0,หญิง,Thai,เมืองสกลนคร,สกลนคร,15/2/2026,ธาตุเชิงชุม,เมืองสกลนคร,สกลนคร,,,V892,รถจักรยานยนต์
984,2026,24.0,ชาย,Thai,เมืองกำแพงเพชร,กำแพงเพชร,28/3/2026,หนองปลิง,เมืองกำแพงเพชร,กำแพงเพชร,99.503793,16.576202,V274,รถจักรยานยนต์
985,2026,26.0,ชาย,Thai,เมืองจันทบุรี,จันทบุรี,3/1/2026,แสลง,เมืองจันทบุรี,จันทบุรี,,,V892,ไม่ระบุพาหนะ
986,2026,20.0,ชาย,Thai,หนองเสือ,ปทุมธานี,27/2/2026,รังสิต,ธัญบุรี,ปทุมธานี,,,Y349,รถจักรยานยนต์
987,2026,53.0,ชาย,Thai,จอมบึง,ราชบุรี,20/2/2026,ปากช่อง,จอมบึง,ราชบุรี,,,V892,ไม่ระบุพาหนะ
988,2026,30.0,ชาย,Thai,อุทัย,พระนครศรีอยุธยา,27/3/2026,สามบัณฑิต,อุทัย,พระนครศรีอยุธยา,,,Y349,รถจักรยานยนต์
989,2026,66.0,ชาย,Thai,ชนแดน,เพชรบูรณ์,22/3/2026,สลกบาตร,ขาณุวรลักษบุรี,กำแพงเพชร,99.809788,15.994899,V892,รถจักรยานยนต์
990,2026,19.0,ชาย,Thai,ตะกั่วทุ่ง,พังงา,19/3/2026,กะไหล,ตะกั่วทุ่ง,พังงา,98.406075,8.320765,V099,คนเดินเท้า
991,2026,24.0,ชาย,Thai,เมืองสระบุรี,สระบุรี,15/1/2026,หนองโน,เมืองสระบุรี,สระบุรี,,,V892,รถจักรยานยนต์
992,2026,76.0,ชาย,Thai,กุดชุม,ยโสธร,7/1/2026,โพนงาม,กุดชุม,ยโสธร,,,V892,รถจักรยานยนต์
993,2026,25.0,หญิง,Thai,ชำนิ,บุรีรัมย์,29/1/2026,อิสาณ,เมืองบุรีรัมย์,บุรีรัมย์,,,V892,รถจักรยานยนต์
994,2026,15.0,หญิง,Thai,เมืองกำแพงเพชร,กำแพงเพชร,4/3/2026,ถ้ำกระต่ายทอง,พรานกระต่าย,กำแพงเพชร,,,Y349,รถจักรยานยนต์
995,2026,57.0,ชาย,Thai,แก่งคอย,สระบุรี,29/1/2026,ชะอม,แก่งคอย,สระบุรี,,,V892,รถจักรยานยนต์
996,2026,87.0,ชาย,Thai,เมืองราชบุรี,ราชบุรี,24/2/2026,จอมบึง,จอมบึง,ราชบุรี,,,X599,รถจักรยานยนต์
997,2026,29.0,ชาย,Thai,บางบ่อ,สมุทรปราการ,6/1/2026,บางเสาธง,บางพลี,สมุทรปราการ,,,V892,รถจักรยานยนต์
998,2026,53.0,ชาย,Thai,กระสัง,บุรีรัมย์,29/1/2026,ตระแสง,เมืองสุรินทร์,สุรินทร์,,,Y349,รถจักรยานยนต์
999,2026,27.0,ชาย,Thai,เมืองนครราชสีมา,นครราชสีมา,16/3/2026,ทุ่งมะพร้าว,ท้ายเหมือง,พังงา,98.330078,8.519588,V892,รถจักรยานยนต์
1000,2026,27.0,ชาย,Thai,หนองพอก,ร้อยเอ็ด,11/1/2026,บางปลา,บางพลี,สมุทรปราการ,,,V892,รถจักรยานยนต์
1001,2026,23.0,ชาย,Thai,ภักดีชุมพล,ชัยภูมิ,11/1/2026,ถ้ำวัวแดง,หนองบัวแดง,ชัยภูมิ,,,Y349,รถจักรยานยนต์
1002,2026,21.0,ชาย,Thai,ท่าปลา,อุตรดิตถ์,18/1/2026,วังดิน,เมืองอุตรดิตถ์,อุตรดิตถ์,100.279193,17.742996,V892,รถจักรยานยนต์
1003,2026,79.0,ชาย,Thai,บ้านโป่ง,ราชบุรี,26/2/2026,เขาขลุง,บ้านโป่ง,ราชบุรี,,,V892,รถจักรยานยนต์
1004,2026,72.0,ชาย,Thai,สีคิ้ว,นครราชสีมา,15/3/2026,กุดน้อย,เมืองนครราชสีมา,นครราชสีมา,,,V892,รถจักรยานยนต์
1005,2026,20.0,ชาย,Thai,มหาชนะชัย,ยโสธร,11/1/2026,ห้วยด้วน,ดอนตูม,นครปฐม,,,V892,รถจักรยานยนต์
1006,2026,56.0,หญิง,Thai,เมืองนครพนม,นครพนม,15/2/2026,กุตาไก้,ปลาปาก,นครพนม,104.640874,17.251211,Y349,รถจักรยานยนต์
1007,2026,29.0,ชาย,Thai,บ้านโป่ง,ราชบุรี,3/2/2026,ปากแรต,บ้านโป่ง,ราชบุรี,99.89338667,13.81272,V892,รถจักรยานยนต์
1008,2026,26.0,ชาย,Thai,จัตุรัส,ชัยภูมิ,1/1/2026,ส้มป่อย,จัตุรัส,ชัยภูมิ,,,V284,รถจักรยานยนต์
1009,2026,37.0,ชาย,Thai,ลับแล,อุตรดิตถ์,18/1/2026,ทุ่งยั้ง,ลับแล,อุตรดิตถ์,100.046809,17.599022,V892,รถจักรยานยนต์
1010,2026,52.0,ชาย,Thai,สามพราน,นครปฐม,5/1/2026,คลองใหม่,สามพราน,นครปฐม,,,V892,ไม่ระบุพาหนะ
1011,2026,19.0,ชาย,Thai,เสนา,พระนครศรีอยุธยา,4/3/2026,สามกอ,เสนา,พระนครศรีอยุธยา,,,V892,รถจักรยานยนต์
1012,2026,53.0,หญิง,Thai,บางพลี,สมุทรปราการ,26/1/2026,บางโฉลง,บางพลี,สมุทรปราการ,100.734881,13.621946,V892,รถจักรยานยนต์
1013,2026,52.0,ชาย,Thai,บำเหน็จณรงค์,ชัยภูมิ,6/1/2026,ท่ากูบ,กิ่งอำเภอซับใหญ่,ชัยภูมิ,,,X599,รถเพื่อการเกษตร
1014,2026,64.0,ชาย,Thai,พนมไพร,ร้อยเอ็ด,29/1/2026,เขื่องคำ,เมืองยโสธร,ยโสธร,,,V892,ไม่ระบุพาหนะ
1015,2026,45.0,ชาย,Thai,กำแพงแสน,นครปฐม,15/2/2026,ยางหัก,ปากท่อ,ราชบุรี,,,V892,รถจักรยานยนต์
1016,2026,55.0,ชาย,Thai,ภูกระดึง,เลย,4/1/2026,บางเตย,สามพราน,นครปฐม,100.2751079,13.77762589,V892,รถจักรยานยนต์
1017,2026,37.0,ชาย,Thai,ปทุมราชวงศา,อำนาจเจริญ,22/2/2026,โนนงาม,เมืองอำนาจเจริญ,อำนาจเจริญ,104.7658539,15.88315392,V479,รถยนต์
1018,2026,34.0,หญิง,Thai,วัดเพลง,ราชบุรี,10/2/2026,จอมประทัด,วัดเพลง,ราชบุรี,,,X599,ไม่ระบุพาหนะ
1019,2026,26.0,หญิง,Thai,พุทธมณฑล,นครปฐม,1/1/2026,บางกระทึก,สามพราน,นครปฐม,,,Y349,รถจักรยานยนต์
1020,2026,32.0,ชาย,Thai,โพธาราม,ราชบุรี,26/2/2026,เจ็ดเสมียน,โพธาราม,ราชบุรี,99.8184643,13.6234532,V892,รถจักรยานยนต์
1021,2026,47.0,หญิง,Thai,เมืองอุทัยธานี,อุทัยธานี,17/1/2026,บางโฉลง,บางพลี,สมุทรปราการ,100.734881,13.621946,V892,ไม่ระบุพาหนะ
1022,2026,33.0,ชาย,Thai,บางคล้า,ฉะเชิงเทรา,2/1/2026,หน้าเมือง,เมืองฉะเชิงเทรา,ฉะเชิงเทรา,,,V892,รถจักรยานยนต์
1023,2026,31.0,หญิง,Thai,กระทุ่มแบน,สมุทรสาคร,21/1/2026,กระทุ่มล้ม,สามพราน,นครปฐม,,,Y349,รถจักรยานยนต์
1024,2026,56.0,ชาย,Thai,บางน้ำเปรี้ยว,ฉะเชิงเทรา,2/1/2026,หมอนทอง,บางน้ำเปรี้ยว,ฉะเชิงเทรา,101.037238,13.86093,V892,รถจักรยานยนต์
1025,2026,12.0,ชาย,Thai,นาวัง,หนองบัวลำภู,25/1/2026,วังทอง,นาวัง,หนองบัวลำภู,,,Y349,รถจักรยานยนต์
1026,2026,53.0,ชาย,Thai,ระแงะ,นราธิวาส,18/2/2026,มะรือโบตก,ระแงะ,นราธิวาส,,,V892,รถจักรยานยนต์
1027,2026,23.0,ชาย,Thai,เมืองขอนแก่น,ขอนแก่น,4/3/2026,วิชิต,เมืองภูเก็ต,ภูเก็ต,,,V892,รถจักรยานยนต์
1028,2026,22.0,ชาย,Thai,เมืองสมุทรปราการ,สมุทรปราการ,21/1/2026,บางปลา,บางพลี,สมุทรปราการ,,,V892,รถจักรยานยนต์
1029,2026,13.0,หญิง,Thai,ร้องกวาง,แพร่,13/1/2026,แม่ทราย,ร้องกวาง,แพร่,,,V892,รถจักรยานยนต์
1030,2026,16.0,ชาย,Thai,น้ำเกลี้ยง,ศรีสะเกษ,10/1/2026,คลองโยง,พุทธมณฑล,นครปฐม,,,V892,รถจักรยานยนต์
1031,2026,24.0,ชาย,Thai,ปรางค์กู่,ศรีสะเกษ,21/2/2026,สมอ,ปรางค์กู่,ศรีสะเกษ,,,Y349,รถจักรยานยนต์
1032,2026,26.0,ชาย,Thai,ศรีบุญเรือง,หนองบัวลำภู,27/1/2026,สีชมพู,สีชมพู,ขอนแก่น,,,Y349,รถจักรยานยนต์
1033,2026,20.0,ชาย,Thai,สนามชัยเขต,ฉะเชิงเทรา,1/1/2026,ท่ากระดาน,สนามชัยเขต,ฉะเชิงเทรา,,,Y349,รถจักรยานยนต์
1034,2026,21.0,หญิง,Thai,ธวัชบุรี,ร้อยเอ็ด,23/1/2026,ทัพหลวง,เมืองนครปฐม,นครปฐม,,,V892,รถจักรยานยนต์
1035,2026,20.0,ชาย,Thai,เมืองขอนแก่น,ขอนแก่น,31/1/2026,บ้านค้อ,เมืองขอนแก่น,ขอนแก่น,,,V892,รถจักรยานยนต์
1036,2026,47.0,หญิง,Thai,เมืองนราธิวาส,นราธิวาส,11/2/2026,ลำภู,เมืองนราธิวาส,นราธิวาส,,,V239,รถจักรยานยนต์
1037,2026,28.0,ชาย,Thai,เสลภูมิ,ร้อยเอ็ด,2/3/2026,ท่าม่วง,เสลภูมิ,ร้อยเอ็ด,,,V892,รถจักรยานยนต์
1038,2026,18.0,ชาย,Thai,เมืองสมุทรปราการ,สมุทรปราการ,1/1/2026,บางปูใหม่,เมืองสมุทรปราการ,สมุทรปราการ,,,V892,รถจักรยานยนต์
1039,2026,73.0,หญิง,Thai,บัวเชด,สุรินทร์,25/2/2026,สังขะ,สังขะ,สุรินทร์,,,X599,รถจักรยานยนต์
1040,2026,30.0,หญิง,Thai,เมืองลพบุรี,ลพบุรี,12/3/2026,ดอนโพธิ์,เมืองลพบุรี,ลพบุรี,100.636548,14.699153,V892,รถจักรยานยนต์
1041,2026,20.0,ชาย,Thai,อุบลรัตน์,ขอนแก่น,29/1/2026,โคกสูง,อุบลรัตน์,ขอนแก่น,,,X599,รถจักรยานยนต์
1042,2026,37.0,ชาย,Thai,สบเมย,แม่ฮ่องสอน,26/3/2026,ท่าสองยาง,ท่าสองยาง,ตาก,,,V892,รถจักรยานยนต์
1043,2026,18.0,หญิง,Thai,เมืองสมุทรปราการ,สมุทรปราการ,23/1/2026,บางปูใหม่,เมืองสมุทรปราการ,สมุทรปราการ,,,Y349,รถจักรยานยนต์
1044,2026,26.0,ชาย,Thai,หนองม่วงไข่,แพร่,8/1/2026,ในเวียง,เมืองแพร่,แพร่,100.147061,18.137025,V892,รถจักรยานยนต์
1045,2026,40.0,ชาย,Thai,สร้างคอม,อุดรธานี,28/2/2026,เสียว,เบญจลักษ์,ศรีสะเกษ,,,V892,ไม่ระบุพาหนะ
1046,2026,73.0,ชาย,Thai,คูเมือง,บุรีรัมย์,23/3/2026,นิคมสร้างตนเอง,เมืองลพบุรี,ลพบุรี,,,Y349,รถจักรยานยนต์
1047,2026,53.0,ชาย,Burmese,ท่าสองยาง,ตาก,27/3/2026,แม่สอง,ท่าสองยาง,ตาก,,,V892,ไม่ระบุพาหนะ
1048,2026,39.0,ชาย,Thai,เลิงนกทา,ยโสธร,4/1/2026,บางหญ้าแพรก,พระประแดง,สมุทรปราการ,,,Y349,รถจักรยานยนต์
1049,2026,46.0,หญิง,Thai,นครไทย,พิษณุโลก,19/2/2026,ดอนหัวฬ่อ,เมืองชลบุรี,ชลบุรี,101.046605,13.425173,Y349,รถจักรยานยนต์
1050,2026,55.0,ชาย,Thai,ยางชุมน้อย,ศรีสะเกษ,15/2/2026,เมืองเหนือ,เมืองศรีสะเกษ,ศรีสะเกษ,104.344203,15.113397,V892,รถจักรยานยนต์
1051,2026,47.0,ชาย,Thai,ชุมพลบุรี,สุรินทร์,2/3/2026,พุทไธสง,พุทไธสง,บุรีรัมย์,,,V892,รถจักรยานยนต์
1052,2026,65.0,ชาย,Thai,สตึก,บุรีรัมย์,5/3/2026,สะแก,สตึก,บุรีรัมย์,103.346791,15.318763,X599,รถจักรยานยนต์
1053,2026,64.0,ชาย,Thai,เมืองตาก,ตาก,8/3/2026,ไม้งาม,เมืองตาก,ตาก,,,V892,รถจักรยานยนต์
1054,2026,13.0,ชาย,Thai,ปะคำ,บุรีรัมย์,4/3/2026,หูทำนบ,ปะคำ,บุรีรัมย์,,,V892,รถจักรยานยนต์
1055,2026,48.0,ชาย,Thai,บางกรวย,นนทบุรี,2/1/2026,บางสีทอง,บางกรวย,นนทบุรี,,,V892,รถยนต์
1056,2026,34.0,ชาย,Thai,ปากคาด,บึงกาฬ,10/1/2026,ชัยพร,เมืองบึงกาฬ,บึงกาฬ,,,X599,รถจักรยานยนต์
1057,2026,76.0,ชาย,Thai,เวียงสา,น่าน,3/1/2026,อ่ายนาไลย,เมืองน่าน,น่าน,,,V892,รถยนต์
1058,2026,50.0,ชาย,Thai,นาแก,นครพนม,15/1/2026,บางกระเจ้า,เมืองสมุทรสาคร,สมุทรสาคร,100.1958845,13.52820159,V892,รถจักรยานยนต์
1059,2026,10.0,ชาย,Thai,ปะคำ,บุรีรัมย์,4/3/2026,หูทำนบ,ปะคำ,บุรีรัมย์,,,V892,รถจักรยานยนต์
1060,2026,42.0,ชาย,Thai,เซกา,บึงกาฬ,2/1/2026,เซกา,เซกา,บึงกาฬ,,,Y349,ไม่ระบุพาหนะ
1061,2026,55.0,ชาย,Thai,สัตหีบ,ชลบุรี,14/2/2026,สัตหีบ,สัตหีบ,ชลบุรี,,,V279,รถจักรยานยนต์
1062,2026,48.0,ชาย,Thai,วังหิน,ศรีสะเกษ,7/2/2026,หมากเขียบ,เมืองศรีสะเกษ,ศรีสะเกษ,104.252166,15.054316,V289,รถจักรยานยนต์
1063,2026,66.0,ชาย,Thai,ฝาง,เชียงใหม่,10/2/2026,แม่ข่า,ฝาง,เชียงใหม่,,,V892,รถจักรยานยนต์
1064,2026,43.0,หญิง,Thai,ท่าม่วง,กาญจนบุรี,12/2/2026,มวงชุม,ท่าม่วง,กาญจนบุรี,,,V892,รถยนต์
1065,2026,79.0,หญิง,Thai,สวรรคโลก,สุโขทัย,30/3/2026,เมืองบางยม,สวรรคโลก,สุโขทัย,99.86538202,17.2139021,V892,รถจักรยานยนต์
1066,2026,16.0,ชาย,Thai,ปากพนัง,นครศรีธรรมราช,18/3/2026,บ้านใต้,เกาะพะงัน,สุราษฎร์ธานี,100.034184,9.709462,Y349,รถจักรยานยนต์
1067,2026,35.0,ชาย,Thai,เมืองอุตรดิตถ์,อุตรดิตถ์,17/1/2026,บ้านเกาะ,เมืองสมุทรสาคร,สมุทรสาคร,100.236745,13.5986,V892,รถจักรยานยนต์
1068,2026,1.0,ชาย,Thai,น้ำยืน,อุบลราชธานี,24/2/2026,เก่าขาม,น้ำยืน,อุบลราชธานี,,,V892,รถจักรยานยนต์
1069,2026,21.0,ชาย,Thai,บ้านกรวด,บุรีรัมย์,30/3/2026,หนองไม้งาม,บ้านกรวด,บุรีรัมย์,103.000876,14.332852,Y349,รถจักรยานยนต์
1070,2026,72.0,ชาย,Thai,ปง,พะเยา,9/1/2026,ยอด,สองแคว,น่าน,100.5852189,19.35292406,V892,ไม่ระบุพาหนะ
1071,2026,27.0,ชาย,Thai,บางขุนเทียน,กรุงเทพมหานคร,10/1/2026,แคราย,กระทุ่มแบน,สมุทรสาคร,100.3246842,13.64540166,Y349,รถจักรยานยนต์
1072,2026,34.0,ชาย,Thai,หางดง,เชียงใหม่,4/2/2026,น้ำบ่อหลวง,สันป่าตอง,เชียงใหม่,98.837444,18.65484,V892,รถจักรยานยนต์
1073,2026,35.0,ชาย,Thai,เมืองลพบุรี,ลพบุรี,1/3/2026,โคกตูม,เมืองลพบุรี,ลพบุรี,,,Y349,รถจักรยานยนต์
1074,2026,49.0,ชาย,Thai,บ้านนาสาร,สุราษฎร์ธานี,21/3/2026,ทุ่งเตาใหม่,บ้านนาสาร,สุราษฎร์ธานี,,,Y349,รถยนต์
1075,2026,29.0,ชาย,Thai,กระทุ่มแบน,สมุทรสาคร,5/1/2026,คลองมะเดื่อ,กระทุ่มแบน,สมุทรสาคร,,,V892,รถจักรยานยนต์
1076,2026,16.0,หญิง,Thai,หนองกุงศรี,กาฬสินธุ์,29/1/2026,ดงมูล,หนองกุงศรี,กาฬสินธุ์,103.277892,16.773698,Y349,รถจักรยานยนต์
1077,2026,33.0,ชาย,Thai,ประโคนชัย,บุรีรัมย์,10/3/2026,ประโคนชัย,ประโคนชัย,บุรีรัมย์,103.047216,14.786953,V892,รถจักรยานยนต์
1078,2026,43.0,หญิง,Thai,ไทรน้อย,นนทบุรี,27/1/2026,คลองขวาง,ไทรน้อย,นนทบุรี,,,Y349,รถจักรยานยนต์
1079,2026,20.0,ชาย,Thai,หนองแขม,กรุงเทพมหานคร,5/1/2026,คลองมะเดื่อ,กระทุ่มแบน,สมุทรสาคร,,,Y349,รถจักรยานยนต์
1080,2026,30.0,ชาย,Thai,ฆ้องชัย,กาฬสินธุ์,28/1/2026,กาฬสินธิ์,เมืองกาฬสินธุ์,กาฬสินธุ์,103.5113456,16.4315567,V892,รถจักรยานยนต์
1081,2026,21.0,ชาย,Thai,หนองบัว,นครสวรรค์,25/3/2026,คุ้งสำเภา,มโนรมย์,ชัยนาท,,,V892,ไม่ระบุพาหนะ
1082,2026,41.0,ชาย,Thai,โพทะเล,พิจิตร,14/3/2026,ในเมือง,เมืองพิษณุโลก,พิษณุโลก,100.224844,16.808021,Y349,รถจักรยานยนต์
1083,2026,47.0,ชาย,Thai,ศรีมหาโพธิ,ปราจีนบุรี,16/1/2026,ท่าตูม,ศรีมหาโพธิ,ปราจีนบุรี,,,V892,รถจักรยานยนต์
1084,2026,33.0,หญิง,Thai,โพนทราย,ร้อยเอ็ด,14/2/2026,บางละมุง,บางละมุง,ชลบุรี,100.9272853,13.04088843,Y349,รถจักรยานยนต์
1085,2026,44.0,ชาย,Thai,เมืองลำปาง,ลำปาง,22/2/2026,สารภี,สารภี,เชียงใหม่,,,V892,รถจักรยานยนต์
1086,2026,24.0,ชาย,Thai,นิคมคำสร้อย,มุกดาหาร,28/2/2026,สามแยก,เลิงนกทา,ยโสธร,,,V499,รถยนต์
1087,2026,38.0,ชาย,Thai,บางบัวทอง,นนทบุรี,1/1/2026,บางคูรัด,บางบัวทอง,นนทบุรี,100.3535883,13.91236717,V892,รถจักรยานยนต์
1088,2026,67.0,ชาย,Thai,เมืองชัยนาท,ชัยนาท,15/3/2026,นางลือ,เมืองชัยนาท,ชัยนาท,100.069537,15.122733,V892,รถจักรยานยนต์
1089,2026,78.0,ชาย,Thai,เมืองพิษณุโลก,พิษณุโลก,28/3/2026,ดอนทอง,เมืองพิษณุโลก,พิษณุโลก,100.357614,16.872504,V892,รถจักรยานยนต์
1090,2026,27.0,ชาย,Thai,พร้าว,เชียงใหม่,18/2/2026,แม่ปั๋ง,พร้าว,เชียงใหม่,99.17143822,19.19661237,V289,รถจักรยานยนต์
1091,2026,64.0,หญิง,Thai,เมืองชัยนาท,ชัยนาท,23/3/2026,เสือโฮก,เมืองชัยนาท,ชัยนาท,100.1797802,15.23811118,V294,รถจักรยานยนต์
1092,2026,32.0,ชาย,Thai,เมืองบึงกาฬ,บึงกาฬ,1/1/2026,บึงกาฬ,เมืองบึงกาฬ,บึงกาฬ,,,V892,รถจักรยานยนต์
1093,2026,32.0,ชาย,Thai,เชียงคำ,พะเยา,3/1/2026,เชียงบาน,เชียงคำ,พะเยา,,,V892,รถจักรยานยนต์
1094,2026,71.0,ชาย,Thai,เมืองชัยนาท,ชัยนาท,23/3/2026,เสือโฮก,เมืองชัยนาท,ชัยนาท,100.1797802,15.23811118,V294,รถจักรยานยนต์
1095,2026,30.0,ชาย,Thai,วังทอง,พิษณุโลก,18/3/2026,ท่าทอง,เมืองพิษณุโลก,พิษณุโลก,100.2124518,16.79679875,V892,รถจักรยานยนต์
1096,2026,48.0,ชาย,Thai,บางกรวย,นนทบุรี,1/1/2026,บางกรวย,บางกรวย,นนทบุรี,,,V892,รถจักรยานยนต์
1097,2026,19.0,ชาย,Thai,บ้านฉาง,ระยอง,8/1/2026,องครักษ์,องครักษ์,นครนายก,,,V892,รถจักรยานยนต์
1098,2026,38.0,ชาย,Thai,เมืองพิจิตร,พิจิตร,21/1/2026,หนองบัว,เมืองหนองบัวลำภู,หนองบัวลำภู,,,V892,รถจักรยานยนต์
1099,2026,76.0,หญิง,Thai,กระทุ่มแบน,สมุทรสาคร,17/1/2026,ตลาดกระทุ่มแบน,กระทุ่มแบน,สมุทรสาคร,,,V892,รถยนต์
1100,2026,16.0,ชาย,Thai,นาแก,นครพนม,31/1/2026,หนองสังข์,นาแก,นครพนม,104.516893,16.979438,V892,รถจักรยานยนต์
1101,2026,19.0,หญิง,Thai,บ้านแพง,นครพนม,21/1/2026,บ้านแพง,เมืองนครพนม,นครพนม,,,V892,รถจักรยานยนต์
1102,2026,32.0,ชาย,Thai,สันทราย,เชียงใหม่,2/2/2026,แม่แฝกใหม่,สันทราย,เชียงใหม่,,,V892,รถจักรยานยนต์
1103,2026,36.0,ชาย,Thai,เมืองสุรินทร์,สุรินทร์,15/3/2026,แซร์ออ,วัฒนานคร,สระแก้ว,,,V685,รถบรรทุกหนัก
1104,2026,42.0,ชาย,Thai,ลับแล,อุตรดิตถ์,10/1/2026,พิมลราช,บางบัวทอง,นนทบุรี,,,Y349,ไม่ระบุพาหนะ
1105,2026,64.0,ชาย,Thai,บ้านแพ้ว,สมุทรสาคร,19/1/2026,ท่าจีน,เมืองสมุทรสาคร,สมุทรสาคร,100.258855,13.54637915,V892,รถจักรยานยนต์
1106,2026,51.0,ชาย,Thai,เมืองมุกดาหาร,มุกดาหาร,30/1/2026,บ้านโคก,เมืองมุกดาหาร,มุกดาหาร,,,V892,รถจักรยานยนต์
1107,2026,47.0,ชาย,Thai,อุบลรัตน์,ขอนแก่น,25/2/2026,บ้านค้อ,โนนสัง,หนองบัวลำภู,,,Y349,รถจักรยานยนต์
1108,2026,43.0,ชาย,Thai,หนองกุงศรี,กาฬสินธุ์,14/3/2026,หนองสรวง,หนองกุงศรี,กาฬสินธุ์,,,V892,ไม่ระบุพาหนะ
1109,2026,39.0,ชาย,Thai,โพธิ์ประทับช้าง,พิจิตร,24/3/2026,ท่าโพธิ์,เมืองพิษณุโลก,พิษณุโลก,100.2001197,16.76637557,V892,ไม่ระบุพาหนะ
1110,2026,22.0,ชาย,Thai,หางดง,เชียงใหม่,31/1/2026,สบแม่ข่า,เมืองเชียงใหม่,เชียงใหม่,,,V892,รถจักรยานยนต์
1111,2026,18.0,ชาย,Thai,บุณฑริก,อุบลราชธานี,16/2/2026,ห้วยข่า,บุณฑริก,อุบลราชธานี,,,V892,รถจักรยานยนต์
1112,2026,65.0,ชาย,Thai,เมืองสระบุรี,สระบุรี,20/3/2026,ห้วยแห้ง,แก่งคอย,สระบุรี,,,V892,รถจักรยานยนต์
1113,2026,25.0,ชาย,Thai,หนองกุงศรี,กาฬสินธุ์,17/3/2026,บ้านเป็ด,เมืองขอนแก่น,ขอนแก่น,102.765215,16.434559,V892,รถจักรยานยนต์
1114,2026,27.0,ชาย,Thai,เวียงป่าเป้า,เชียงราย,21/3/2026,สมอแข,เมืองพิษณุโลก,พิษณุโลก,100.331087,16.817908,V892,รถจักรยานยนต์
1115,2026,28.0,ชาย,Thai,สุวรรณคูหา,หนองบัวลำภู,27/2/2026,บุญทัน,สุวรรณคูหา,หนองบัวลำภู,102.147009,17.594071,V299,รถจักรยานยนต์
1116,2026,21.0,ชาย,Thai,จอมพระ,สุรินทร์,31/3/2026,จอมพระ,จอมพระ,สุรินทร์,,,Y349,รถจักรยานยนต์
1117,2026,60.0,หญิง,Thai,พรหมพิราม,พิษณุโลก,4/3/2026,มะตูม,พรหมพิราม,พิษณุโลก,,,V892,รถจักรยานยนต์
1118,2026,20.0,ชาย,Thai,สายไหม,กรุงเทพมหานคร,15/2/2026,บางทราย,เมืองชลบุรี,ชลบุรี,100.987364,13.393599,V892,รถจักรยานยนต์
1119,2026,24.0,หญิง,Thai,เขาฉกรรจ์,สระแก้ว,12/1/2026,คลองหินปูน,วังน้ำเย็น,สระแก้ว,,,V499,รถยนต์
1120,2026,41.0,ชาย,Thai,เมืองสมุทรสงคราม,สมุทรสงคราม,11/1/2026,แม่กลอง,เมืองสมุทรสงคราม,สมุทรสงคราม,99.981523,13.383847,V892,รถจักรยานยนต์
1121,2026,21.0,หญิง,Thai,เมืองเชียงใหม่,เชียงใหม่,12/2/2026,ป่าตัน,เมืองเชียงใหม่,เชียงใหม่,,,V892,รถจักรยานยนต์
1122,2026,26.0,ชาย,Thai,วังทอง,พิษณุโลก,26/3/2026,วังพิกุล,เมืองพิษณุโลก,พิษณุโลก,,,V892,รถจักรยานยนต์
1123,2026,56.0,หญิง,Thai,หนองเรือ,ขอนแก่น,4/1/2026,บ้านทุ่ม,เมืองขอนแก่น,ขอนแก่น,,,V892,รถยนต์
1124,2026,56.0,ชาย,Thai,วารินชำราบ,อุบลราชธานี,25/2/2026,ห้วยขะยุง,วารินชำราบ,อุบลราชธานี,,,V299,รถจักรยานยนต์
1125,2026,56.0,หญิง,Thai,เขื่องใน,อุบลราชธานี,10/2/2026,ท่าไห,เขื่องใน,อุบลราชธานี,,,X599,รถยนต์
1126,2026,33.0,ชาย,Thai,ชุมแพ,ขอนแก่น,11/1/2026,ชุมแพ,ชุมแพ,ขอนแก่น,,,V499,รถยนต์
1127,2026,28.0,ชาย,Thai,ท่ายาง,เพชรบุรี,14/1/2026,กลัดหลวง,ท่ายาง,เพชรบุรี,,,V892,รถจักรยานยนต์
1128,2026,21.0,ชาย,Thai,หนองพอก,ร้อยเอ็ด,26/2/2026,เกาะแก้ว,เสลภูมิ,ร้อยเอ็ด,,,Y349,รถจักรยานยนต์
1129,2026,20.0,ชาย,Thai,หนองแค,สระบุรี,7/3/2026,ไผ่ต่ำ,หนองแค,สระบุรี,,,V892,รถจักรยานยนต์
1130,2026,45.0,ชาย,Thai,สังขะ,สุรินทร์,18/3/2026,ตาคง,สังขะ,สุรินทร์,,,Y349,รถจักรยานยนต์
1131,2026,52.0,ชาย,Thai,เมืองปทุมธานี,ปทุมธานี,9/1/2026,บ้านใหม่,เมืองปทุมธานี,ปทุมธานี,100.5503273,13.96785237,V892,รถจักรยานยนต์
1132,2026,42.0,ชาย,Thai,โคกสูง,สระแก้ว,5/1/2026,โคกสูง,กิ่งอำเภอโคกสูง,สระแก้ว,102.725175,13.823183,X599,รถจักรยานยนต์
1133,2026,65.0,ชาย,Thai,ชุมแพ,ขอนแก่น,1/1/2026,ภูผาม่าน,ภูผาม่าน,ขอนแก่น,,,V499,รถยนต์
1134,2026,29.0,ชาย,Thai,เวียงป่าเป้า,เชียงราย,10/1/2026,ป่างิ้ว,เวียงป่าเป้า,เชียงราย,,,Y349,รถจักรยานยนต์
1135,2026,56.0,ชาย,Thai,ภูสิงห์,ศรีสะเกษ,14/2/2026,หนองขาม,บางละมุง,ชลบุรี,,,Y349,รถจักรยานยนต์
1136,2026,21.0,หญิง,Thai,ดอยสะเก็ด,เชียงใหม่,5/2/2026,ช้างเผือก,เมืองเชียงใหม่,เชียงใหม่,98.9855538,18.8122994,V892,รถจักรยานยนต์
1137,2026,67.0,ชาย,Thai,มัญจาคีรี,ขอนแก่น,9/2/2026,จระเข้สามพัน,อู่ทอง,สุพรรณบุรี,,,V892,ไม่ระบุพาหนะ
1138,2026,14.0,หญิง,Thai,บ้านแหลม,เพชรบุรี,11/1/2026,บ้านแหลม,บ้านแหลม,เพชรบุรี,,,V892,รถจักรยานยนต์
1139,2026,21.0,ชาย,Thai,อุทัย,พระนครศรีอยุธยา,16/2/2026,สุรศักดิ์,บางละมุง,ชลบุรี,,,Y349,รถจักรยานยนต์
1140,2026,57.0,ชาย,Thai,ห้วยทับทัน,ศรีสะเกษ,15/3/2026,ณรงค์,กิ่งอำเภอศรีณรงค์,สุรินทร์,103.87792,14.761186,V289,รถจักรยานยนต์
1141,2026,60.0,หญิง,Thai,เมืองปทุมธานี,ปทุมธานี,11/1/2026,บางเดื่อ,เมืองปทุมธานี,ปทุมธานี,100.4693525,14.00575853,V892,รถจักรยานยนต์
1142,2026,71.0,ชาย,Thai,กระนวน,ขอนแก่น,1/1/2026,บ้านขาม,น้ำพอง,ขอนแก่น,,,V892,รถยนต์
1143,2026,14.0,หญิง,Thai,บ้านแหลม,เพชรบุรี,11/1/2026,บ้านแหลม,บ้านแหลม,เพชรบุรี,,,V892,รถจักรยานยนต์
1144,2026,50.0,หญิง,Thai,บางละมุง,ชลบุรี,11/2/2026,บางละมุง,บางละมุง,ชลบุรี,,,Y349,รถจักรยานยนต์
1145,2026,59.0,หญิง,Thai,เมืองปทุมธานี,ปทุมธานี,11/1/2026,บางเดื่อ,เมืองปทุมธานี,ปทุมธานี,100.4693525,14.00575853,V892,รถจักรยานยนต์
1146,2026,13.0,หญิง,Thai,บ้านแหลม,เพชรบุรี,11/1/2026,บ้านแหลม,บ้านแหลม,เพชรบุรี,,,V892,รถจักรยานยนต์
1147,2026,73.0,ชาย,Thai,ลี้,ลำพูน,1/2/2026,นาทราย,เมืองลำพูน,ลำพูน,,,V892,รถจักรยานยนต์
1148,2026,66.0,ชาย,Thai,เมืองสระบุรี,สระบุรี,7/3/2026,กุดนกเปล้า,เมืองสระบุรี,สระบุรี,100.9524284,14.51820199,V892,รถจักรยานยนต์
1149,2026,7.0,หญิง,Thai,เมืองปทุมธานี,ปทุมธานี,11/1/2026,บางเดื่อ,เมืองปทุมธานี,ปทุมธานี,100.4693525,14.00575853,V892,รถจักรยานยนต์
1150,2026,59.0,ชาย,Thai,ชะอำ,เพชรบุรี,27/1/2026,เขากระปุก,ท่ายาง,เพชรบุรี,,,V892,ไม่ระบุพาหนะ
1151,2026,26.0,ชาย,Thai,วานรนิวาส,สกลนคร,27/2/2026,พังโคน,พังโคน,สกลนคร,,,X599,รถจักรยานยนต์
1152,2026,23.0,ชาย,Thai,หัวหิน,ประจวบคีรีขันธ์,10/1/2026,ดอนขุมห้วย,ชะอำ,เพชรบุรี,,,V892,รถจักรยานยนต์
1153,2026,39.0,ชาย,Thai,คีรีมาศ,สุโขทัย,30/1/2026,โตนด,คีรีมาศ,สุโขทัย,,,V892,รถจักรยานยนต์
1154,2026,62.0,ชาย,Thai,พังโคน,สกลนคร,28/2/2026,แร่,พังโคน,สกลนคร,,,Y349,รถจักรยานยนต์
1155,2026,19.0,ชาย,Thai,คลองหลวง,ปทุมธานี,16/1/2026,คลองเจ็ด,คลองหลวง,ปทุมธานี,,,V892,รถจักรยานยนต์
1156,2026,30.0,ชาย,Thai,ภูเวียง,ขอนแก่น,9/1/2026,กุดขอนแก่น,ภูเวียง,ขอนแก่น,,,Y349,รถจักรยานยนต์
1157,2026,24.0,หญิง,Thai,บ้านลาด,เพชรบุรี,10/1/2026,ดอนขุมห้วย,ชะอำ,เพชรบุรี,,,V892,รถจักรยานยนต์
1158,2026,54.0,ชาย,Thai,ลี้,ลำพูน,5/2/2026,ดงคำ,ลี้,ลำพูน,,,V892,ไม่ระบุพาหนะ
1159,2026,73.0,ชาย,Thai,หนองสองห้อง,ขอนแก่น,30/3/2026,สำโรง,หนองสองห้อง,ขอนแก่น,,,Y349,ไม่ระบุพาหนะ
1160,2026,40.0,หญิง,Thai,ลาดหลุมแก้ว,ปทุมธานี,4/1/2026,หน้าไม้,ลาดหลุมแก้ว,ปทุมธานี,,,V892,รถจักรยานยนต์
1161,2026,28.0,หญิง,Thai,เมืองเชียงราย,เชียงราย,19/1/2026,แม่ยาว,เมืองเชียงราย,เชียงราย,99.76243,19.986177,V892,รถจักรยานยนต์
1162,2026,20.0,ชาย,Thai,สว่างแดนดิน,สกลนคร,28/2/2026,สว่างแดนดิน,สว่างแดนดิน,สกลนคร,103.4911396,17.4690245,V299,รถจักรยานยนต์
1163,2026,62.0,ชาย,Thai,กุสุมาลย์,สกลนคร,27/3/2026,ท่าแร่,เมืองสกลนคร,สกลนคร,104.180267,17.256272,V892,รถจักรยานยนต์
1164,2026,21.0,หญิง,Thai,ธัญบุรี,ปทุมธานี,17/1/2026,ลำลูกกา,ลำลูกกา,ปทุมธานี,,,V892,รถจักรยานยนต์
1165,2026,26.0,ชาย,Thai,เมืองเชียงราย,เชียงราย,24/1/2026,ท่าสาย,เมืองเชียงราย,เชียงราย,99.855967,19.851145,V892,รถจักรยานยนต์
1166,2026,30.0,ชาย,Thai,บางกระทุ่ม,พิษณุโลก,31/1/2026,ไผ่ขวาง,เมืองพิจิตร,พิจิตร,,,V892,รถจักรยานยนต์
1167,2026,66.0,ชาย,Thai,นิคมน้ำอูน,สกลนคร,13/3/2026,พังโคน,พังโคน,สกลนคร,,,Y349,รถยนต์
1168,2026,31.0,ชาย,Thai,ละแม,ชุมพร,22/3/2026,สวนแตง,ละแม,ชุมพร,,,V892,รถจักรยานยนต์
1169,2026,21.0,ชาย,Thai,เมืองสระบุรี,สระบุรี,14/3/2026,หนองยาว,เมืองสระบุรี,สระบุรี,100.8730242,14.49341221,V892,รถจักรยานยนต์
1170,2026,68.0,ชาย,Thai,วานรนิวาส,สกลนคร,6/3/2026,ศรีวิชัย,วานรนิวาส,สกลนคร,,,V892,รถจักรยานยนต์
1171,2026,42.0,ชาย,Thai,เมืองอำนาจเจริญ,อำนาจเจริญ,1/1/2026,บึงดำพร้อย,ลำลูกกา,ปทุมธานี,,,V299,รถจักรยานยนต์
1172,2026,22.0,ชาย,Thai,ปราณบุรี,ประจวบคีรีขันธ์,6/1/2026,ปราณบุรี,ปราณบุรี,ประจวบคีรีขันธ์,99.942873,12.350334,V892,รถจักรยานยนต์
1173,2026,43.0,หญิง,Thai,จอมบึง,ราชบุรี,29/1/2026,คุ้งพยอม,บ้านโป่ง,ราชบุรี,99.83774722,13.80712246,V892,รถจักรยานยนต์
1174,2026,26.0,ชาย,Thai,เมืองลำพูน,ลำพูน,11/2/2026,ศรีบัวบาน,เมืองลำพูน,ลำพูน,,,V892,รถจักรยานยนต์
1175,2026,21.0,ชาย,Thai,บางบัวทอง,นนทบุรี,2/1/2026,เชียงรากใหญ่,สามโคก,ปทุมธานี,,,V892,รถจักรยานยนต์
1176,2026,58.0,ชาย,Thai,หัวหิน,ประจวบคีรีขันธ์,26/1/2026,หนองพลับ,หัวหิน,ประจวบคีรีขันธ์,99.705519,12.589698,Y349,รถจักรยานยนต์
1177,2026,46.0,หญิง,Thai,โพธาราม,ราชบุรี,30/1/2026,หนองกวาง,โพธาราม,ราชบุรี,,,V892,รถจักรยานยนต์
1178,2026,58.0,ชาย,Thai,สองพี่น้อง,สุพรรณบุรี,16/2/2026,บางตาเถร,สองพี่น้อง,สุพรรณบุรี,,,V284,รถจักรยานยนต์
1179,2026,64.0,ชาย,Thai,วานรนิวาส,สกลนคร,16/3/2026,ศรีวิชัย,วานรนิวาส,สกลนคร,,,V892,รถจักรยานยนต์
1180,2026,48.0,หญิง,Thai,เมืองนครราชสีมา,นครราชสีมา,27/1/2026,หนองกระทุ่ม,เมืองนครราชสีมา,นครราชสีมา,,,V892,รถจักรยานยนต์
1181,2026,26.0,ชาย,Thai,กุยบุรี,ประจวบคีรีขันธ์,11/1/2026,ไร่ใหม่,กุยบุรี,ประจวบคีรีขันธ์,99.852912,12.192393,Y349,รถจักรยานยนต์
1182,2026,52.0,ชาย,Thai,เมืองลำปาง,ลำปาง,6/2/2026,บ้านเสด็จ,เมืองลำปาง,ลำปาง,99.645486,18.383382,V892,รถจักรยานยนต์
1183,2026,63.0,ชาย,Thai,วานรนิวาส,สกลนคร,16/3/2026,ศรีวิชัย,วานรนิวาส,สกลนคร,,,V892,รถจักรยานยนต์
1184,2026,19.0,ชาย,Thai,เมืองเพชรบูรณ์,เพชรบูรณ์,28/3/2026,สะเดียง,เมืองเพชรบูรณ์,เพชรบูรณ์,101.135539,16.437621,V892,รถจักรยานยนต์
1185,2026,19.0,ชาย,Thai,รัตนบุรี,สุรินทร์,25/1/2026,บางคูวัด,เมืองปทุมธานี,ปทุมธานี,,,V892,รถจักรยานยนต์
1186,2026,54.0,ชาย,Thai,เมืองน่าน,น่าน,1/2/2026,กองควาย,เมืองน่าน,น่าน,100.7480977,18.68082497,V892,รถจักรยานยนต์
1187,2026,44.0,ชาย,Thai,ท่าสองยาง,ตาก,27/2/2026,หางดง,ฮอด,เชียงใหม่,98.506729,18.163822,Y349,รถจักรยานยนต์
1188,2026,19.0,ชาย,Thai,ลาดพร้าว,กรุงเทพมหานคร,14/1/2026,บึงยี่โถ,ธัญบุรี,ปทุมธานี,,,Y349,รถจักรยานยนต์
1189,2026,21.0,หญิง,Thai,น้ำพอง,ขอนแก่น,24/1/2026,ในเมือง,เมืองขอนแก่น,ขอนแก่น,,,V892,รถจักรยานยนต์
1190,2026,18.0,ชาย,Thai,แจ้ห่ม,ลำปาง,19/2/2026,แม่สุก,แจ้ห่ม,ลำปาง,99.567391,18.821803,Y349,รถจักรยานยนต์
1191,2026,72.0,หญิง,Thai,พานทอง,ชลบุรี,6/3/2026,หนองหงษ์,พานทอง,ชลบุรี,101.110785,13.384275,Y349,รถจักรยานยนต์
1192,2026,54.0,ชาย,Thai,หล่มสัก,เพชรบูรณ์,30/3/2026,หนองไขว่,หล่มสัก,เพชรบูรณ์,101.219145,16.763698,V289,รถจักรยานยนต์
1193,2026,24.0,ชาย,Thai,ไพศาลี,นครสวรรค์,28/1/2026,บึงชำอ้อ,หนองเสือ,ปทุมธานี,,,V892,รถจักรยานยนต์
1194,2026,51.0,หญิง,Thai,หนองหญ้าปล้อง,เพชรบุรี,31/1/2026,ท่าตะคร้อ,หนองหญ้าปล้อง,เพชรบุรี,99.749656,13.117501,V892,รถจักรยานยนต์
1195,2026,74.0,หญิง,Thai,โพธิ์ศรีสุวรรณ,ศรีสะเกษ,27/3/2026,ก้านเหลือง,อุทุมพรพิสัย,ศรีสะเกษ,,,V892,รถจักรยานยนต์
1196,2026,41.0,ชาย,Thai,โนนแดง,นครราชสีมา,26/1/2026,ตาจั่น,คง,นครราชสีมา,,,V892,รถจักรยานยนต์
1197,2026,38.0,หญิง,Thai,ท่ายาง,เพชรบุรี,30/1/2026,เขาใหญ่,ชะอำ,เพชรบุรี,,,V892,รถยนต์
1198,2026,78.0,ชาย,Thai,น้ำพอง,ขอนแก่น,25/3/2026,เขาคันทรง,ศรีราชา,ชลบุรี,101.166245,13.115905,V429,รถยนต์
1199,2026,17.0,ชาย,Thai,แก้งคร้อ,ชัยภูมิ,2/1/2026,ลำผักกูด,ธัญบุรี,ปทุมธานี,,,V892,รถจักรยานยนต์
1200,2026,30.0,ชาย,Thai,หัวไทร,นครศรีธรรมราช,29/1/2026,ไสไทย,เมืองกระบี่,กระบี่,,,V892,รถจักรยานยนต์
1201,2026,43.0,ชาย,Thai,ภูสิงห์,ศรีสะเกษ,22/3/2026,ห้วยติ๊กชู,ภูสิงห์,ศรีสะเกษ,104.1378021,14.61032009,V892,รถจักรยานยนต์
1202,2026,28.0,ชาย,Thai,ศรีเทพ,เพชรบูรณ์,10/3/2026,ทุ่งกระตาดพัฒนา,หนองกี่,บุรีรัมย์,,,V539,รถบรรทุกขนาดเล็ก/รถตู้
1203,2026,68.0,หญิง,Thai,เสริมงาม,ลำปาง,20/2/2026,พระบาท,เมืองลำปาง,ลำปาง,,,V892,รถจักรยานยนต์
1204,2026,30.0,ชาย,Thai,เสลภูมิ,ร้อยเอ็ด,1/3/2026,สัตหีบ,สัตหีบ,ชลบุรี,,,V892,รถจักรยานยนต์
1205,2026,24.0,ชาย,Thai,ธาตุพนม,นครพนม,18/1/2026,คลองหนึ่ง,คลองหลวง,ปทุมธานี,100.617332,14.063669,V299,รถจักรยานยนต์
1206,2026,43.0,ชาย,Thai,เมืองแม่ฮ่องสอน,แม่ฮ่องสอน,1/1/2026,ปางหมู,เมืองแม่ฮ่องสอน,แม่ฮ่องสอน,97.895795,19.37165,Y349,รถจักรยานยนต์
1207,2026,25.0,หญิง,Thai,เชียงคำ,พะเยา,28/2/2026,ป่าสัก,กิ่งอำเภอภูซาง,พะเยา,,,V892,รถจักรยานยนต์
1208,2026,36.0,ชาย,Thai,คลองหลวง,ปทุมธานี,27/1/2026,คลองหนึ่ง,คลองหลวง,ปทุมธานี,,,Y349,รถจักรยานยนต์
1209,2026,36.0,ชาย,Thai,นิคมพัฒนา,ระยอง,5/2/2026,นิคมพัฒนา,กิ่งอำเภอนิคมพัฒนา,ระยอง,,,V892,รถจักรยานยนต์
1210,2026,45.0,ชาย,Thai,ศรีเทพ,เพชรบูรณ์,28/3/2026,หินเหล็กไฟ,หัวหิน,ประจวบคีรีขันธ์,,,V892,รถยนต์
1211,2026,65.0,ชาย,Thai,เมืองสมุทรสาคร,สมุทรสาคร,3/2/2026,คลองจินดา,สามพราน,นครปฐม,100.080974,13.691315,V892,รถจักรยานยนต์
1212,2026,37.0,หญิง,Thai,จัตุรัส,ชัยภูมิ,15/3/2026,หนองปรือ,บางละมุง,ชลบุรี,,,V892,รถจักรยานยนต์
1213,2026,26.0,ชาย,Thai,อุทุมพรพิสัย,ศรีสะเกษ,27/3/2026,ก้านเหลือง,อุทุมพรพิสัย,ศรีสะเกษ,,,V892,รถจักรยานยนต์
1214,2026,19.0,ชาย,Thai,บ้านเขว้า,ชัยภูมิ,16/1/2026,คลองหนึ่ง,คลองหลวง,ปทุมธานี,,,V892,รถจักรยานยนต์
1215,2026,49.0,หญิง,Thai,โนนสูง,นครราชสีมา,22/1/2026,กระเบื้องใหญ่,พิมาย,นครราชสีมา,,,V299,รถจักรยานยนต์
1216,2026,24.0,ชาย,Thai,เพ็ญ,อุดรธานี,7/1/2026,นาพู่,เพ็ญ,อุดรธานี,102.739498,17.58211,V299,รถจักรยานยนต์
1217,2026,56.0,หญิง,Thai,ป่าติ้ว,ยโสธร,3/2/2026,โพธิ์ไทร,ป่าติ้ว,ยโสธร,,,V892,รถจักรยานยนต์
1218,2026,29.0,ชาย,Thai,สามพราน,นครปฐม,12/2/2026,บางกระทึก,สามพราน,นครปฐม,,,V892,รถจักรยานยนต์
1219,2026,26.0,หญิง,Thai,แม่วงก์,นครสวรรค์,20/2/2026,แม่เปิน,กิ่งอำเภอแม่เปิน,นครสวรรค์,99.402772,15.693322,V021,คนเดินเท้า
1220,2026,55.0,หญิง,Thai,บางละมุง,ชลบุรี,4/3/2026,โป่ง,บางละมุง,ชลบุรี,,,Y349,รถจักรยานยนต์
1221,2026,38.0,ชาย,Thai,ไชโย,อ่างทอง,5/1/2026,คลองหนึ่ง,คลองหลวง,ปทุมธานี,,,Y349,รถจักรยานยนต์
1222,2026,23.0,ชาย,Thai,เมืองระยอง,ระยอง,30/3/2026,โป่ง,บางละมุง,ชลบุรี,101.0673895,12.87031742,X599,รถจักรยานยนต์
1223,2026,84.0,ชาย,Thai,เมืองสกลนคร,สกลนคร,13/3/2026,ขมิ้น,เมืองสกลนคร,สกลนคร,103.99464,17.210193,V892,รถจักรยานยนต์
1224,2026,14.0,ชาย,Thai,แม่เปิน,นครสวรรค์,20/2/2026,แม่เปิน,กิ่งอำเภอแม่เปิน,นครสวรรค์,99.391013,15.697165,V021,คนเดินเท้า
1225,2026,69.0,ชาย,Thai,ศรีเทพ,เพชรบูรณ์,6/3/2026,ท่าโรง,วิเชียรบุรี,เพชรบูรณ์,,,V892,ไม่ระบุพาหนะ
1226,2026,32.0,ชาย,Thai,วิเชียรบุรี,เพชรบูรณ์,1/3/2026,ภูน้ำหยด,วิเชียรบุรี,เพชรบูรณ์,,,X599,ไม่ระบุพาหนะ
1227,2026,60.0,ชาย,Thai,เลิงนกทา,ยโสธร,7/2/2026,ห้องแซง,เลิงนกทา,ยโสธร,,,V289,รถจักรยานยนต์
1228,2026,51.0,ชาย,Thai,พระนครศรีอยุธยา,พระนครศรีอยุธยา,1/1/2026,สวนพริก,พระนครศรีอยุธยา,พระนครศรีอยุธยา,,,V892,รถจักรยานยนต์
1229,2026,49.0,ชาย,Thai,คำเขื่อนแก้ว,ยโสธร,3/2/2026,นาแก,คำเขื่อนแก้ว,ยโสธร,,,V892,ไม่ระบุพาหนะ
1230,2026,48.0,ชาย,Thai,ปลาปาก,นครพนม,19/3/2026,ปลาปาก,ปลาปาก,นครพนม,104.518212,17.19902,Y349,รถจักรยานยนต์
1231,2026,31.0,หญิง,Thai,เมืองระยอง,ระยอง,11/2/2026,นิคมพัฒนา,เมืองระยอง,ระยอง,,,V892,รถจักรยานยนต์
1232,2026,18.0,ชาย,Thai,ศรีสงคราม,นครพนม,11/3/2026,ท่าบ่อสงคราม,ศรีสงคราม,นครพนม,,,Y349,รถจักรยานยนต์
1233,2026,46.0,ชาย,Thai,บางไทร,พระนครศรีอยุธยา,1/1/2026,เกาะเกิด,บางปะอิน,พระนครศรีอยุธยา,,,V892,ไม่ระบุพาหนะ
1234,2026,56.0,ชาย,Thai,บ้านโป่ง,ราชบุรี,8/3/2026,หนองปลาหมอ,บ้านโป่ง,ราชบุรี,,,Y349,รถจักรยานยนต์
1235,2026,11.0,หญิง,Thai,บุณฑริก,อุบลราชธานี,25/3/2026,โพนงาม,บุณฑริก,อุบลราชธานี,,,V892,รถจักรยานยนต์
1236,2026,32.0,ชาย,Thai,โพธาราม,ราชบุรี,8/3/2026,ดอนกระเบื้อง,โพธาราม,ราชบุรี,,,V892,ไม่ระบุพาหนะ
1237,2026,77.0,หญิง,Thai,ปลายพระยา,กระบี่,21/1/2026,คีรีวง,ปลายพระยา,กระบี่,,,V499,รถยนต์
1238,2026,55.0,ชาย,Thai,วังจันทร์,ระยอง,19/3/2026,พลงตาเอี่ยม,วังจันทร์,ระยอง,,,V249,รถจักรยานยนต์
1239,2026,61.0,ชาย,Thai,เดิมบางนางบวช,สุพรรณบุรี,25/2/2026,หันคา,หันคา,ชัยนาท,,,V892,รถจักรยานยนต์
1240,2026,44.0,ชาย,Thai,เขาชะเมา,ระยอง,18/3/2026,ห้วยทับมอญ,กิ่งอำเภอเขาชะเมา,ระยอง,,,Y349,รถจักรยานยนต์
1241,2026,32.0,ชาย,Thai,เขตสวนหลวง,กรุงเทพมหานคร,28/2/2026,สวนหลวง,เขตสวนหลวง,กรุงเทพมหานคร,,,Y349,รถจักรยานยนต์
1242,2026,33.0,ชาย,Thai,บ้านค่าย,ระยอง,10/3/2026,ตาขัน,บ้านค่าย,ระยอง,,,V892,รถจักรยานยนต์
1243,2026,77.0,ชาย,Thai,เมืองขอนแก่น,ขอนแก่น,14/2/2026,โพนงาม,หนองหาน,อุดรธานี,,,Y349,รถจักรยานยนต์
1244,2026,36.0,ชาย,Thai,วัดโบสถ์,พิษณุโลก,20/1/2026,บ้านยาง,วัดโบสถ์,พิษณุโลก,,,V499,รถยนต์
1245,2026,21.0,ชาย,Thai,หลังสวน,ชุมพร,7/1/2026,วังตะกอ,หลังสวน,ชุมพร,,,V892,รถจักรยานยนต์
1246,2026,39.0,ชาย,Thai,บ้านสร้าง,ปราจีนบุรี,13/2/2026,บ้านสร้าง,บ้านสร้าง,ปราจีนบุรี,,,Y349,รถจักรยานยนต์
1247,2026,71.0,หญิง,Thai,เมืองสระบุรี,สระบุรี,16/1/2026,ปากเพรียว,เมืองสระบุรี,สระบุรี,,,V892,รถจักรยานยนต์
1248,2026,49.0,ชาย,Thai,โพทะเล,พิจิตร,23/1/2026,ท่านั่ง,โพทะเล,พิจิตร,,,V892,รถจักรยานยนต์
1249,2026,51.0,ชาย,Thai,วังสะพุง,เลย,15/2/2026,ทรายขาว,วังสะพุง,เลย,,,X599,รถจักรยานยนต์
1250,2026,30.0,ชาย,Thai,กาญจนดิษฐ์,สุราษฎร์ธานี,15/2/2026,พลายวาด,กาญจนดิษฐ์,สุราษฎร์ธานี,,,X599,รถจักรยานยนต์
1251,2026,25.0,ชาย,Thai,เมืองสมุทรสาคร,สมุทรสาคร,15/3/2026,บางน้ำจืด,เมืองสมุทรสาคร,สมุทรสาคร,,,V892,รถจักรยานยนต์
1252,2026,54.0,หญิง,Thai,กระทุ่มแบน,สมุทรสาคร,29/3/2026,อ้อมน้อย,กระทุ่มแบน,สมุทรสาคร,,,Y349,รถจักรยานยนต์
1253,2026,49.0,ชาย,Thai,ศรีราชา,ชลบุรี,3/1/2026,บางพระ,ศรีราชา,ชลบุรี,,,V892,รถจักรยานยนต์
1254,2026,36.0,ชาย,Thai,นาแก,นครพนม,22/1/2026,นาแก,นาแก,นครพนม,,,Y349,ไม่ระบุพาหนะ
1255,2026,49.0,ชาย,Thai,บางละมุง,ชลบุรี,1/1/2026,เขาไม้แก้ว,บางละมุง,ชลบุรี,,,Y349,รถจักรยานยนต์
1256,2026,43.0,ชาย,Thai,บ้านบึง,ชลบุรี,5/1/2026,หนองไผ่แก้ว,บ้านบึง,ชลบุรี,,,X599,ไม่ระบุพาหนะ
1257,2026,31.0,ชาย,Thai,เมืองชุมพร,ชุมพร,22/2/2026,บางหมาก,เมืองชุมพร,ชุมพร,,,Y349,รถจักรยานยนต์
1258,2026,66.0,ชาย,Thai,โพธิ์ไทร,อุบลราชธานี,14/1/2026,สารภี,โพธิ์ไทร,อุบลราชธานี,,,Y349,รถจักรยานยนต์
1259,2026,42.0,ชาย,Thai,เขตสายไหม,กรุงเทพมหานคร,4/1/2026,สายไหม,เขตสายไหม,กรุงเทพมหานคร,,,V294,รถจักรยานยนต์
1260,2026,25.0,ชาย,Thai,หนองแซง,สระบุรี,4/2/2026,เสาไห้,เสาไห้,สระบุรี,,,V892,รถจักรยานยนต์
1261,2026,74.0,หญิง,Thai,จอมบึง,ราชบุรี,24/2/2026,จอมบึง,จอมบึง,ราชบุรี,,,V892,รถจักรยานยนต์
1262,2026,33.0,ชาย,Thai,ด่านช้าง,สุพรรณบุรี,14/2/2026,หนองหว้า,เบญจลักษ์,ศรีสะเกษ,,,V299,รถจักรยานยนต์
1263,2026,20.0,หญิง,Thai,ปลาปาก,นครพนม,15/2/2026,พระกลางทุ่ง,ธาตุพนม,นครพนม,,,Y349,รถจักรยานยนต์
1264,2026,50.0,ชาย,Thai,ถลาง,ภูเก็ต,6/3/2026,เทพกระษัตรี,ถลาง,ภูเก็ต,,,V892,รถจักรยานยนต์
1265,2026,14.0,ชาย,Thai,พานทอง,ชลบุรี,3/2/2026,นาป่า,เมืองชลบุรี,ชลบุรี,,,Y349,รถจักรยานยนต์
1266,2026,33.0,ชาย,Thai,ศรีราชา,ชลบุรี,14/2/2026,บ่อวิน,ศรีราชา,ชลบุรี,101.083281,13.0387,V892,รถจักรยานยนต์
1267,2026,50.0,ชาย,Thai,บางกรวย,นนทบุรี,2/1/2026,ปลายบาง,บางกรวย,นนทบุรี,,,V892,รถจักรยานยนต์
1268,2026,64.0,หญิง,Thai,ดอนสัก,สุราษฎร์ธานี,2/3/2026,ดอนสัก,ดอนสัก,สุราษฎร์ธานี,,,X599,รถจักรยานยนต์
1269,2026,50.0,ชาย,Thai,พรเจริญ,บึงกาฬ,6/3/2026,ตาลเดี่ยว,แก่งคอย,สระบุรี,,,V892,รถจักรยานยนต์
1270,2026,21.0,ชาย,Thai,พระพุทธบาท,สระบุรี,3/3/2026,ห้วยป่าหวาย,พระพุทธบาท,สระบุรี,,,V239,รถจักรยานยนต์
1271,2026,14.0,ชาย,Thai,พบพระ,ตาก,24/1/2026,วาเล่ย์,พบพระ,ตาก,,,V892,รถจักรยานยนต์
1272,2026,24.0,ชาย,Thai,เมืองนครพนม,นครพนม,28/2/2026,หนองญาติ,เมืองนครพนม,นครพนม,,,V892,รถจักรยานยนต์
1273,2026,37.0,ชาย,Thai,กุยบุรี,ประจวบคีรีขันธ์,14/1/2026,กุยเหนือ,กุยบุรี,ประจวบคีรีขันธ์,,,X599,รถจักรยานยนต์
1274,2026,39.0,ชาย,Thai,เขาพนม,กระบี่,25/1/2026,คีรีวง,เขาพนม,กระบี่,,,V892,ไม่ระบุพาหนะ
1275,2026,36.0,หญิง,Thai,พิบูลย์รักษ์,อุดรธานี,26/1/2026,นาทราย,พิบูลย์รักษ์,อุดรธานี,,,Y349,รถจักรยานยนต์
1276,2026,81.0,ชาย,Thai,เมืองตรัง,ตรัง,31/1/2026,บางรัก,เมืองตรัง,ตรัง,,,V294,รถจักรยานยนต์
1277,2026,31.0,ชาย,Thai,เมืองนราธิวาส,นราธิวาส,30/1/2026,ลำภู,เมืองนราธิวาส,นราธิวาส,,,V892,รถจักรยานยนต์
1278,2026,49.0,ชาย,Thai,ลอง,แพร่,16/2/2026,แม่ปาน,ลอง,แพร่,,,V274,รถจักรยานยนต์
1279,2026,61.0,หญิง,Thai,เมืองนครศรีธรรมราช,นครศรีธรรมราช,5/1/2026,ปากนคร,เมืองนครศรีธรรมราช,นครศรีธรรมราช,100.024752,8.44473,V892,รถจักรยานยนต์
1280,2026,37.0,ชาย,Thai,ร้องกวาง,แพร่,4/2/2026,น้ำเลา,เมืองแพร่,แพร่,,,V892,รถจักรยานยนต์
1281,2026,25.0,ชาย,Thai,ควนกาหลง,สตูล,20/3/2026,บ้านโพธิ์,เมืองตรัง,ตรัง,,,V294,รถจักรยานยนต์
1282,2026,58.0,ชาย,Thai,ท่าบ่อ,หนองคาย,2/1/2026,หนองนาง,ท่าบ่อ,หนองคาย,,,V299,รถจักรยานยนต์
1283,2026,45.0,ชาย,Thai,สวนผึ้ง,ราชบุรี,14/3/2026,ป่าหวาย,สวนผึ้ง,ราชบุรี,,,V892,รถจักรยานยนต์
1284,2026,42.0,หญิง,Thai,เมืองหนองคาย,หนองคาย,7/1/2026,โสกก่าม,เซกา,บึงกาฬ,,,X599,รถยนต์
1285,2026,33.0,ชาย,Thai,ปากช่อง,นครราชสีมา,2/1/2026,ขนงพระ,ปากช่อง,นครราชสีมา,,,V892,รถจักรยานยนต์
1286,2026,77.0,หญิง,Thai,ย่านตาขาว,ตรัง,26/2/2026,ทุ่งค่าย,เมืองตรัง,ตรัง,,,V299,รถจักรยานยนต์
1287,2026,76.0,ชาย,Thai,ดอกคำใต้,พะเยา,16/2/2026,บ้านถ้ำ,ดอกคำใต้,พะเยา,100.069478,19.089848,Y349,รถจักรยานยนต์
1288,2026,45.0,ชาย,Thai,ชุมพวง,นครราชสีมา,12/1/2026,ชุมพวง,เมืองนครราชสีมา,นครราชสีมา,,,V892,รถจักรยานยนต์
1289,2026,36.0,ชาย,Thai,เมืองร้อยเอ็ด,ร้อยเอ็ด,17/1/2026,ขอนแก่น,เมืองร้อยเอ็ด,ร้อยเอ็ด,,,V284,รถจักรยานยนต์
1290,2026,21.0,ชาย,Thai,ท่าม่วง,กาญจนบุรี,29/3/2026,ท่าม่วง,เมืองกาญจนบุรี,กาญจนบุรี,99.72167362,13.95276482,V892,รถจักรยานยนต์
1291,2026,58.0,ชาย,Thai,หนองวัวซอ,อุดรธานี,30/3/2026,กุดหมากไฟ,หนองวัวซอ,อุดรธานี,,,V294,รถจักรยานยนต์
1292,2026,84.0,ชาย,Thai,สนามชัยเขต,ฉะเชิงเทรา,24/2/2026,ท่ากระดาน,สนามชัยเขต,ฉะเชิงเทรา,101.729599,13.612048,V229,รถจักรยานยนต์
1293,2026,53.0,ชาย,Thai,หนองเรือ,ขอนแก่น,18/2/2026,หนองเสาเล้า,ชุมแพ,ขอนแก่น,102.278864,16.563376,Y349,รถจักรยานยนต์
1294,2026,55.0,หญิง,Thai,เวียงป่าเป้า,เชียงราย,31/3/2026,ป่างิ้ว,เมืองเชียงราย,เชียงราย,,,V892,รถจักรยานยนต์
1295,2026,24.0,ชาย,Thai,คลองสามวา,กรุงเทพมหานคร,1/2/2026,สามวาตะวันออก,เขตคลองสามวา,กรุงเทพมหานคร,,,Y349,รถจักรยานยนต์
1296,2026,55.0,หญิง,Thai,โกรกพระ,นครสวรรค์,15/2/2026,บางมะฝ่อ,เมืองนครสวรรค์,นครสวรรค์,100.086327,15.602179,V892,รถจักรยานยนต์
1297,2026,57.0,ชาย,Thai,เกษตรสมบูรณ์,ชัยภูมิ,23/3/2026,บ้านควน,ละแม,ชุมพร,,,V099,คนเดินเท้า
1298,2026,53.0,หญิง,Thai,เดิมบางนางบวช,สุพรรณบุรี,1/3/2026,หัวเขา,เมืองสุพรรณบุรี,สุพรรณบุรี,,,V892,รถจักรยานยนต์
1299,2026,28.0,ชาย,Thai,เทพารักษ์,นครราชสีมา,18/2/2026,เทพารักษ์,เมืองสมุทรปราการ,สมุทรปราการ,,,Y349,รถจักรยานยนต์
1300,2026,54.0,ชาย,Thai,หนองหงส์,บุรีรัมย์,22/2/2026,บางปู,เมืองสมุทรปราการ,สมุทรปราการ,,,Y349,รถจักรยานยนต์
1301,2026,21.0,ชาย,Thai,เมืองสมุทรปราการ,สมุทรปราการ,21/2/2026,แพรกษา,เมืองสมุทรปราการ,สมุทรปราการ,,,Y349,รถจักรยานยนต์
1302,2026,67.0,ชาย,Thai,บรรพตพิสัย,นครสวรรค์,6/2/2026,เจริญผล,บรรพตพิสัย,นครสวรรค์,,,V892,รถจักรยานยนต์
1303,2026,35.0,ชาย,Thai,กู่แก้ว,อุดรธานี,18/2/2026,บ้านจีต,เมืองอุดรธานี,อุดรธานี,103.150967,17.163786,V299,รถจักรยานยนต์
1304,2026,36.0,ชาย,Thai,เมืองสระบุรี,สระบุรี,20/1/2026,คชสิทธิ์,เมืองสระบุรี,สระบุรี,,,Y349,ไม่ระบุพาหนะ
1305,2026,53.0,ชาย,Thai,โนนสะอาด,อุดรธานี,2/2/2026,บุ่งแก้ว,เมืองอุดรธานี,อุดรธานี,,,V299,รถจักรยานยนต์
1306,2026,20.0,ชาย,Thai,พรรณานิคม,สกลนคร,14/1/2026,ขมิ้น,เมืองสกลนคร,สกลนคร,,,V892,รถจักรยานยนต์
1307,2026,76.0,ชาย,Thai,นครไทย,พิษณุโลก,12/1/2026,นาบัว,เมืองพิษณุโลก,พิษณุโลก,100.871131,17.19701,V892,รถจักรยานยนต์
1308,2026,20.0,ชาย,Thai,บรรพตพิสัย,นครสวรรค์,4/2/2026,เจริญผล,บรรพตพิสัย,นครสวรรค์,,,Y349,รถจักรยานยนต์
1309,2026,20.0,ชาย,Thai,บางใหญ่,นนทบุรี,15/2/2026,บางม่วง,เมืองนนทบุรี,นนทบุรี,,,Y349,รถจักรยานยนต์
1310,2026,27.0,หญิง,Thai,เมืองตราด,ตราด,14/3/2026,สะตอ,เมืองตราด,ตราด,,,V892,รถจักรยานยนต์
1311,2026,25.0,ชาย,Thai,ท่าลี่,เลย,23/2/2026,หนองผือ,ท่าลี่,เลย,101.459806,17.691811,V294,รถจักรยานยนต์
1312,2026,21.0,ชาย,Thai,พระนครศรีอยุธยา,พระนครศรีอยุธยา,8/3/2026,กะมัง,พระนครศรีอยุธยา,พระนครศรีอยุธยา,,,Y349,รถจักรยานยนต์
1313,2026,63.0,ชาย,Thai,เมืองสุรินทร์,สุรินทร์,27/1/2026,กาเกาะ,เมืองสุรินทร์,สุรินทร์,,,V124,รถจักรยาน
1314,2026,27.0,ชาย,Thai,บรบือ,มหาสารคาม,15/2/2026,คลองห้า,คลองหลวง,ปทุมธานี,,,V892,รถจักรยานยนต์
1315,2026,15.0,ชาย,Thai,เต่างอย,สกลนคร,17/1/2026,งิ้วด่อน,เมืองสกลนคร,สกลนคร,,,V892,รถจักรยานยนต์
1316,2026,75.0,ชาย,Thai,เขวาสินรินทร์,สุรินทร์,26/1/2026,แกใหญ่,เมืองสุรินทร์,สุรินทร์,,,V274,รถจักรยานยนต์
1317,2026,18.0,ชาย,Thai,สามพราน,นครปฐม,1/3/2026,สามควายเผือก,เมืองนครปฐม,นครปฐม,,,V892,รถจักรยานยนต์
1318,2026,17.0,ชาย,Thai,รัตนบุรี,สุรินทร์,2/1/2026,ไผ่,เมืองสุรินทร์,สุรินทร์,,,V892,รถจักรยานยนต์
1319,2026,69.0,ชาย,Thai,เด่นชัย,แพร่,10/3/2026,เด่นชัย,เมืองแพร่,แพร่,,,V892,รถจักรยานยนต์
1320,2026,53.0,ชาย,Thai,สว่างแดนดิน,สกลนคร,15/1/2026,บ้านถ่อน,เมืองสกลนคร,สกลนคร,,,X599,รถจักรยานยนต์
1321,2026,54.0,ชาย,Thai,ศรีสงคราม,นครพนม,23/1/2026,นาคำ,ศรีสงคราม,นครพนม,104.344279,17.624284,Y349,รถจักรยานยนต์
1322,2026,58.0,ชาย,Thai,ราษฎร์บูรณะ,กรุงเทพมหานคร,13/3/2026,บางจาก,พระประแดง,สมุทรปราการ,,,Y349,รถจักรยานยนต์
1323,2026,18.0,ชาย,Thai,ทุ่งครุ,กรุงเทพมหานคร,6/3/2026,ในคลองบางปลากด,เมืองสมุทรปราการ,สมุทรปราการ,,,Y349,รถจักรยานยนต์
1324,2026,31.0,ชาย,Thai,ดอยหล่อ,เชียงใหม่,14/1/2026,ทุ่งสะโตก,สันป่าตอง,เชียงใหม่,98.834903,18.605709,V892,รถจักรยานยนต์
1325,2026,17.0,ชาย,Thai,ขาณุวรลักษบุรี,กำแพงเพชร,29/3/2026,ตลุก,สรรพยา,ชัยนาท,100.246034,15.178716,Y349,รถจักรยานยนต์
1326,2026,17.0,ชาย,Thai,บ้านผือ,อุดรธานี,28/3/2026,หายโศก,บ้านผือ,อุดรธานี,102.4894971,17.64848321,Y349,รถจักรยานยนต์
1327,2026,45.0,หญิง,Thai,บางละมุง,ชลบุรี,12/1/2026,หนองปรือ,ศรีราชา,ชลบุรี,,,V892,รถจักรยานยนต์
1328,2026,30.0,ชาย,Thai,เมือง,ราชบุรี,30/1/2026,แก้มอ้น,เมือง,ราชบุรี,99.4671765,13.7464982,V892,รถจักรยานยนต์
1329,2026,19.0,ชาย,Thai,เมืองกาญจนบุรี,กาญจนบุรี,2/1/2026,ท่ามะขาม,เมืองกาญจนบุรี,กาญจนบุรี,99.495828,14.034976,V892,รถจักรยานยนต์
1330,2026,72.0,ชาย,Thai,โคกสำโรง,ลพบุรี,18/2/2026,ห้วยโป่ง,โคกสำโรง,ลพบุรี,,,V892,รถจักรยานยนต์
1331,2026,48.0,ชาย,Thai,วังทอง,พิษณุโลก,3/2/2026,บึงพระ,เมืองพิษณุโลก,พิษณุโลก,,,V892,ไม่ระบุพาหนะ
1332,2026,46.0,ชาย,Thai,นาจะหลวย,อุบลราชธานี,27/1/2026,บุเปือย,เมืองอุบลราชธานี,อุบลราชธานี,,,V284,รถจักรยานยนต์
1333,2026,32.0,ชาย,Thai,เมืองลำพูน,ลำพูน,21/1/2026,ริมปิง,เมืองลำพูน,ลำพูน,98.98567647,18.58781258,V892,รถจักรยานยนต์
1334,2026,17.0,ชาย,Thai,เมืองนราธิวาส,นราธิวาส,23/1/2026,โคกเคียน,เมืองนราธิวาส,นราธิวาส,,,V892,รถจักรยานยนต์
1335,2026,32.0,ชาย,Thai,ลี้,ลำพูน,19/1/2026,แม่ลาน,ลี้,ลำพูน,,,V892,รถยนต์
1336,2026,26.0,ชาย,Thai,สรรพยา,ชัยนาท,11/2/2026,เขาท่าพระ,เมืองชัยนาท,ชัยนาท,100.1131212,15.22108497,V239,รถจักรยานยนต์
1337,2026,36.0,หญิง,Thai,สิเกา,ตรัง,18/2/2026,ควนธานี,เมืองตรัง,ตรัง,,,V299,รถจักรยานยนต์
1338,2026,70.0,ชาย,Thai,ลำดวน,สุรินทร์,13/2/2026,ตรำดม,ลำดวน,สุรินทร์,,,Y349,รถจักรยานยนต์
1339,2026,14.0,หญิง,Thai,แม่วงก์,นครสวรรค์,29/3/2026,ตลุก,สรรพยา,ชัยนาท,100.246034,15.178716,V892,รถจักรยานยนต์
1340,2026,42.0,ชาย,Thai,เมืองสุรินทร์,สุรินทร์,17/2/2026,เฉนียง,เมืองสุรินทร์,สุรินทร์,,,V892,รถจักรยานยนต์
1341,2026,22.0,ชาย,Thai,คลองหลวง,ปทุมธานี,21/3/2026,คลองหนึ่ง,คลองหลวง,ปทุมธานี,,,Y349,รถจักรยานยนต์
1342,2026,63.0,หญิง,Thai,ปราสาท,สุรินทร์,20/2/2026,ตาเบา,เมืองสุรินทร์,สุรินทร์,,,V892,รถจักรยานยนต์
1343,2026,59.0,ชาย,Thai,ท่าตูม,สุรินทร์,19/2/2026,เมืองลิ่ง,เมืองสุรินทร์,สุรินทร์,,,V892,รถจักรยานยนต์
1344,2026,65.0,หญิง,Thai,เมืองสุรินทร์,สุรินทร์,21/2/2026,ศรีณรงค์,เมืองสุรินทร์,สุรินทร์,,,V892,รถจักรยานยนต์
1345,2026,26.0,หญิง,Thai,เมืองกระบี่,กระบี่,25/3/2026,เขาพนม,เมืองกระบี่,กระบี่,,,V892,รถจักรยานยนต์
1346,2026,26.0,ชาย,Thai,ลอง,แพร่,10/1/2026,ชมพู,เมืองลำปาง,ลำปาง,,,V892,รถจักรยานยนต์
1347,2026,65.0,หญิง,Thai,เมืองสุพรรณบุรี,สุพรรณบุรี,22/1/2026,ดอนกำยาน,เมืองสุพรรณบุรี,สุพรรณบุรี,,,V892,รถจักรยานยนต์
1348,2026,60.0,ชาย,Thai,เมืองบุรีรัมย์,บุรีรัมย์,30/3/2026,กังแอน,เมืองสุรินทร์,สุรินทร์,,,V892,รถจักรยานยนต์
1349,2026,23.0,หญิง,Thai,ลำดวน,สุรินทร์,16/2/2026,ทับกวาง,เมืองสระบุรี,สระบุรี,,,V892,รถจักรยานยนต์
1350,2026,33.0,ชาย,Thai,โนนสูง,นครราชสีมา,19/3/2026,พลสงคราม,เมืองนครราชสีมา,นครราชสีมา,102.253962,15.331269,V892,รถจักรยานยนต์
1351,2026,64.0,ชาย,Thai,เมืองสกลนคร,สกลนคร,15/2/2026,เชียงเครือ,เมืองสกลนคร,สกลนคร,,,V284,รถจักรยานยนต์
1352,2026,20.0,หญิง,Thai,น้ำยืน,อุบลราชธานี,6/3/2026,ขามเรียง,เมืองมหาสารคาม,มหาสารคาม,,,V892,รถจักรยานยนต์
1353,2026,26.0,ชาย,Thai,ท่าสองยาง,ตาก,19/3/2026,แม่สอง,ท่าสองยาง,ตาก,,,V892,รถจักรยานยนต์
1354,2026,44.0,ชาย,Thai,กันทรารมย์,ศรีสะเกษ,5/2/2026,คำเนียม,เมืองศรีสะเกษ,ศรีสะเกษ,104.597235,15.061424,V892,รถจักรยานยนต์
1355,2026,67.0,ชาย,Thai,เมืองสมุทรปราการ,สมุทรปราการ,5/1/2026,ท้ายบ้านใหม่,เมืองสมุทรปราการ,สมุทรปราการ,,,Y349,รถจักรยานยนต์
1356,2026,58.0,ชาย,Thai,ท่าชนะ,สุราษฎร์ธานี,17/3/2026,เสวียด,ท่าฉาง,สุราษฎร์ธานี,99.145895,9.312558,Y349,รถจักรยานยนต์
1357,2026,31.0,ชาย,Thai,พรเจริญ,บึงกาฬ,1/1/2026,ดอนหญ้านาง,พรเจริญ,บึงกาฬ,,,V289,รถจักรยานยนต์
1358,2026,45.0,ชาย,Thai,เมืองนครราชสีมา,นครราชสีมา,18/1/2026,อ้อมน้อย,กระทุ่มแบน,สมุทรสาคร,,,Y349,รถจักรยานยนต์
1359,2026,25.0,ชาย,Thai,เมืองกาญจนบุรี,กาญจนบุรี,4/2/2026,บ้านเก่า,เมืองกาญจนบุรี,กาญจนบุรี,99.16790675,13.83883878,Y349,รถจักรยานยนต์
1360,2026,26.0,หญิง,Thai,สารภี,เชียงใหม่,24/2/2026,หนองผึ้ง,เมืองเชียงใหม่,เชียงใหม่,99.036958,18.71242,V892,รถจักรยานยนต์
1361,2026,26.0,ชาย,Thai,เมืองนครนายก,นครนายก,11/1/2026,นครนายก,เมืองนครนายก,นครนายก,,,V299,รถจักรยานยนต์
1362,2026,26.0,ชาย,Thai,เด่นชัย,แพร่,31/1/2026,ปงป่าหวาย,เด่นชัย,แพร่,100.049249,18.011481,V892,รถจักรยานยนต์
1363,2026,47.0,ชาย,Thai,เมืองสุรินทร์,สุรินทร์,19/3/2026,สวาย,เมืองสุรินทร์,สุรินทร์,103.352957,14.799275,V892,รถจักรยานยนต์
1364,2026,9.0,หญิง,Thai,รัตนบุรี,สุรินทร์,23/3/2026,รัตนบุรี,เมืองสุรินทร์,สุรินทร์,,,V239,รถจักรยานยนต์
1365,2026,60.0,ชาย,Thai,พนมดงรัก,สุรินทร์,21/3/2026,ตาเมียง,เมืองสุรินทร์,สุรินทร์,103.254556,14.386234,V892,รถจักรยานยนต์
1366,2026,60.0,ชาย,Thai,ศีขรภูมิ,สุรินทร์,1/3/2026,ยาง,เมืองสุรินทร์,สุรินทร์,,,V892,รถจักรยานยนต์
1367,2026,71.0,ชาย,Thai,สันทราย,เชียงใหม่,27/2/2026,หนองจ๊อม,แม่ริม,เชียงใหม่,99.00749557,18.85155725,V892,รถจักรยานยนต์
1368,2026,21.0,ชาย,Thai,เมืองกาญจนบุรี,กาญจนบุรี,3/3/2026,กังแอน,เมืองสุรินทร์,สุรินทร์,,,V892,รถจักรยานยนต์
1369,2026,73.0,ชาย,Thai,ธัญบุรี,ปทุมธานี,25/1/2026,รังสิต,ธัญบุรี,ปทุมธานี,,,V892,รถจักรยานยนต์
1370,2026,21.0,หญิง,Thai,เมืองกระบี่,กระบี่,27/1/2026,เขาทอง,เมืองกระบี่,กระบี่,,,Y349,รถจักรยานยนต์
1371,2026,84.0,หญิง,Thai,งาว,ลำปาง,8/2/2026,บ้านแหง,เมืองลำปาง,ลำปาง,,,V892,รถจักรยานยนต์
1372,2026,60.0,ชาย,Thai,ท่าตะโก,นครสวรรค์,22/1/2026,พนมเศษ,เมืองนครสวรรค์,นครสวรรค์,,,V892,รถจักรยานยนต์
1373,2026,17.0,ชาย,Thai,เลิงนกทา,ยโสธร,5/2/2026,โคกสำราญ,เลิงนกทา,ยโสธร,,,V299,รถจักรยานยนต์
1374,2026,36.0,ชาย,Thai,เมืองยโสธร,ยโสธร,13/2/2026,กุดแห่,เลิงนกทา,ยโสธร,104.505936,16.219668,V892,รถจักรยานยนต์
1375,2026,34.0,ชาย,Thai,เมืองอุตรดิตถ์,อุตรดิตถ์,13/2/2026,ถ้ำฉลอง,เมืองอุตรดิตถ์,อุตรดิตถ์,,,V892,รถจักรยานยนต์
1376,2026,59.0,หญิง,Thai,สูงเม่น,แพร่,11/2/2026,บ้านเหล่า,เมืองแพร่,แพร่,,,V892,รถจักรยานยนต์
1377,2026,17.0,ชาย,Thai,บ้านนาสาร,สุราษฎร์ธานี,22/1/2026,ทุ่งเตาใหม่,บ้านนาสาร,สุราษฎร์ธานี,,,Y349,รถจักรยานยนต์
1378,2026,25.0,ชาย,Thai,เชียรใหญ่,นครศรีธรรมราช,11/2/2026,การะเกด,เชียรใหญ่,นครศรีธรรมราช,,,Y349,ไม่ระบุพาหนะ
1379,2026,53.0,หญิง,Thai,เขตสวนหลวง,กรุงเทพมหานคร,1/2/2026,จันทรเกษม,เขตสวนหลวง,กรุงเทพมหานคร,,,Y349,รถจักรยานยนต์
1380,2026,60.0,ชาย,Thai,เสนางคนิคม,อำนาจเจริญ,7/3/2026,บุงค้า,เลิงนกทา,ยโสธร,,,Y349,รถจักรยานยนต์
1381,2026,66.0,หญิง,Thai,เมืองนครราชสีมา,นครราชสีมา,14/2/2026,จอหอ,เมืองนครราชสีมา,นครราชสีมา,102.13069,15.034052,V892,รถจักรยานยนต์
1382,2026,64.0,ชาย,Thai,บ้านตาก,ตาก,9/2/2026,ตากตก,บ้านตาก,ตาก,99.07003,17.041605,V892,รถจักรยานยนต์
1383,2026,15.0,ชาย,Thai,เมืองสตูล,สตูล,20/2/2026,บ้านควน,เมืองสตูล,สตูล,,,V892,รถยนต์
1384,2026,37.0,ชาย,Thai,เมืองยโสธร,ยโสธร,17/1/2026,เดิด,เมืองยโสธร,ยโสธร,,,V892,รถจักรยานยนต์
1385,2026,67.0,ชาย,Thai,เมืองปทุมธานี,ปทุมธานี,24/3/2026,เชียงรากน้อย,บางไทร,พระนครศรีอยุธยา,100.584109,14.238323,V892,ไม่ระบุพาหนะ
1386,2026,38.0,ชาย,Thai,บางพลี,สมุทรปราการ,29/1/2026,ประเวศ,เขตประเวศ,กรุงเทพมหานคร,,,Y349,รถจักรยานยนต์
1387,2026,75.0,ชาย,Thai,ศรีสัชนาลัย,สุโขทัย,19/1/2026,ศรีสัชนาลัย,ศรีสัชนาลัย,สุโขทัย,,,Y349,รถเพื่อการเกษตร
1388,2026,35.0,ชาย,ไม่ระบุ,ขนอม,นครศรีธรรมราช,6/1/2026,ไม่ระบุ,ขนอม,นครศรีธรรมราช,,,V294,รถจักรยานยนต์
1389,2026,53.0,ชาย,ไม่ระบุ,นาทม,นครพนม,29/3/2026,ไม่ระบุ,นาทม,นครพนม,,,V244,รถจักรยานยนต์
1390,2026,17.0,ชาย,ไม่ระบุ,เมืองนครสวรรค์,นครสวรรค์,10/1/2026,ไม่ระบุ,เมืองนครสวรรค์,นครสวรรค์,,,V892,ไม่ระบุพาหนะ
1391,2026,20.0,ชาย,ไม่ระบุ,ทุ่งใหญ่,นครศรีธรรมราช,21/1/2026,ไม่ระบุ,ทุ่งใหญ่,นครศรีธรรมราช,,,V892,ไม่ระบุพาหนะ
1392,2026,45.0,ชาย,ไม่ระบุ,วังน้อย,พระนครศรีอยุธยา,8/1/2026,ไม่ระบุ,วังน้อย,พระนครศรีอยุธยา,,,V892,ไม่ระบุพาหนะ
1393,2026,63.0,หญิง,ไม่ระบุ,สูงเม่น,แพร่,9/2/2026,ไม่ระบุ,สูงเม่น,แพร่,,,V892,ไม่ระบุพาหนะ
1394,2026,70.0,หญิง,ไม่ระบุ,หาดใหญ่,สงขลา,5/3/2026,ไม่ระบุ,หาดใหญ่,สงขลา,,,V892,ไม่ระบุพาหนะ
1395,2026,77.0,ชาย,ไม่ระบุ,สูงเม่น,แพร่,14/2/2026,ไม่ระบุ,สูงเม่น,แพร่,,,Y349,ไม่ระบุพาหนะ
1396,2026,43.0,ชาย,ไม่ระบุ,หนองสูง,มุกดาหาร,14/3/2026,ไม่ระบุ,หนองสูง,มุกดาหาร,,,V299,รถจักรยานยนต์
1397,2026,68.0,ชาย,ไม่ระบุ,เมืองมุกดาหาร,มุกดาหาร,9/3/2026,ไม่ระบุ,เมืองมุกดาหาร,มุกดาหาร,,,V299,รถจักรยานยนต์
1398,2026,48.0,หญิง,ไม่ระบุ,วังสะพุง,เลย,18/1/2026,ไม่ระบุ,วังสะพุง,เลย,,,V892,ไม่ระบุพาหนะ
1399,2026,21.0,ชาย,ไม่ระบุ,เกษตรสมบูรณ์,ชัยภูมิ,18/2/2026,ไม่ระบุ,เกษตรสมบูรณ์,ชัยภูมิ,,,Y349,รถจักรยานยนต์
1400,2026,66.0,หญิง,ไม่ระบุ,สูงเม่น,แพร่,17/2/2026,ไม่ระบุ,สูงเม่น,แพร่,,,Y349,ไม่ระบุพาหนะ
1401,2026,21.0,ชาย,ไม่ระบุ,เมืองพัทลุง,พัทลุง,27/1/2026,ไม่ระบุ,เมืองพัทลุง,พัทลุง,,,V892,ไม่ระบุพาหนะ
1402,2026,59.0,หญิง,ไม่ระบุ,เมืองระยอง,ระยอง,2/2/2026,ไม่ระบุ,เมืองระยอง,ระยอง,,,V892,รถจักรยานยนต์
1403,2026,61.0,หญิง,ไม่ระบุ,ปรางค์กู่,ศรีสะเกษ,18/2/2026,ไม่ระบุ,ปรางค์กู่,ศรีสะเกษ,,,V892,รถจักรยานยนต์
1404,2026,51.0,ชาย,ไม่ระบุ,เมืองนครศรีธรรมราช,นครศรีธรรมราช,17/1/2026,ไม่ระบุ,เมืองนครศรีธรรมราช,นครศรีธรรมราช,,,Y349,ไม่ระบุพาหนะ
1405,2026,30.0,ชาย,ไม่ระบุ,กิ่งอำเภอพระทองคำ,นครราชสีมา,19/1/2026,ไม่ระบุ,กิ่งอำเภอพระทองคำ,นครราชสีมา,,,V049,คนเดินเท้า
1406,2026,37.0,ชาย,ไม่ระบุ,บาเจาะ,นราธิวาส,14/1/2026,ไม่ระบุ,บาเจาะ,นราธิวาส,,,V495,รถยนต์
1407,2026,33.0,หญิง,ไม่ระบุ,ปักธงชัย,นครราชสีมา,11/1/2026,ไม่ระบุ,ปักธงชัย,นครราชสีมา,,,V892,รถยนต์
1408,2026,20.0,ชาย,ไม่ระบุ,เมืองนครศรีธรรมราช,นครศรีธรรมราช,6/1/2026,ไม่ระบุ,เมืองนครศรีธรรมราช,นครศรีธรรมราช,,,V892,ไม่ระบุพาหนะ
1409,2026,45.0,หญิง,ไม่ระบุ,ประทาย,นครราชสีมา,13/1/2026,ไม่ระบุ,ประทาย,นครราชสีมา,,,V295,รถจักรยานยนต์
1410,2026,30.0,ชาย,ไม่ระบุ,เขตบางรัก,กรุงเทพมหานคร,11/2/2026,ไม่ระบุ,เขตบางรัก,กรุงเทพมหานคร,,,Y349,ไม่ระบุพาหนะ
1411,2026,62.0,ชาย,ไม่ระบุ,เมืองอุบลราชธานี,อุบลราชธานี,21/3/2026,ไม่ระบุ,เมืองอุบลราชธานี,อุบลราชธานี,,,V892,ไม่ระบุพาหนะ
1412,2026,48.0,หญิง,ไม่ระบุ,สะบ้าย้อย,สงขลา,27/2/2026,ไม่ระบุ,สะบ้าย้อย,สงขลา,,,V092,คนเดินเท้า
1413,2026,65.0,ชาย,ไม่ระบุ,เมืองพะเยา,พะเยา,17/2/2026,ไม่ระบุ,เมืองพะเยา,พะเยา,,,Y349,รถจักรยานยนต์
1414,2026,35.0,ชาย,ไม่ระบุ,เมืองพะเยา,พะเยา,25/2/2026,ไม่ระบุ,เมืองพะเยา,พะเยา,,,V892,ไม่ระบุพาหนะ
1415,2026,72.0,ชาย,ไม่ระบุ,เมืองพังงา,พังงา,26/1/2026,ไม่ระบุ,เมืองพังงา,พังงา,,,V892,ไม่ระบุพาหนะ
1416,2026,61.0,ชาย,ไม่ระบุ,โป่งน้ำร้อน,จันทบุรี,6/2/2026,ไม่ระบุ,โป่งน้ำร้อน,จันทบุรี,,,Y349,รถจักรยานยนต์
1417,2026,17.0,ชาย,ไม่ระบุ,โกสุมพิสัย,มหาสารคาม,16/1/2026,ไม่ระบุ,โกสุมพิสัย,มหาสารคาม,,,V234,รถจักรยานยนต์
1418,2026,80.0,ชาย,ไม่ระบุ,สว่างอารมณ์,อุทัยธานี,21/1/2026,ไม่ระบุ,สว่างอารมณ์,อุทัยธานี,,,Y349,รถบรรทุกขนาดเล็ก/รถตู้
1419,2026,17.0,หญิง,ไม่ระบุ,เมืองภูเก็ต,ภูเก็ต,7/1/2026,ไม่ระบุ,เมืองภูเก็ต,ภูเก็ต,,,V892,ไม่ระบุพาหนะ
1420,2026,66.0,ชาย,ไม่ระบุ,พาน,เชียงราย,23/2/2026,ไม่ระบุ,พาน,เชียงราย,,,V892,ไม่ระบุพาหนะ
1421,2026,37.0,ชาย,ไม่ระบุ,เมืองยะลา,ยะลา,24/3/2026,ไม่ระบุ,เมืองยะลา,ยะลา,,,V892,ไม่ระบุพาหนะ
1422,2026,1.0,ชาย,ไม่ระบุ,เมืองอุทัยธานี,อุทัยธานี,22/1/2026,ไม่ระบุ,เมืองอุทัยธานี,อุทัยธานี,,,V499,รถยนต์
1423,2026,15.0,ชาย,ไม่ระบุ,ลำสนธิ,ลพบุรี,1/1/2026,ไม่ระบุ,ลำสนธิ,ลพบุรี,,,Y349,รถจักรยานยนต์
1424,2026,75.0,หญิง,ไม่ระบุ,โกสุมพิสัย,มหาสารคาม,20/1/2026,ไม่ระบุ,โกสุมพิสัย,มหาสารคาม,,,V134,รถจักรยาน
1425,2026,22.0,ชาย,ไม่ระบุ,โกสุมพิสัย,มหาสารคาม,25/1/2026,ไม่ระบุ,โกสุมพิสัย,มหาสารคาม,,,Y349,รถจักรยานยนต์
1426,2026,56.0,ชาย,ไม่ระบุ,พรานกระต่าย,กำแพงเพชร,22/1/2026,ไม่ระบุ,พรานกระต่าย,กำแพงเพชร,,,Y349,ไม่ระบุพาหนะ
1427,2026,61.0,หญิง,ไม่ระบุ,เขาสมิง,ตราด,6/3/2026,ไม่ระบุ,เขาสมิง,ตราด,,,V892,ไม่ระบุพาหนะ
1428,2026,57.0,ชาย,ไม่ระบุ,เมืองอุบลราชธานี,อุบลราชธานี,30/3/2026,ไม่ระบุ,เมืองอุบลราชธานี,อุบลราชธานี,,,V892,รถจักรยานยนต์
1429,2026,12.0,ชาย,ไม่ระบุ,ท่ามะกา,กาญจนบุรี,27/3/2026,ไม่ระบุ,ท่ามะกา,กาญจนบุรี,,,V892,ไม่ระบุพาหนะ
1430,2026,53.0,ชาย,ไม่ระบุ,เมืองลพบุรี,ลพบุรี,11/1/2026,ไม่ระบุ,เมืองลพบุรี,ลพบุรี,,,Y349,รถจักรยานยนต์
1431,2026,88.0,ชาย,ไม่ระบุ,เมืองนราธิวาส,นราธิวาส,2/3/2026,ไม่ระบุ,เมืองนราธิวาส,นราธิวาส,,,V124,รถจักรยาน
1432,2026,25.0,ชาย,ไม่ระบุ,เมืองมหาสารคาม,มหาสารคาม,12/1/2026,ไม่ระบุ,เมืองมหาสารคาม,มหาสารคาม,,,V892,รถจักรยานยนต์
1433,2026,62.0,ชาย,ไม่ระบุ,เมืองสระแก้ว,สระแก้ว,28/2/2026,ไม่ระบุ,เมืองสระแก้ว,สระแก้ว,,,V031,คนเดินเท้า
1434,2026,65.0,ชาย,ไม่ระบุ,ท่าหลวง,ลพบุรี,9/1/2026,ไม่ระบุ,ท่าหลวง,ลพบุรี,,,V892,รถจักรยานยนต์
1435,2026,65.0,ชาย,ไม่ระบุ,เมืองอุดรธานี,อุดรธานี,31/3/2026,ไม่ระบุ,เมืองอุดรธานี,อุดรธานี,,,V892,ไม่ระบุพาหนะ
1436,2026,34.0,ชาย,ไม่ระบุ,เขตดุสิต,กรุงเทพมหานคร,2/3/2026,ไม่ระบุ,เขตดุสิต,กรุงเทพมหานคร,,,V892,รถจักรยานยนต์
1437,2026,50.0,หญิง,ไม่ระบุ,ภูผาม่าน,ขอนแก่น,15/2/2026,ไม่ระบุ,ภูผาม่าน,ขอนแก่น,,,X599,รถจักรยานยนต์
1438,2026,73.0,หญิง,ไม่ระบุ,เมืองเพชรบูรณ์,เพชรบูรณ์,9/1/2026,ไม่ระบุ,เมืองเพชรบูรณ์,เพชรบูรณ์,,,V892,ไม่ระบุพาหนะ
1439,2026,43.0,ชาย,ไม่ระบุ,กิ่งอำเภอหนองนาคำ,ขอนแก่น,13/2/2026,ไม่ระบุ,กิ่งอำเภอหนองนาคำ,ขอนแก่น,,,Y349,รถจักรยานยนต์
1440,2026,18.0,ชาย,ไม่ระบุ,จตุรพักตรพิมาน,ร้อยเอ็ด,1/1/2026,ไม่ระบุ,จตุรพักตรพิมาน,ร้อยเอ็ด,,,V239,รถจักรยานยนต์
1441,2026,29.0,หญิง,ไม่ระบุ,เขตบางเขน,กรุงเทพมหานคร,28/3/2026,ไม่ระบุ,เขตบางเขน,กรุงเทพมหานคร,,,V295,รถจักรยานยนต์
1442,2026,71.0,ชาย,ไม่ระบุ,สิชล,นครศรีธรรมราช,13/2/2026,ไม่ระบุ,สิชล,นครศรีธรรมราช,,,Y349,รถจักรยานยนต์
1443,2026,84.0,หญิง,ไม่ระบุ,เขตลาดพร้าว,กรุงเทพมหานคร,19/2/2026,ไม่ระบุ,เขตลาดพร้าว,กรุงเทพมหานคร,,,Y349,รถจักรยาน
1444,2026,20.0,ชาย,ไม่ระบุ,เมืองขอนแก่น,ขอนแก่น,18/2/2026,ไม่ระบุ,เมืองขอนแก่น,ขอนแก่น,,,V892,รถยนต์
1445,2026,17.0,หญิง,ไม่ระบุ,เมืองสุราษฎร์ธานี,สุราษฎร์ธานี,14/1/2026,ไม่ระบุ,เมืองสุราษฎร์ธานี,สุราษฎร์ธานี,,,V892,ไม่ระบุพาหนะ
1446,2026,57.0,ชาย,ไม่ระบุ,จุฬาภรณ์,นครศรีธรรมราช,5/2/2026,ไม่ระบุ,จุฬาภรณ์,นครศรีธรรมราช,,,V892,ไม่ระบุพาหนะ
1447,2026,26.0,ชาย,ไม่ระบุ,พบพระ,ตาก,19/1/2026,ไม่ระบุ,พบพระ,ตาก,,,V892,ไม่ระบุพาหนะ
1448,2026,22.0,ชาย,ไม่ระบุ,เมืองลำพูน,ลำพูน,24/3/2026,ไม่ระบุ,เมืองลำพูน,ลำพูน,,,V892,รถจักรยานยนต์
1449,2026,29.0,ชาย,ไม่ระบุ,เมืองยโสธร,ยโสธร,19/3/2026,ไม่ระบุ,เมืองยโสธร,ยโสธร,,,V892,รถยนต์
1450,2026,17.0,ชาย,ไม่ระบุ,เขตตลิ่งชัน,กรุงเทพมหานคร,14/3/2026,ไม่ระบุ,เขตตลิ่งชัน,กรุงเทพมหานคร,,,Y349,ไม่ระบุพาหนะ
1451,2026,73.0,ชาย,ไม่ระบุ,เลิงนกทา,ยโสธร,8/3/2026,ไม่ระบุ,เลิงนกทา,ยโสธร,,,V892,ไม่ระบุพาหนะ
1452,2026,66.0,ชาย,ไม่ระบุ,ท้ายเหมือง,พังงา,29/1/2026,ไม่ระบุ,ท้ายเหมือง,พังงา,,,V892,รถจักรยานยนต์
1453,2026,83.0,ชาย,ไม่ระบุ,เมืองนครสวรรค์,นครสวรรค์,10/2/2026,ไม่ระบุ,เมืองนครสวรรค์,นครสวรรค์,,,V892,ไม่ระบุพาหนะ
1454,2026,46.0,หญิง,ไม่ระบุ,เมืองนครสวรรค์,นครสวรรค์,10/2/2026,ไม่ระบุ,เมืองนครสวรรค์,นครสวรรค์,,,V892,ไม่ระบุพาหนะ
1455,2026,86.0,ชาย,ไม่ระบุ,นครไทย,พิษณุโลก,31/3/2026,ไม่ระบุ,นครไทย,พิษณุโลก,,,V892,ไม่ระบุพาหนะ
1456,2026,8.0,หญิง,ไม่ระบุ,กระสัง,บุรีรัมย์,11/1/2026,ไม่ระบุ,กระสัง,บุรีรัมย์,,,V892,ไม่ระบุพาหนะ
1457,2026,15.0,ชาย,ไม่ระบุ,กระสัง,บุรีรัมย์,11/1/2026,ไม่ระบุ,กระสัง,บุรีรัมย์,,,V892,ไม่ระบุพาหนะ
1458,2026,75.0,ชาย,ไม่ระบุ,เมืองนครสวรรค์,นครสวรรค์,9/2/2026,ไม่ระบุ,เมืองนครสวรรค์,นครสวรรค์,,,V892,ไม่ระบุพาหนะ
1459,2026,67.0,ชาย,ไม่ระบุ,เมืองนครศรีธรรมราช,นครศรีธรรมราช,7/2/2026,ไม่ระบุ,เมืองนครศรีธรรมราช,นครศรีธรรมราช,,,Y349,รถจักรยานยนต์
1460,2026,48.0,ชาย,ไม่ระบุ,เมืองบุรีรัมย์,บุรีรัมย์,25/1/2026,ไม่ระบุ,เมืองบุรีรัมย์,บุรีรัมย์,,,V892,ไม่ระบุพาหนะ
1461,2026,24.0,ชาย,ไม่ระบุ,เมืองบุรีรัมย์,บุรีรัมย์,12/1/2026,ไม่ระบุ,เมืองบุรีรัมย์,บุรีรัมย์,,,Y349,ไม่ระบุพาหนะ
1462,2026,38.0,ชาย,ไม่ระบุ,โกรกพระ,นครสวรรค์,8/2/2026,ไม่ระบุ,โกรกพระ,นครสวรรค์,,,V892,ไม่ระบุพาหนะ
1463,2026,78.0,หญิง,ไม่ระบุ,แก้งคร้อ,ชัยภูมิ,18/3/2026,ไม่ระบุ,แก้งคร้อ,ชัยภูมิ,,,V892,รถบรรทุกขนาดเล็ก/รถตู้
1464,2026,73.0,หญิง,ไม่ระบุ,โกรกพระ,นครสวรรค์,3/2/2026,ไม่ระบุ,โกรกพระ,นครสวรรค์,,,Y349,ไม่ระบุพาหนะ
1465,2026,75.0,หญิง,ไม่ระบุ,แก้งคร้อ,ชัยภูมิ,18/3/2026,ไม่ระบุ,แก้งคร้อ,ชัยภูมิ,,,Y349,รถบรรทุกขนาดเล็ก/รถตู้
1466,2026,29.0,ชาย,ไม่ระบุ,เถิน,ลำปาง,10/3/2026,ไม่ระบุ,เถิน,ลำปาง,,,V892,ไม่ระบุพาหนะ
1467,2026,54.0,ชาย,ไม่ระบุ,แก้งคร้อ,ชัยภูมิ,12/3/2026,ไม่ระบุ,แก้งคร้อ,ชัยภูมิ,,,Y349,รถจักรยานยนต์
1468,2026,75.0,ชาย,ไม่ระบุ,เถิน,ลำปาง,27/3/2026,ไม่ระบุ,เถิน,ลำปาง,,,X599,ไม่ระบุพาหนะ
1469,2026,76.0,ชาย,ไม่ระบุ,เมืองบุรีรัมย์,บุรีรัมย์,14/1/2026,ไม่ระบุ,เมืองบุรีรัมย์,บุรีรัมย์,,,V892,รถจักรยาน
1470,2026,54.0,ชาย,ไม่ระบุ,ยางตลาด,กาฬสินธุ์,19/1/2026,ไม่ระบุ,ยางตลาด,กาฬสินธุ์,,,V031,คนเดินเท้า
1471,2026,68.0,หญิง,ไม่ระบุ,กุฉินารายณ์,กาฬสินธุ์,5/1/2026,ไม่ระบุ,กุฉินารายณ์,กาฬสินธุ์,,,V234,รถจักรยานยนต์
1472,2026,56.0,หญิง,ไม่ระบุ,ตาคลี,นครสวรรค์,14/2/2026,ไม่ระบุ,ตาคลี,นครสวรรค์,,,V892,ไม่ระบุพาหนะ
1473,2026,78.0,ชาย,ไม่ระบุ,คีรีรัฐนิคม,สุราษฎร์ธานี,30/3/2026,ไม่ระบุ,คีรีรัฐนิคม,สุราษฎร์ธานี,,,Y349,รถจักรยาน
1474,2026,49.0,ชาย,ไม่ระบุ,เวียงสระ,สุราษฎร์ธานี,26/3/2026,ไม่ระบุ,เวียงสระ,สุราษฎร์ธานี,,,Y349,รถจักรยานยนต์
1475,2026,61.0,ชาย,ไม่ระบุ,เมืองบุรีรัมย์,บุรีรัมย์,4/1/2026,ไม่ระบุ,เมืองบุรีรัมย์,บุรีรัมย์,,,V892,ไม่ระบุพาหนะ
1476,2026,28.0,ชาย,ไม่ระบุ,เขตคันนายาว,กรุงเทพมหานคร,28/3/2026,ไม่ระบุ,เขตคันนายาว,กรุงเทพมหานคร,,,Y349,รถจักรยานยนต์
1477,2026,20.0,ชาย,ไม่ระบุ,รัตภูมิ,สงขลา,13/1/2026,ไม่ระบุ,รัตภูมิ,สงขลา,,,Y349,รถจักรยานยนต์
1478,2026,55.0,ชาย,ไม่ระบุ,เมืองพิษณุโลก,พิษณุโลก,11/1/2026,ไม่ระบุ,เมืองพิษณุโลก,พิษณุโลก,,,V039,คนเดินเท้า
1479,2026,47.0,ชาย,ไม่ระบุ,ชุมแสง,นครสวรรค์,21/2/2026,ไม่ระบุ,ชุมแสง,นครสวรรค์,,,V892,ไม่ระบุพาหนะ
1480,2026,43.0,ชาย,ไม่ระบุ,ป่าพะยอม,พัทลุง,29/3/2026,ไม่ระบุ,ป่าพะยอม,พัทลุง,,,V099,คนเดินเท้า
1481,2026,39.0,ชาย,ไม่ระบุ,เมืองพิจิตร,พิจิตร,19/1/2026,ไม่ระบุ,เมืองพิจิตร,พิจิตร,,,V892,รถจักรยานยนต์
1482,2026,19.0,ชาย,ไม่ระบุ,ท่าปลา,อุตรดิตถ์,22/3/2026,ไม่ระบุ,ท่าปลา,อุตรดิตถ์,,,V892,ไม่ระบุพาหนะ
1483,2026,8.0,ชาย,ไม่ระบุ,สว่างแดนดิน,สกลนคร,19/1/2026,ไม่ระบุ,สว่างแดนดิน,สกลนคร,,,V892,รถจักรยานยนต์
1484,2026,16.0,ชาย,ไม่ระบุ,ผาขาว,เลย,26/2/2026,ไม่ระบุ,ผาขาว,เลย,,,V892,ไม่ระบุพาหนะ
1485,2026,62.0,ชาย,ไม่ระบุ,เมืองสงขลา,สงขลา,19/1/2026,ไม่ระบุ,เมืองสงขลา,สงขลา,,,V892,ไม่ระบุพาหนะ
1486,2026,14.0,หญิง,ไม่ระบุ,บางน้ำเปรี้ยว,ฉะเชิงเทรา,17/3/2026,ไม่ระบุ,บางน้ำเปรี้ยว,ฉะเชิงเทรา,,,Y349,รถจักรยานยนต์
1487,2026,29.0,ชาย,ไม่ระบุ,บันนังสตา,ยะลา,22/1/2026,ไม่ระบุ,บันนังสตา,ยะลา,,,V499,รถยนต์
1488,2026,15.0,ชาย,ไม่ระบุ,สูงเม่น,แพร่,23/3/2026,ไม่ระบุ,สูงเม่น,แพร่,,,V892,ไม่ระบุพาหนะ
1489,2026,82.0,หญิง,ไม่ระบุ,เมืองสงขลา,สงขลา,29/1/2026,ไม่ระบุ,เมืองสงขลา,สงขลา,,,V892,ไม่ระบุพาหนะ
1490,2026,60.0,หญิง,ไม่ระบุ,เมืองเลย,เลย,4/2/2026,ไม่ระบุ,เมืองเลย,เลย,,,Y349,ไม่ระบุพาหนะ
1491,2026,69.0,หญิง,ไม่ระบุ,ท่าฉาง,สุราษฎร์ธานี,23/2/2026,ไม่ระบุ,ท่าฉาง,สุราษฎร์ธานี,,,Y349,ไม่ระบุพาหนะ
1492,2026,75.0,หญิง,ไม่ระบุ,ท่าฉาง,สุราษฎร์ธานี,23/2/2026,ไม่ระบุ,ท่าฉาง,สุราษฎร์ธานี,,,Y349,ไม่ระบุพาหนะ
1493,2026,27.0,ชาย,ไม่ระบุ,เมืองสมุทรสาคร,สมุทรสาคร,26/3/2026,ไม่ระบุ,เมืองสมุทรสาคร,สมุทรสาคร,,,V892,ไม่ระบุพาหนะ
1494,2026,34.0,ชาย,ไม่ระบุ,บ้านนาเดิม,สุราษฎร์ธานี,21/2/2026,ไม่ระบุ,บ้านนาเดิม,สุราษฎร์ธานี,,,Y349,ไม่ระบุพาหนะ
1495,2026,41.0,หญิง,ไม่ระบุ,โพนพิสัย,หนองคาย,3/2/2026,ไม่ระบุ,โพนพิสัย,หนองคาย,,,V892,ไม่ระบุพาหนะ
1496,2026,54.0,ชาย,ไม่ระบุ,ศรีสงคราม,นครพนม,6/1/2026,ไม่ระบุ,ศรีสงคราม,นครพนม,,,Y349,ไม่ระบุพาหนะ
1497,2026,32.0,ชาย,ไม่ระบุ,ศรีเทพ,เพชรบูรณ์,28/1/2026,ไม่ระบุ,ศรีเทพ,เพชรบูรณ์,,,V049,คนเดินเท้า
1498,2026,60.0,หญิง,ไม่ระบุ,ลำลูกกา,ปทุมธานี,5/2/2026,ไม่ระบุ,ลำลูกกา,ปทุมธานี,,,V892,ไม่ระบุพาหนะ
1499,2026,30.0,ชาย,ไม่ระบุ,หาดใหญ่,สงขลา,11/1/2026,ไม่ระบุ,หาดใหญ่,สงขลา,,,V892,รถจักรยานยนต์
1500,2026,85.0,ชาย,ไม่ระบุ,เมืองมหาสารคาม,มหาสารคาม,15/2/2026,ไม่ระบุ,เมืองมหาสารคาม,มหาสารคาม,,,V892,รถจักรยานยนต์
1501,2026,32.0,หญิง,ไม่ระบุ,เมืองมหาสารคาม,มหาสารคาม,8/2/2026,ไม่ระบุ,เมืองมหาสารคาม,มหาสารคาม,,,V892,รถจักรยานยนต์
1502,2026,67.0,ชาย,ไม่ระบุ,กระสัง,บุรีรัมย์,30/3/2026,ไม่ระบุ,กระสัง,บุรีรัมย์,,,Y349,ไม่ระบุพาหนะ
1503,2026,49.0,ชาย,ไม่ระบุ,เมืองชัยภูมิ,ชัยภูมิ,8/2/2026,ไม่ระบุ,เมืองชัยภูมิ,ชัยภูมิ,,,V892,รถจักรยานยนต์
1504,2026,57.0,หญิง,ไม่ระบุ,บ้านตาก,ตาก,1/2/2026,ไม่ระบุ,บ้านตาก,ตาก,,,V892,ไม่ระบุพาหนะ
1505,2026,21.0,หญิง,ไม่ระบุ,พระประแดง,สมุทรปราการ,1/3/2026,ไม่ระบุ,พระประแดง,สมุทรปราการ,,,Y349,ไม่ระบุพาหนะ
1506,2026,20.0,ชาย,ไม่ระบุ,นาดูน,มหาสารคาม,9/2/2026,ไม่ระบุ,นาดูน,มหาสารคาม,,,V299,รถจักรยานยนต์
1507,2026,12.0,ชาย,ไม่ระบุ,เมืองชลบุรี,ชลบุรี,6/1/2026,ไม่ระบุ,เมืองชลบุรี,ชลบุรี,,,Y349,ไม่ระบุพาหนะ
1508,2026,64.0,ชาย,ไม่ระบุ,หนองไผ่,เพชรบูรณ์,12/1/2026,ไม่ระบุ,หนองไผ่,เพชรบูรณ์,,,V892,ไม่ระบุพาหนะ
1509,2026,13.0,หญิง,ไม่ระบุ,นิคมคำสร้อย,มุกดาหาร,1/1/2026,ไม่ระบุ,นิคมคำสร้อย,มุกดาหาร,,,V299,รถจักรยานยนต์
1510,2026,39.0,ชาย,ไม่ระบุ,ศรีเทพ,เพชรบูรณ์,14/1/2026,ไม่ระบุ,ศรีเทพ,เพชรบูรณ์,,,V892,ไม่ระบุพาหนะ
1511,2026,35.0,หญิง,ไม่ระบุ,เมืองสมุทรปราการ,สมุทรปราการ,28/2/2026,ไม่ระบุ,เมืองสมุทรปราการ,สมุทรปราการ,,,V892,รถจักรยานยนต์
1512,2026,52.0,หญิง,ไม่ระบุ,หล่มสัก,เพชรบูรณ์,10/1/2026,ไม่ระบุ,หล่มสัก,เพชรบูรณ์,,,V239,รถจักรยานยนต์
1513,2026,57.0,ชาย,ไม่ระบุ,เมืองตรัง,ตรัง,20/1/2026,ไม่ระบุ,เมืองตรัง,ตรัง,,,V892,รถจักรยานยนต์
1514,2026,61.0,หญิง,ไม่ระบุ,เมืองมหาสารคาม,มหาสารคาม,11/2/2026,ไม่ระบุ,เมืองมหาสารคาม,มหาสารคาม,,,V892,รถจักรยานยนต์
1515,2026,56.0,หญิง,ไม่ระบุ,หล่มสัก,เพชรบูรณ์,10/1/2026,ไม่ระบุ,หล่มสัก,เพชรบูรณ์,,,V892,รถจักรยานยนต์
1516,2026,35.0,ชาย,ไม่ระบุ,บ้านฝาง,ขอนแก่น,17/3/2026,ไม่ระบุ,บ้านฝาง,ขอนแก่น,,,Y349,รถจักรยานยนต์
1517,2026,73.0,ชาย,ไม่ระบุ,เมืองมหาสารคาม,มหาสารคาม,6/2/2026,ไม่ระบุ,เมืองมหาสารคาม,มหาสารคาม,,,V892,รถจักรยานยนต์
1518,2026,46.0,ชาย,ไม่ระบุ,เขตจตุจักร,กรุงเทพมหานคร,24/3/2026,ไม่ระบุ,เขตจตุจักร,กรุงเทพมหานคร,,,V892,รถจักรยานยนต์
1519,2026,58.0,ชาย,ไม่ระบุ,เมืองตรัง,ตรัง,20/1/2026,ไม่ระบุ,เมืองตรัง,ตรัง,,,V892,รถจักรยานยนต์
1520,2026,60.0,ชาย,ไม่ระบุ,ธัญบุรี,ปทุมธานี,30/3/2026,ไม่ระบุ,ธัญบุรี,ปทุมธานี,,,V892,ไม่ระบุพาหนะ
1521,2026,62.0,หญิง,ไม่ระบุ,พาน,เชียงราย,12/3/2026,ไม่ระบุ,พาน,เชียงราย,,,V892,รถจักรยานยนต์
1522,2026,67.0,หญิง,ไม่ระบุ,ทุ่งเสลี่ยม,สุโขทัย,15/2/2026,ไม่ระบุ,ทุ่งเสลี่ยม,สุโขทัย,,,V892,ไม่ระบุพาหนะ
1523,2026,77.0,ชาย,ไม่ระบุ,พาน,เชียงราย,16/3/2026,ไม่ระบุ,พาน,เชียงราย,,,V892,ไม่ระบุพาหนะ
1524,2026,47.0,ชาย,ไม่ระบุ,แม่อาย,เชียงใหม่,16/1/2026,ไม่ระบุ,แม่อาย,เชียงใหม่,,,V892,ไม่ระบุพาหนะ
1525,2026,31.0,ชาย,ไม่ระบุ,เขื่องใน,อุบลราชธานี,18/1/2026,ไม่ระบุ,เขื่องใน,อุบลราชธานี,,,V892,ไม่ระบุพาหนะ
1526,2026,73.0,ชาย,ไม่ระบุ,หนองหาน,อุดรธานี,22/3/2026,ไม่ระบุ,หนองหาน,อุดรธานี,,,V299,รถจักรยานยนต์
1527,2026,56.0,หญิง,ไม่ระบุ,เชียงแสน,เชียงราย,4/3/2026,ไม่ระบุ,เชียงแสน,เชียงราย,,,V892,รถจักรยานยนต์
1528,2026,16.0,ชาย,ไม่ระบุ,เขตดุสิต,กรุงเทพมหานคร,29/1/2026,ไม่ระบุ,เขตดุสิต,กรุงเทพมหานคร,,,Y349,รถจักรยานยนต์
1529,2026,26.0,ชาย,ไม่ระบุ,เชียงแสน,เชียงราย,5/3/2026,ไม่ระบุ,เชียงแสน,เชียงราย,,,V892,รถจักรยานยนต์
1530,2026,77.0,หญิง,ไม่ระบุ,ศรีสัชนาลัย,สุโขทัย,12/2/2026,ไม่ระบุ,ศรีสัชนาลัย,สุโขทัย,,,V299,รถจักรยานยนต์
1531,2026,41.0,ชาย,ไม่ระบุ,แม่สรวย,เชียงราย,9/3/2026,ไม่ระบุ,แม่สรวย,เชียงราย,,,V892,ไม่ระบุพาหนะ
1532,2026,51.0,ชาย,ไม่ระบุ,สารภี,เชียงใหม่,10/1/2026,ไม่ระบุ,สารภี,เชียงใหม่,,,Y349,ไม่ระบุพาหนะ
1533,2026,39.0,หญิง,ไม่ระบุ,แม่สรวย,เชียงราย,9/3/2026,ไม่ระบุ,แม่สรวย,เชียงราย,,,V892,ไม่ระบุพาหนะ
1534,2026,19.0,หญิง,ไม่ระบุ,จตุรพักตรพิมาน,ร้อยเอ็ด,20/2/2026,ไม่ระบุ,จตุรพักตรพิมาน,ร้อยเอ็ด,,,V892,รถจักรยานยนต์
1535,2026,73.0,ชาย,ไม่ระบุ,เมืองเชียงราย,เชียงราย,19/3/2026,ไม่ระบุ,เมืองเชียงราย,เชียงราย,,,V892,ไม่ระบุพาหนะ
1536,2026,86.0,ชาย,ไม่ระบุ,กระแสสินธุ์,สงขลา,2/2/2026,ไม่ระบุ,กระแสสินธุ์,สงขลา,,,V892,ไม่ระบุพาหนะ
1537,2026,50.0,หญิง,ไม่ระบุ,โพธิ์ชัย,ร้อยเอ็ด,8/2/2026,ไม่ระบุ,โพธิ์ชัย,ร้อยเอ็ด,,,Y349,รถจักรยานยนต์
1538,2026,61.0,ชาย,ไม่ระบุ,นครไทย,พิษณุโลก,9/2/2026,ไม่ระบุ,นครไทย,พิษณุโลก,,,V892,รถยนต์
1539,2026,66.0,ชาย,ไม่ระบุ,เมืองปัตตานี,ปัตตานี,17/1/2026,ไม่ระบุ,เมืองปัตตานี,ปัตตานี,,,V892,ไม่ระบุพาหนะ
1540,2026,37.0,ชาย,ไม่ระบุ,สันทราย,เชียงใหม่,5/1/2026,ไม่ระบุ,สันทราย,เชียงใหม่,,,V892,ไม่ระบุพาหนะ
1541,2026,49.0,ชาย,ไม่ระบุ,บันนังสตา,ยะลา,22/1/2026,ไม่ระบุ,บันนังสตา,ยะลา,,,V499,รถยนต์
1542,2026,53.0,ชาย,ไม่ระบุ,พุทไธสง,บุรีรัมย์,6/2/2026,ไม่ระบุ,พุทไธสง,บุรีรัมย์,,,Y349,ไม่ระบุพาหนะ
1543,2026,75.0,ชาย,ไม่ระบุ,เมืองยะลา,ยะลา,2/1/2026,ไม่ระบุ,เมืองยะลา,ยะลา,,,V892,ไม่ระบุพาหนะ
1544,2026,81.0,ชาย,ไม่ระบุ,ลำสนธิ,ลพบุรี,25/2/2026,ไม่ระบุ,ลำสนธิ,ลพบุรี,,,X599,ไม่ระบุพาหนะ
1545,2026,30.0,หญิง,ไม่ระบุ,เขตบางซื่อ,กรุงเทพมหานคร,22/1/2026,ไม่ระบุ,เขตบางซื่อ,กรุงเทพมหานคร,,,V892,ไม่ระบุพาหนะ
1546,2026,38.0,หญิง,ไม่ระบุ,เมืองยะลา,ยะลา,22/1/2026,ไม่ระบุ,เมืองยะลา,ยะลา,,,V892,ไม่ระบุพาหนะ
1547,2026,62.0,ชาย,ไม่ระบุ,ระแงะ,นราธิวาส,7/1/2026,ไม่ระบุ,ระแงะ,นราธิวาส,,,V234,รถจักรยานยนต์
1548,2026,32.0,ชาย,ไม่ระบุ,กมลาไสย,กาฬสินธุ์,16/2/2026,ไม่ระบุ,กมลาไสย,กาฬสินธุ์,,,V234,รถจักรยานยนต์
1549,2026,82.0,ชาย,ไม่ระบุ,เมืองนราธิวาส,นราธิวาส,22/1/2026,ไม่ระบุ,เมืองนราธิวาส,นราธิวาส,,,V892,รถยนต์
1550,2026,58.0,หญิง,ไม่ระบุ,ยางตลาด,กาฬสินธุ์,9/2/2026,ไม่ระบุ,ยางตลาด,กาฬสินธุ์,,,V892,รถจักรยานยนต์
1551,2026,48.0,ชาย,ไม่ระบุ,ละงู,สตูล,18/2/2026,ไม่ระบุ,ละงู,สตูล,,,V892,ไม่ระบุพาหนะ
1552,2026,35.0,ชาย,ไม่ระบุ,เมืองนครสวรรค์,นครสวรรค์,2/3/2026,ไม่ระบุ,เมืองนครสวรรค์,นครสวรรค์,,,V892,ไม่ระบุพาหนะ
1553,2026,72.0,ชาย,ไม่ระบุ,ยางตลาด,กาฬสินธุ์,14/2/2026,ไม่ระบุ,ยางตลาด,กาฬสินธุ์,,,V892,ไม่ระบุพาหนะ
1554,2026,59.0,หญิง,ไม่ระบุ,กุฉินารายณ์,กาฬสินธุ์,5/2/2026,ไม่ระบุ,กุฉินารายณ์,กาฬสินธุ์,,,V299,รถจักรยานยนต์
1555,2026,13.0,ชาย,ไม่ระบุ,ทุ่งสง,นครศรีธรรมราช,2/3/2026,ไม่ระบุ,ทุ่งสง,นครศรีธรรมราช,,,V892,รถจักรยานยนต์
1556,2026,59.0,ชาย,ไม่ระบุ,ทุ่งสง,นครศรีธรรมราช,5/3/2026,ไม่ระบุ,ทุ่งสง,นครศรีธรรมราช,,,V099,คนเดินเท้า
1557,2026,68.0,ชาย,ไม่ระบุ,เมืองอุบลราชธานี,อุบลราชธานี,3/1/2026,ไม่ระบุ,เมืองอุบลราชธานี,อุบลราชธานี,,,V892,รถจักรยานยนต์
1558,2026,31.0,ชาย,ไม่ระบุ,ชุมแสง,นครสวรรค์,5/3/2026,ไม่ระบุ,ชุมแสง,นครสวรรค์,,,V892,ไม่ระบุพาหนะ
1559,2026,67.0,ชาย,ไม่ระบุ,จุฬาภรณ์,นครศรีธรรมราช,22/3/2026,ไม่ระบุ,จุฬาภรณ์,นครศรีธรรมราช,,,Y349,ไม่ระบุพาหนะ
1560,2026,82.0,หญิง,ไม่ระบุ,เมืองตรัง,ตรัง,15/2/2026,ไม่ระบุ,เมืองตรัง,ตรัง,,,Y349,ไม่ระบุพาหนะ
1561,2026,58.0,ชาย,ไม่ระบุ,สำโรงทาบ,สุรินทร์,5/2/2026,ไม่ระบุ,สำโรงทาบ,สุรินทร์,,,V299,รถจักรยานยนต์
1562,2026,48.0,ชาย,ไม่ระบุ,แกดำ,มหาสารคาม,6/3/2026,ไม่ระบุ,แกดำ,มหาสารคาม,,,Y349,ไม่ระบุพาหนะ
1563,2026,24.0,ชาย,ไม่ระบุ,เมืองปาน,ลำปาง,3/1/2026,ไม่ระบุ,เมืองปาน,ลำปาง,,,V892,ไม่ระบุพาหนะ
1564,2026,71.0,ชาย,ไม่ระบุ,หนองไผ่,เพชรบูรณ์,13/2/2026,ไม่ระบุ,หนองไผ่,เพชรบูรณ์,,,Y349,รถจักรยานยนต์
1565,2026,39.0,ชาย,ไม่ระบุ,หล่มสัก,เพชรบูรณ์,21/2/2026,ไม่ระบุ,หล่มสัก,เพชรบูรณ์,,,V892,ไม่ระบุพาหนะ
1566,2026,50.0,ชาย,ไม่ระบุ,บรบือ,มหาสารคาม,13/3/2026,ไม่ระบุ,บรบือ,มหาสารคาม,,,V495,รถยนต์
1567,2026,26.0,ชาย,ไม่ระบุ,เมืองอุทัยธานี,อุทัยธานี,10/3/2026,ไม่ระบุ,เมืองอุทัยธานี,อุทัยธานี,,,V892,รถจักรยานยนต์
1568,2026,80.0,ชาย,ไม่ระบุ,มวกเหล็ก,สระบุรี,9/2/2026,ไม่ระบุ,มวกเหล็ก,สระบุรี,,,V892,ไม่ระบุพาหนะ
1569,2026,58.0,หญิง,ไม่ระบุ,อากาศอำนวย,สกลนคร,15/2/2026,ไม่ระบุ,อากาศอำนวย,สกลนคร,,,Y349,ไม่ระบุพาหนะ
1570,2026,57.0,ชาย,ไม่ระบุ,ธัญบุรี,ปทุมธานี,25/3/2026,ไม่ระบุ,ธัญบุรี,ปทุมธานี,,,V892,รถจักรยานยนต์
1571,2026,40.0,ชาย,ไม่ระบุ,บรบือ,มหาสารคาม,13/3/2026,ไม่ระบุ,บรบือ,มหาสารคาม,,,V495,รถยนต์
1572,2026,28.0,ชาย,ไม่ระบุ,หล่มสัก,เพชรบูรณ์,5/2/2026,ไม่ระบุ,หล่มสัก,เพชรบูรณ์,,,X599,รถจักรยานยนต์
1573,2026,85.0,ชาย,ไม่ระบุ,นาเชือก,มหาสารคาม,15/3/2026,ไม่ระบุ,นาเชือก,มหาสารคาม,,,Y349,ไม่ระบุพาหนะ
1574,2026,50.0,หญิง,ไม่ระบุ,กิ่งอำเภอเขาคิชฌกูฏ,จันทบุรี,26/1/2026,ไม่ระบุ,กิ่งอำเภอเขาคิชฌกูฏ,จันทบุรี,,,X599,ไม่ระบุพาหนะ
1575,2026,27.0,ชาย,ไม่ระบุ,เมืองนครราชสีมา,นครราชสีมา,31/1/2026,ไม่ระบุ,เมืองนครราชสีมา,นครราชสีมา,,,V892,ไม่ระบุพาหนะ
1576,2026,15.0,หญิง,ไม่ระบุ,กิ่งอำเภอกุดรัง,มหาสารคาม,8/3/2026,ไม่ระบุ,กิ่งอำเภอกุดรัง,มหาสารคาม,,,V299,รถจักรยานยนต์
1577,2026,89.0,ชาย,ไม่ระบุ,เชียงยืน,มหาสารคาม,29/3/2026,ไม่ระบุ,เชียงยืน,มหาสารคาม,,,V031,คนเดินเท้า
1578,2026,80.0,หญิง,ไม่ระบุ,เมืองสกลนคร,สกลนคร,12/2/2026,ไม่ระบุ,เมืองสกลนคร,สกลนคร,,,V892,ไม่ระบุพาหนะ
1579,2026,75.0,หญิง,ไม่ระบุ,เมืองยะลา,ยะลา,5/2/2026,ไม่ระบุ,เมืองยะลา,ยะลา,,,Y349,ไม่ระบุพาหนะ
1580,2026,73.0,ชาย,ไม่ระบุ,เมืองนครราชสีมา,นครราชสีมา,19/3/2026,ไม่ระบุ,เมืองนครราชสีมา,นครราชสีมา,,,V892,ไม่ระบุพาหนะ
1581,2026,70.0,ชาย,ไม่ระบุ,เมืองมหาสารคาม,มหาสารคาม,25/3/2026,ไม่ระบุ,เมืองมหาสารคาม,มหาสารคาม,,,V892,สามล้อ
1582,2026,6.0,หญิง,ไม่ระบุ,เมืองบุรีรัมย์,บุรีรัมย์,22/1/2026,ไม่ระบุ,เมืองบุรีรัมย์,บุรีรัมย์,,,V892,ไม่ระบุพาหนะ
1583,2026,14.0,หญิง,ไม่ระบุ,พรานกระต่าย,กำแพงเพชร,4/3/2026,ไม่ระบุ,พรานกระต่าย,กำแพงเพชร,,,Y349,ไม่ระบุพาหนะ
1584,2026,72.0,ชาย,ไม่ระบุ,ท้ายเหมือง,พังงา,17/3/2026,ไม่ระบุ,ท้ายเหมือง,พังงา,,,V892,ไม่ระบุพาหนะ
1585,2026,27.0,ชาย,ไม่ระบุ,จัตุรัส,ชัยภูมิ,24/1/2026,ไม่ระบุ,จัตุรัส,ชัยภูมิ,,,Y349,รถยนต์
1586,2026,9.0,ชาย,ไม่ระบุ,พิชัย,อุตรดิตถ์,21/1/2026,ไม่ระบุ,พิชัย,อุตรดิตถ์,,,V892,รถจักรยานยนต์
1587,2026,67.0,หญิง,ไม่ระบุ,กันทรารมย์,ศรีสะเกษ,31/1/2026,ไม่ระบุ,กันทรารมย์,ศรีสะเกษ,,,V892,รถจักรยานยนต์
1588,2026,66.0,หญิง,ไม่ระบุ,ธาตุพนม,นครพนม,6/2/2026,ไม่ระบุ,ธาตุพนม,นครพนม,,,Y349,รถจักรยานยนต์
1589,2026,27.0,ชาย,ไม่ระบุ,สะเดา,สงขลา,16/2/2026,ไม่ระบุ,สะเดา,สงขลา,,,Y349,รถบรรทุกขนาดเล็ก/รถตู้
1590,2026,17.0,ชาย,ไม่ระบุ,เมืองนครราชสีมา,นครราชสีมา,10/3/2026,ไม่ระบุ,เมืองนครราชสีมา,นครราชสีมา,,,V892,ไม่ระบุพาหนะ
1591,2026,57.0,หญิง,ไม่ระบุ,เมืองภูเก็ต,ภูเก็ต,25/3/2026,ไม่ระบุ,เมืองภูเก็ต,ภูเก็ต,,,V892,ไม่ระบุพาหนะ
1592,2026,24.0,หญิง,ไม่ระบุ,สะเดา,สงขลา,16/2/2026,ไม่ระบุ,สะเดา,สงขลา,,,Y349,รถบรรทุกขนาดเล็ก/รถตู้
1593,2026,56.0,ชาย,ไม่ระบุ,อุทุมพรพิสัย,ศรีสะเกษ,24/2/2026,ไม่ระบุ,อุทุมพรพิสัย,ศรีสะเกษ,,,V892,ไม่ระบุพาหนะ
1594,2026,73.0,ชาย,ไม่ระบุ,เมืองนราธิวาส,นราธิวาส,18/2/2026,ไม่ระบุ,เมืองนราธิวาส,นราธิวาส,,,V892,รถจักรยานยนต์
1595,2026,41.0,ชาย,ไม่ระบุ,โพธิ์ชัย,ร้อยเอ็ด,9/3/2026,ไม่ระบุ,โพธิ์ชัย,ร้อยเอ็ด,,,Y349,รถจักรยานยนต์
1596,2026,17.0,หญิง,ไม่ระบุ,เมืองศรีสะเกษ,ศรีสะเกษ,20/2/2026,ไม่ระบุ,เมืองศรีสะเกษ,ศรีสะเกษ,,,V892,รถจักรยาน
1597,2026,63.0,หญิง,ไม่ระบุ,เด่นชัย,แพร่,7/1/2026,ไม่ระบุ,เด่นชัย,แพร่,,,V892,รถจักรยาน
1598,2026,29.0,ชาย,ไม่ระบุ,เชียงดาว,เชียงใหม่,9/2/2026,ไม่ระบุ,เชียงดาว,เชียงใหม่,,,V892,ไม่ระบุพาหนะ
1599,2026,74.0,ชาย,ไม่ระบุ,อาจสามารถ,ร้อยเอ็ด,4/3/2026,ไม่ระบุ,อาจสามารถ,ร้อยเอ็ด,,,V299,รถจักรยานยนต์
1600,2026,34.0,ชาย,ไม่ระบุ,ศรีรัตนะ,ศรีสะเกษ,27/2/2026,ไม่ระบุ,ศรีรัตนะ,ศรีสะเกษ,,,V892,รถจักรยานยนต์
1601,2026,68.0,หญิง,ไม่ระบุ,เกษตรวิสัย,ร้อยเอ็ด,7/3/2026,ไม่ระบุ,เกษตรวิสัย,ร้อยเอ็ด,,,V234,รถจักรยานยนต์
1602,2026,73.0,ชาย,ไม่ระบุ,คีรีมาศ,สุโขทัย,10/3/2026,ไม่ระบุ,คีรีมาศ,สุโขทัย,,,V892,รถจักรยาน
1603,2026,16.0,ชาย,ไม่ระบุ,วารินชำราบ,อุบลราชธานี,28/2/2026,ไม่ระบุ,วารินชำราบ,อุบลราชธานี,,,V892,รถจักรยานยนต์
1604,2026,28.0,หญิง,ไม่ระบุ,กงไกรลาศ,สุโขทัย,23/3/2026,ไม่ระบุ,กงไกรลาศ,สุโขทัย,,,V892,ไม่ระบุพาหนะ
1605,2026,48.0,ชาย,ไม่ระบุ,นาจะหลวย,อุบลราชธานี,27/2/2026,ไม่ระบุ,นาจะหลวย,อุบลราชธานี,,,Y349,รถจักรยานยนต์
1606,2026,69.0,ชาย,ไม่ระบุ,สันทราย,เชียงใหม่,13/2/2026,ไม่ระบุ,สันทราย,เชียงใหม่,,,V892,ไม่ระบุพาหนะ
1607,2026,82.0,หญิง,ไม่ระบุ,เมืองน่าน,น่าน,7/1/2026,ไม่ระบุ,เมืองน่าน,น่าน,,,V892,ไม่ระบุพาหนะ
1608,2026,38.0,ชาย,ไม่ระบุ,ปง,พะเยา,21/1/2026,ไม่ระบุ,ปง,พะเยา,,,V892,รถจักรยานยนต์
1609,2026,33.0,ชาย,ไม่ระบุ,เขมราฐ,อุบลราชธานี,1/2/2026,ไม่ระบุ,เขมราฐ,อุบลราชธานี,,,V892,ไม่ระบุพาหนะ
1610,2026,66.0,ชาย,ไม่ระบุ,เมืองพะเยา,พะเยา,28/1/2026,ไม่ระบุ,เมืองพะเยา,พะเยา,,,V892,รถบรรทุกขนาดเล็ก/รถตู้
1611,2026,32.0,ชาย,ไม่ระบุ,บึงโขงหลง,บึงกาฬ,28/2/2026,ไม่ระบุ,บึงโขงหลง,บึงกาฬ,,,Y349,ไม่ระบุพาหนะ
1612,2026,70.0,หญิง,ไม่ระบุ,ท่าตูม,สุรินทร์,10/3/2026,ไม่ระบุ,ท่าตูม,สุรินทร์,,,V031,คนเดินเท้า
1613,2026,38.0,ชาย,ไม่ระบุ,หางดง,เชียงใหม่,31/1/2026,ไม่ระบุ,หางดง,เชียงใหม่,,,V892,ไม่ระบุพาหนะ
1614,2026,47.0,ชาย,ไม่ระบุ,กิ่งอำเภอสามชัย,กาฬสินธุ์,16/3/2026,ไม่ระบุ,กิ่งอำเภอสามชัย,กาฬสินธุ์,,,V892,รถจักรยานยนต์
1615,2026,54.0,ชาย,ไม่ระบุ,กิ่งอำเภอนาคู,กาฬสินธุ์,6/3/2026,ไม่ระบุ,กิ่งอำเภอนาคู,กาฬสินธุ์,,,Y349,ไม่ระบุพาหนะ
1616,2026,58.0,ชาย,ไม่ระบุ,วัดโบสถ์,พิษณุโลก,2/3/2026,ไม่ระบุ,วัดโบสถ์,พิษณุโลก,,,V892,ไม่ระบุพาหนะ
1617,2026,30.0,หญิง,ไม่ระบุ,ปง,พะเยา,21/1/2026,ไม่ระบุ,ปง,พะเยา,,,V892,รถจักรยานยนต์
1618,2026,71.0,หญิง,ไม่ระบุ,เมืองเพชรบุรี,เพชรบุรี,19/1/2026,ไม่ระบุ,เมืองเพชรบุรี,เพชรบุรี,,,V892,ไม่ระบุพาหนะ
1619,2026,14.0,ชาย,ไม่ระบุ,เชียงแสน,เชียงราย,22/1/2026,ไม่ระบุ,เชียงแสน,เชียงราย,,,V892,รถจักรยานยนต์
1620,2026,61.0,หญิง,ไม่ระบุ,เมืองสุราษฎร์ธานี,สุราษฎร์ธานี,20/3/2026,ไม่ระบุ,เมืองสุราษฎร์ธานี,สุราษฎร์ธานี,,,V892,ไม่ระบุพาหนะ
1621,2026,85.0,ชาย,ไม่ระบุ,เมืองร้อยเอ็ด,ร้อยเอ็ด,25/2/2026,ไม่ระบุ,เมืองร้อยเอ็ด,ร้อยเอ็ด,,,V892,รถจักรยานยนต์
1622,2026,15.0,หญิง,ไม่ระบุ,อุบลรัตน์,ขอนแก่น,10/1/2026,ไม่ระบุ,อุบลรัตน์,ขอนแก่น,,,V892,รถจักรยานยนต์
1623,2026,61.0,ชาย,ไม่ระบุ,โพทะเล,พิจิตร,2/3/2026,ไม่ระบุ,โพทะเล,พิจิตร,,,V892,ไม่ระบุพาหนะ
1624,2026,50.0,ชาย,ไม่ระบุ,อากาศอำนวย,สกลนคร,26/2/2026,ไม่ระบุ,อากาศอำนวย,สกลนคร,,,V892,รถจักรยาน
1625,2026,15.0,ชาย,ไม่ระบุ,บางละมุง,ชลบุรี,27/2/2026,ไม่ระบุ,บางละมุง,ชลบุรี,,,V892,ไม่ระบุพาหนะ
1626,2026,30.0,ชาย,ไม่ระบุ,เมืองพิจิตร,พิจิตร,29/3/2026,ไม่ระบุ,เมืองพิจิตร,พิจิตร,,,X599,ไม่ระบุพาหนะ
1627,2026,3.0,ชาย,ไม่ระบุ,เชียงดาว,เชียงใหม่,18/2/2026,ไม่ระบุ,เชียงดาว,เชียงใหม่,,,V892,รถจักรยานยนต์
1628,2026,15.0,ชาย,ไม่ระบุ,ปะทิว,ชุมพร,5/3/2026,ไม่ระบุ,ปะทิว,ชุมพร,,,Y349,รถจักรยานยนต์
1629,2026,32.0,ชาย,ไม่ระบุ,สีชมพู,ขอนแก่น,25/1/2026,ไม่ระบุ,สีชมพู,ขอนแก่น,,,V499,รถยนต์
1630,2026,37.0,หญิง,ไม่ระบุ,ชนแดน,เพชรบูรณ์,6/3/2026,ไม่ระบุ,ชนแดน,เพชรบูรณ์,,,Y349,รถยนต์
1631,2026,72.0,หญิง,ไม่ระบุ,ธัญบุรี,ปทุมธานี,18/1/2026,ไม่ระบุ,ธัญบุรี,ปทุมธานี,,,X599,ไม่ระบุพาหนะ
1632,2026,71.0,ชาย,ไม่ระบุ,เมืองอุบลราชธานี,อุบลราชธานี,2/2/2026,ไม่ระบุ,เมืองอุบลราชธานี,อุบลราชธานี,,,V892,รถจักรยานยนต์
1633,2026,23.0,ชาย,ไม่ระบุ,เมืองนครราชสีมา,นครราชสีมา,10/1/2026,ไม่ระบุ,เมืองนครราชสีมา,นครราชสีมา,,,V892,รถจักรยานยนต์
1634,2026,19.0,หญิง,ไม่ระบุ,น้ำหนาว,เพชรบูรณ์,1/3/2026,ไม่ระบุ,น้ำหนาว,เพชรบูรณ์,,,V892,รถจักรยาน
1635,2026,16.0,ชาย,ไม่ระบุ,จักราช,นครราชสีมา,24/1/2026,ไม่ระบุ,จักราช,นครราชสีมา,,,Y349,ไม่ระบุพาหนะ
1636,2026,14.0,ชาย,ไม่ระบุ,บ้านฝาง,ขอนแก่น,1/3/2026,ไม่ระบุ,บ้านฝาง,ขอนแก่น,,,Y349,รถจักรยาน
1637,2026,13.0,ชาย,ไม่ระบุ,นาบอน,นครศรีธรรมราช,10/1/2026,ไม่ระบุ,นาบอน,นครศรีธรรมราช,,,V892,ไม่ระบุพาหนะ
1638,2026,41.0,ชาย,ไม่ระบุ,นาบอน,นครศรีธรรมราช,18/1/2026,ไม่ระบุ,นาบอน,นครศรีธรรมราช,,,V892,ไม่ระบุพาหนะ
1639,2026,18.0,ชาย,ไม่ระบุ,ปลวกแดง,ระยอง,22/2/2026,ไม่ระบุ,ปลวกแดง,ระยอง,,,Y349,รถจักรยานยนต์
1640,2026,49.0,ชาย,ไม่ระบุ,ถ้ำพรรณรา,นครศรีธรรมราช,11/1/2026,ไม่ระบุ,ถ้ำพรรณรา,นครศรีธรรมราช,,,V299,รถจักรยานยนต์
1641,2026,76.0,ชาย,ไม่ระบุ,เมืองนครพนม,นครพนม,14/3/2026,ไม่ระบุ,เมืองนครพนม,นครพนม,,,V892,ไม่ระบุพาหนะ
1642,2026,26.0,ชาย,ไม่ระบุ,ถ้ำพรรณรา,นครศรีธรรมราช,11/1/2026,ไม่ระบุ,ถ้ำพรรณรา,นครศรีธรรมราช,,,V892,รถจักรยานยนต์
1643,2026,36.0,ชาย,ไม่ระบุ,สะบ้าย้อย,สงขลา,19/1/2026,ไม่ระบุ,สะบ้าย้อย,สงขลา,,,V099,คนเดินเท้า
1644,2026,58.0,ชาย,ไม่ระบุ,เมืองศรีสะเกษ,ศรีสะเกษ,11/3/2026,ไม่ระบุ,เมืองศรีสะเกษ,ศรีสะเกษ,,,V239,รถจักรยานยนต์
1645,2026,71.0,ชาย,ไม่ระบุ,เมืองแพร่,แพร่,5/1/2026,ไม่ระบุ,เมืองแพร่,แพร่,,,V892,ไม่ระบุพาหนะ
1646,2026,73.0,หญิง,ไม่ระบุ,กิ่งอำเภอนบพิตำ,นครศรีธรรมราช,7/1/2026,ไม่ระบุ,กิ่งอำเภอนบพิตำ,นครศรีธรรมราช,,,V892,ไม่ระบุพาหนะ
1647,2026,28.0,หญิง,ไม่ระบุ,เมืองเพชรบูรณ์,เพชรบูรณ์,22/3/2026,ไม่ระบุ,เมืองเพชรบูรณ์,เพชรบูรณ์,,,V892,รถยนต์
1648,2026,65.0,ชาย,ไม่ระบุ,ลานสกา,นครศรีธรรมราช,10/1/2026,ไม่ระบุ,ลานสกา,นครศรีธรรมราช,,,V239,รถจักรยานยนต์
1649,2026,51.0,ชาย,ไม่ระบุ,เมืองศรีสะเกษ,ศรีสะเกษ,28/3/2026,ไม่ระบุ,เมืองศรีสะเกษ,ศรีสะเกษ,,,V892,ไม่ระบุพาหนะ
1650,2026,57.0,หญิง,ไม่ระบุ,หนองบัว,นครสวรรค์,20/1/2026,ไม่ระบุ,หนองบัว,นครสวรรค์,,,Y349,รถจักรยานยนต์
1651,2026,38.0,ชาย,ไม่ระบุ,บรรพตพิสัย,นครสวรรค์,16/1/2026,ไม่ระบุ,บรรพตพิสัย,นครสวรรค์,,,Y349,ไม่ระบุพาหนะ
1652,2026,29.0,หญิง,ไม่ระบุ,ภูเขียว,ชัยภูมิ,24/2/2026,ไม่ระบุ,ภูเขียว,ชัยภูมิ,,,V892,รถยนต์
1653,2026,35.0,หญิง,ไม่ระบุ,ละงู,สตูล,21/3/2026,ไม่ระบุ,ละงู,สตูล,,,V892,รถยนต์
1654,2026,71.0,หญิง,ไม่ระบุ,เมืองชัยภูมิ,ชัยภูมิ,26/2/2026,ไม่ระบุ,เมืองชัยภูมิ,ชัยภูมิ,,,V892,รถจักรยาน
1655,2026,67.0,หญิง,ไม่ระบุ,พยุหะคีรี,นครสวรรค์,20/1/2026,ไม่ระบุ,พยุหะคีรี,นครสวรรค์,,,Y349,ไม่ระบุพาหนะ
1656,2026,17.0,ชาย,ไม่ระบุ,เมืองตรัง,ตรัง,14/3/2026,ไม่ระบุ,เมืองตรัง,ตรัง,,,V892,ไม่ระบุพาหนะ
1657,2026,16.0,หญิง,ไม่ระบุ,ชานุมาน,อำนาจเจริญ,23/2/2026,ไม่ระบุ,ชานุมาน,อำนาจเจริญ,,,Y349,ไม่ระบุพาหนะ
1658,2026,24.0,ชาย,ไม่ระบุ,เขตหนองจอก,กรุงเทพมหานคร,1/2/2026,ไม่ระบุ,เขตหนองจอก,กรุงเทพมหานคร,,,Y349,ไม่ระบุพาหนะ
1659,2026,16.0,หญิง,ไม่ระบุ,ท่าหลวง,ลพบุรี,26/2/2026,ไม่ระบุ,ท่าหลวง,ลพบุรี,,,V892,ไม่ระบุพาหนะ
1660,2026,70.0,ชาย,ไม่ระบุ,โพธิ์ไทร,อุบลราชธานี,12/3/2026,ไม่ระบุ,โพธิ์ไทร,อุบลราชธานี,,,V892,รถจักรยานยนต์
1661,2026,53.0,ชาย,ไม่ระบุ,ลืออำนาจ,อำนาจเจริญ,7/2/2026,ไม่ระบุ,ลืออำนาจ,อำนาจเจริญ,,,Y349,รถจักรยานยนต์
1662,2026,50.0,หญิง,ไม่ระบุ,กิ่งอำเภอนาเยีย,อุบลราชธานี,25/3/2026,ไม่ระบุ,กิ่งอำเภอนาเยีย,อุบลราชธานี,,,V892,รถเพื่อการเกษตร
1663,2026,37.0,ชาย,ไม่ระบุ,เขาพนม,กระบี่,11/1/2026,ไม่ระบุ,เขาพนม,กระบี่,,,V892,ไม่ระบุพาหนะ
1664,2026,46.0,หญิง,ไม่ระบุ,เขาพนม,กระบี่,4/1/2026,ไม่ระบุ,เขาพนม,กระบี่,,,V892,ไม่ระบุพาหนะ
1665,2026,75.0,หญิง,ไม่ระบุ,โซ่พิสัย,บึงกาฬ,18/2/2026,ไม่ระบุ,โซ่พิสัย,บึงกาฬ,,,V099,คนเดินเท้า
1666,2026,41.0,ชาย,ไม่ระบุ,เขมราฐ,อุบลราชธานี,29/3/2026,ไม่ระบุ,เขมราฐ,อุบลราชธานี,,,Y349,ไม่ระบุพาหนะ
1667,2026,38.0,หญิง,ไม่ระบุ,ตะกั่วทุ่ง,พังงา,22/1/2026,ไม่ระบุ,ตะกั่วทุ่ง,พังงา,,,Y349,ไม่ระบุพาหนะ
1668,2026,64.0,ชาย,ไม่ระบุ,เชียงยืน,มหาสารคาม,11/1/2026,ไม่ระบุ,เชียงยืน,มหาสารคาม,,,V892,ไม่ระบุพาหนะ
1669,2026,29.0,ชาย,ไม่ระบุ,สะเดา,สงขลา,18/1/2026,ไม่ระบุ,สะเดา,สงขลา,,,V459,รถยนต์
1670,2026,48.0,ชาย,ไม่ระบุ,จุน,พะเยา,20/2/2026,ไม่ระบุ,จุน,พะเยา,,,V039,คนเดินเท้า
1671,2026,89.0,ชาย,ไม่ระบุ,เวียงชัย,เชียงราย,14/2/2026,ไม่ระบุ,เวียงชัย,เชียงราย,,,V892,รถจักรยาน
1672,2026,29.0,หญิง,ไม่ระบุ,ทัพทัน,อุทัยธานี,22/1/2026,ไม่ระบุ,ทัพทัน,อุทัยธานี,,,V435,รถยนต์
1673,2026,35.0,หญิง,ไม่ระบุ,บ่อพลอย,กาญจนบุรี,22/3/2026,ไม่ระบุ,บ่อพลอย,กาญจนบุรี,,,V892,รถจักรยาน
1674,2026,81.0,ชาย,ไม่ระบุ,เมืองนครราชสีมา,นครราชสีมา,20/1/2026,ไม่ระบุ,เมืองนครราชสีมา,นครราชสีมา,,,V892,ไม่ระบุพาหนะ
1675,2026,42.0,ชาย,ไม่ระบุ,บ้านนาเดิม,สุราษฎร์ธานี,7/1/2026,ไม่ระบุ,บ้านนาเดิม,สุราษฎร์ธานี,,,V299,รถจักรยานยนต์
1676,2026,66.0,ชาย,ไม่ระบุ,ท่ามะกา,กาญจนบุรี,14/3/2026,ไม่ระบุ,ท่ามะกา,กาญจนบุรี,,,V299,รถจักรยานยนต์
1677,2026,50.0,ชาย,ไม่ระบุ,ท่าหลวง,ลพบุรี,14/1/2026,ไม่ระบุ,ท่าหลวง,ลพบุรี,,,V892,ไม่ระบุพาหนะ
1678,2026,70.0,ชาย,ไม่ระบุ,เมืองกำแพงเพชร,กำแพงเพชร,11/3/2026,ไม่ระบุ,เมืองกำแพงเพชร,กำแพงเพชร,,,V892,รถจักรยาน
1679,2026,40.0,ชาย,ไม่ระบุ,ท่าหลวง,ลพบุรี,15/1/2026,ไม่ระบุ,ท่าหลวง,ลพบุรี,,,Y349,ไม่ระบุพาหนะ
1680,2026,15.0,หญิง,ไม่ระบุ,บางน้ำเปรี้ยว,ฉะเชิงเทรา,5/2/2026,ไม่ระบุ,บางน้ำเปรี้ยว,ฉะเชิงเทรา,,,Y349,ไม่ระบุพาหนะ
1681,2026,26.0,ชาย,ไม่ระบุ,เมืองกาฬสินธุ์,กาฬสินธุ์,24/2/2026,ไม่ระบุ,เมืองกาฬสินธุ์,กาฬสินธุ์,,,V892,รถบรรทุกขนาดเล็ก/รถตู้
1682,2026,13.0,ชาย,ไม่ระบุ,เมืองเชียงราย,เชียงราย,18/2/2026,ไม่ระบุ,เมืองเชียงราย,เชียงราย,,,V892,ไม่ระบุพาหนะ
1683,2026,71.0,ชาย,ไม่ระบุ,สุวรรณภูมิ,ร้อยเอ็ด,24/1/2026,ไม่ระบุ,สุวรรณภูมิ,ร้อยเอ็ด,,,V099,คนเดินเท้า
1684,2026,60.0,หญิง,ไม่ระบุ,บรบือ,มหาสารคาม,29/3/2026,ไม่ระบุ,บรบือ,มหาสารคาม,,,V235,รถจักรยานยนต์
1685,2026,52.0,หญิง,ไม่ระบุ,จังหาร,ร้อยเอ็ด,3/1/2026,ไม่ระบุ,จังหาร,ร้อยเอ็ด,,,V892,รถยนต์
1686,2026,18.0,หญิง,ไม่ระบุ,จตุรพักตรพิมาน,ร้อยเอ็ด,1/1/2026,ไม่ระบุ,จตุรพักตรพิมาน,ร้อยเอ็ด,,,V892,รถจักรยานยนต์
1687,2026,21.0,หญิง,ไม่ระบุ,เมืองสรวง,ร้อยเอ็ด,14/1/2026,ไม่ระบุ,เมืองสรวง,ร้อยเอ็ด,,,V274,รถจักรยานยนต์
1688,2026,59.0,ชาย,ไม่ระบุ,อินทร์บุรี,สิงห์บุรี,28/1/2026,ไม่ระบุ,อินทร์บุรี,สิงห์บุรี,,,V892,ไม่ระบุพาหนะ
1689,2026,68.0,ชาย,ไม่ระบุ,เมืองสรวง,ร้อยเอ็ด,23/1/2026,ไม่ระบุ,เมืองสรวง,ร้อยเอ็ด,,,Y349,รถบรรทุกหนัก
1690,2026,13.0,ชาย,ไม่ระบุ,เมืองกำแพงเพชร,กำแพงเพชร,10/1/2026,ไม่ระบุ,เมืองกำแพงเพชร,กำแพงเพชร,,,V299,รถจักรยานยนต์
1691,2026,50.0,ชาย,ไม่ระบุ,เสลภูมิ,ร้อยเอ็ด,20/1/2026,ไม่ระบุ,เสลภูมิ,ร้อยเอ็ด,,,V244,รถจักรยานยนต์
1692,2026,68.0,หญิง,ไม่ระบุ,เขตคันนายาว,กรุงเทพมหานคร,15/2/2026,ไม่ระบุ,เขตคันนายาว,กรุงเทพมหานคร,,,Y349,ไม่ระบุพาหนะ
1693,2026,62.0,ชาย,ไม่ระบุ,สตึก,บุรีรัมย์,26/1/2026,ไม่ระบุ,สตึก,บุรีรัมย์,,,Y349,ไม่ระบุพาหนะ
1694,2026,47.0,ชาย,ไม่ระบุ,กิ่งอำเภอเนินขาม,ชัยนาท,29/1/2026,ไม่ระบุ,กิ่งอำเภอเนินขาม,ชัยนาท,,,V892,ไม่ระบุพาหนะ
1695,2026,33.0,ชาย,ไม่ระบุ,หนองหญ้าไซ,สุพรรณบุรี,2/3/2026,ไม่ระบุ,หนองหญ้าไซ,สุพรรณบุรี,,,X599,ไม่ระบุพาหนะ
1696,2026,71.0,ชาย,ไม่ระบุ,เมืองนครสวรรค์,นครสวรรค์,19/2/2026,ไม่ระบุ,เมืองนครสวรรค์,นครสวรรค์,,,V892,รถจักรยาน
1697,2026,36.0,หญิง,ไม่ระบุ,พรหมคีรี,นครศรีธรรมราช,20/2/2026,ไม่ระบุ,พรหมคีรี,นครศรีธรรมราช,,,V892,ไม่ระบุพาหนะ
1698,2026,64.0,ชาย,ไม่ระบุ,ประโคนชัย,บุรีรัมย์,16/1/2026,ไม่ระบุ,ประโคนชัย,บุรีรัมย์,,,V284,รถจักรยานยนต์
1699,2026,18.0,ชาย,ไม่ระบุ,เมืองร้อยเอ็ด,ร้อยเอ็ด,1/1/2026,ไม่ระบุ,เมืองร้อยเอ็ด,ร้อยเอ็ด,,,V234,รถจักรยานยนต์
1700,2026,63.0,หญิง,ไม่ระบุ,คีรีมาศ,สุโขทัย,3/1/2026,ไม่ระบุ,คีรีมาศ,สุโขทัย,,,Y349,ไม่ระบุพาหนะ
1701,2026,56.0,หญิง,ไม่ระบุ,คีรีมาศ,สุโขทัย,27/1/2026,ไม่ระบุ,คีรีมาศ,สุโขทัย,,,V892,ไม่ระบุพาหนะ
1702,2026,46.0,ชาย,ไม่ระบุ,เลิงนกทา,ยโสธร,23/3/2026,ไม่ระบุ,เลิงนกทา,ยโสธร,,,V299,รถจักรยานยนต์
1703,2026,54.0,ชาย,ไม่ระบุ,เมืองสุโขทัย,สุโขทัย,31/3/2026,ไม่ระบุ,เมืองสุโขทัย,สุโขทัย,,,V892,รถจักรยานยนต์
1704,2026,54.0,ชาย,ไม่ระบุ,หนองกี่,บุรีรัมย์,5/1/2026,ไม่ระบุ,หนองกี่,บุรีรัมย์,,,V892,ไม่ระบุพาหนะ
1705,2026,60.0,ชาย,ไม่ระบุ,เลิงนกทา,ยโสธร,17/3/2026,ไม่ระบุ,เลิงนกทา,ยโสธร,,,V892,ไม่ระบุพาหนะ
1706,2026,1.0,หญิง,ไม่ระบุ,หนองกุงศรี,กาฬสินธุ์,1/1/2026,ไม่ระบุ,หนองกุงศรี,กาฬสินธุ์,,,Y349,ไม่ระบุพาหนะ
1707,2026,73.0,หญิง,ไม่ระบุ,ห้วยเม็ก,กาฬสินธุ์,21/1/2026,ไม่ระบุ,ห้วยเม็ก,กาฬสินธุ์,,,V892,ไม่ระบุพาหนะ
1708,2026,72.0,หญิง,ไม่ระบุ,เมืองสุพรรณบุรี,สุพรรณบุรี,21/3/2026,ไม่ระบุ,เมืองสุพรรณบุรี,สุพรรณบุรี,,,V892,รถจักรยาน
1709,2026,17.0,หญิง,ไม่ระบุ,อ่าวลึก,กระบี่,13/2/2026,ไม่ระบุ,อ่าวลึก,กระบี่,,,Y349,ไม่ระบุพาหนะ
1710,2026,62.0,ชาย,ไม่ระบุ,แก้งคร้อ,ชัยภูมิ,9/3/2026,ไม่ระบุ,แก้งคร้อ,ชัยภูมิ,,,V892,รถจักรยานยนต์
1711,2026,24.0,ชาย,ไม่ระบุ,นครไทย,พิษณุโลก,1/1/2026,ไม่ระบุ,นครไทย,พิษณุโลก,,,Y349,ไม่ระบุพาหนะ
1712,2026,44.0,ชาย,ไม่ระบุ,ท่าตะโก,นครสวรรค์,11/2/2026,ไม่ระบุ,ท่าตะโก,นครสวรรค์,,,Y349,ไม่ระบุพาหนะ
1713,2026,78.0,ชาย,ไม่ระบุ,เมืองกาฬสินธุ์,กาฬสินธุ์,14/1/2026,ไม่ระบุ,เมืองกาฬสินธุ์,กาฬสินธุ์,,,V892,ไม่ระบุพาหนะ
1714,2026,71.0,ชาย,ไม่ระบุ,เมืองกระบี่,กระบี่,11/2/2026,ไม่ระบุ,เมืองกระบี่,กระบี่,,,V892,ไม่ระบุพาหนะ
1715,2026,59.0,ชาย,ไม่ระบุ,เมืองกาฬสินธุ์,กาฬสินธุ์,21/1/2026,ไม่ระบุ,เมืองกาฬสินธุ์,กาฬสินธุ์,,,V234,รถจักรยานยนต์
1716,2026,24.0,หญิง,ไม่ระบุ,จอมพระ,สุรินทร์,24/1/2026,ไม่ระบุ,จอมพระ,สุรินทร์,,,V892,ไม่ระบุพาหนะ
1717,2026,66.0,ชาย,ไม่ระบุ,จอมพระ,สุรินทร์,24/1/2026,ไม่ระบุ,จอมพระ,สุรินทร์,,,V892,รถจักรยานยนต์
1718,2026,62.0,ชาย,ไม่ระบุ,ท่าตะโก,นครสวรรค์,18/2/2026,ไม่ระบุ,ท่าตะโก,นครสวรรค์,,,V892,ไม่ระบุพาหนะ
1719,2026,35.0,หญิง,ไม่ระบุ,จอมพระ,สุรินทร์,24/1/2026,ไม่ระบุ,จอมพระ,สุรินทร์,,,V892,รถจักรยานยนต์
1720,2026,36.0,ชาย,ไม่ระบุ,ศรีมหาโพธิ,ปราจีนบุรี,14/1/2026,ไม่ระบุ,ศรีมหาโพธิ,ปราจีนบุรี,,,V892,ไม่ระบุพาหนะ
1721,2026,66.0,หญิง,ไม่ระบุ,ปากชม,เลย,8/2/2026,ไม่ระบุ,ปากชม,เลย,,,V892,รถจักรยาน
1722,2026,47.0,หญิง,ไม่ระบุ,สามพราน,นครปฐม,26/3/2026,ไม่ระบุ,สามพราน,นครปฐม,,,V892,รถบรรทุกขนาดเล็ก/รถตู้
1723,2026,26.0,ชาย,ไม่ระบุ,ป่าบอน,พัทลุง,29/3/2026,ไม่ระบุ,ป่าบอน,พัทลุง,,,V499,รถยนต์
1724,2026,32.0,หญิง,ไม่ระบุ,กะทู้,ภูเก็ต,1/2/2026,ไม่ระบุ,กะทู้,ภูเก็ต,,,Y349,ไม่ระบุพาหนะ
1725,2026,49.0,ชาย,ไม่ระบุ,สามพราน,นครปฐม,26/3/2026,ไม่ระบุ,สามพราน,นครปฐม,,,V892,รถบรรทุกขนาดเล็ก/รถตู้
1726,2026,55.0,ชาย,ไม่ระบุ,สังขะ,สุรินทร์,8/1/2026,ไม่ระบุ,สังขะ,สุรินทร์,,,Y349,ไม่ระบุพาหนะ
1727,2026,51.0,ชาย,ไม่ระบุ,เมืองอำนาจเจริญ,อำนาจเจริญ,14/3/2026,ไม่ระบุ,เมืองอำนาจเจริญ,อำนาจเจริญ,,,V892,รถบรรทุกขนาดเล็ก/รถตู้
1728,2026,65.0,หญิง,ไม่ระบุ,กิ่งอำเภอศรีนครินทร์,พัทลุง,30/3/2026,ไม่ระบุ,กิ่งอำเภอศรีนครินทร์,พัทลุง,,,V299,รถจักรยานยนต์
1729,2026,9.0,หญิง,ไม่ระบุ,เมืองอำนาจเจริญ,อำนาจเจริญ,22/3/2026,ไม่ระบุ,เมืองอำนาจเจริญ,อำนาจเจริญ,,,Y349,ไม่ระบุพาหนะ
1730,2026,66.0,ชาย,ไม่ระบุ,เมืองพัทลุง,พัทลุง,30/3/2026,ไม่ระบุ,เมืองพัทลุง,พัทลุง,,,V892,ไม่ระบุพาหนะ
1731,2026,24.0,ชาย,ไม่ระบุ,เมืองพิจิตร,พิจิตร,13/1/2026,ไม่ระบุ,เมืองพิจิตร,พิจิตร,,,V892,รถจักรยานยนต์
1732,2026,58.0,ชาย,ไม่ระบุ,บ้านโพธิ์,ฉะเชิงเทรา,17/3/2026,ไม่ระบุ,บ้านโพธิ์,ฉะเชิงเทรา,,,Y349,รถจักรยานยนต์
1733,2026,45.0,ชาย,ไม่ระบุ,ครบุรี,นครราชสีมา,3/2/2026,ไม่ระบุ,ครบุรี,นครราชสีมา,,,V892,รถจักรยานยนต์
1734,2026,45.0,ชาย,ไม่ระบุ,ครบุรี,นครราชสีมา,3/2/2026,ไม่ระบุ,ครบุรี,นครราชสีมา,,,V892,รถจักรยานยนต์
1735,2026,33.0,ชาย,ไม่ระบุ,เคียนซา,สุราษฎร์ธานี,22/2/2026,ไม่ระบุ,เคียนซา,สุราษฎร์ธานี,,,V892,ไม่ระบุพาหนะ
1736,2026,52.0,หญิง,ไม่ระบุ,อุทุมพรพิสัย,ศรีสะเกษ,21/1/2026,ไม่ระบุ,อุทุมพรพิสัย,ศรีสะเกษ,,,V892,รถจักรยานยนต์
1737,2026,17.0,ชาย,ไม่ระบุ,โนนไทย,นครราชสีมา,16/2/2026,ไม่ระบุ,โนนไทย,นครราชสีมา,,,Y349,รถจักรยานยนต์
1738,2026,62.0,ชาย,ไม่ระบุ,เรณูนคร,นครพนม,26/1/2026,ไม่ระบุ,เรณูนคร,นครพนม,,,Y349,รถจักรยานยนต์
1739,2026,54.0,ชาย,ไม่ระบุ,เมืองหนองคาย,หนองคาย,16/2/2026,ไม่ระบุ,เมืองหนองคาย,หนองคาย,,,V892,ไม่ระบุพาหนะ
1740,2026,19.0,ชาย,ไม่ระบุ,กิ่งอำเภอเทพารักษ์,นครราชสีมา,10/1/2026,ไม่ระบุ,กิ่งอำเภอเทพารักษ์,นครราชสีมา,,,Y349,รถจักรยานยนต์
1741,2026,36.0,ชาย,ไม่ระบุ,กิ่งอำเภอเทพารักษ์,นครราชสีมา,10/1/2026,ไม่ระบุ,กิ่งอำเภอเทพารักษ์,นครราชสีมา,,,Y349,รถจักรยานยนต์
1742,2026,88.0,ชาย,ไม่ระบุ,บึงสามพัน,เพชรบูรณ์,16/1/2026,ไม่ระบุ,บึงสามพัน,เพชรบูรณ์,,,V892,ไม่ระบุพาหนะ
1743,2026,19.0,ชาย,ไม่ระบุ,เมืองพะเยา,พะเยา,19/3/2026,ไม่ระบุ,เมืองพะเยา,พะเยา,,,V892,ไม่ระบุพาหนะ
1744,2026,67.0,ชาย,ไม่ระบุ,เมืองศรีสะเกษ,ศรีสะเกษ,27/1/2026,ไม่ระบุ,เมืองศรีสะเกษ,ศรีสะเกษ,,,V229,รถจักรยานยนต์
1745,2026,37.0,ชาย,ไม่ระบุ,ศรีมหาโพธิ,ปราจีนบุรี,5/3/2026,ไม่ระบุ,ศรีมหาโพธิ,ปราจีนบุรี,,,V892,ไม่ระบุพาหนะ
1746,2026,55.0,ชาย,ไม่ระบุ,โนนสูง,นครราชสีมา,23/2/2026,ไม่ระบุ,โนนสูง,นครราชสีมา,,,V892,ไม่ระบุพาหนะ
1747,2026,62.0,หญิง,ไม่ระบุ,โนนสูง,นครราชสีมา,14/2/2026,ไม่ระบุ,โนนสูง,นครราชสีมา,,,X599,ไม่ระบุพาหนะ
1748,2026,34.0,ชาย,ไม่ระบุ,คีรีมาศ,สุโขทัย,21/2/2026,ไม่ระบุ,คีรีมาศ,สุโขทัย,,,V892,รถจักรยาน
1749,2026,9.0,หญิง,ไม่ระบุ,วังน้อย,พระนครศรีอยุธยา,12/2/2026,ไม่ระบุ,วังน้อย,พระนครศรีอยุธยา,,,Y349,ไม่ระบุพาหนะ
1750,2026,72.0,ชาย,ไม่ระบุ,กงไกรลาศ,สุโขทัย,12/2/2026,ไม่ระบุ,กงไกรลาศ,สุโขทัย,,,V892,ไม่ระบุพาหนะ
1751,2026,47.0,หญิง,ไม่ระบุ,พาน,เชียงราย,3/3/2026,ไม่ระบุ,พาน,เชียงราย,,,V892,ไม่ระบุพาหนะ
1752,2026,44.0,หญิง,ไม่ระบุ,นครหลวง,พระนครศรีอยุธยา,31/3/2026,ไม่ระบุ,นครหลวง,พระนครศรีอยุธยา,,,V892,ไม่ระบุพาหนะ
1753,2026,63.0,หญิง,ไม่ระบุ,เมืองสุโขทัย,สุโขทัย,21/2/2026,ไม่ระบุ,เมืองสุโขทัย,สุโขทัย,,,Y349,ไม่ระบุพาหนะ
1754,2026,30.0,ชาย,ไม่ระบุ,เขตสวนหลวง,กรุงเทพมหานคร,11/3/2026,ไม่ระบุ,เขตสวนหลวง,กรุงเทพมหานคร,,,Y349,ไม่ระบุพาหนะ
1755,2026,50.0,หญิง,ไม่ระบุ,ศรีสำโรง,สุโขทัย,19/2/2026,ไม่ระบุ,ศรีสำโรง,สุโขทัย,,,X599,ไม่ระบุพาหนะ
1756,2026,55.0,ชาย,ไม่ระบุ,หนองหาน,อุดรธานี,26/3/2026,ไม่ระบุ,หนองหาน,อุดรธานี,,,V499,รถยนต์
1757,2026,66.0,ชาย,ไม่ระบุ,กิ่งอำเภอศรีนครินทร์,พัทลุง,17/1/2026,ไม่ระบุ,กิ่งอำเภอศรีนครินทร์,พัทลุง,,,V099,คนเดินเท้า
1758,2026,8.0,ชาย,ไม่ระบุ,ธวัชบุรี,ร้อยเอ็ด,22/2/2026,ไม่ระบุ,ธวัชบุรี,ร้อยเอ็ด,,,V586,รถบรรทุกขนาดเล็ก/รถตู้
1759,2026,7.0,ชาย,ไม่ระบุ,เชียงดาว,เชียงใหม่,13/1/2026,ไม่ระบุ,เชียงดาว,เชียงใหม่,,,V892,ไม่ระบุพาหนะ
1760,2026,25.0,ชาย,ไม่ระบุ,วารินชำราบ,อุบลราชธานี,6/1/2026,ไม่ระบุ,วารินชำราบ,อุบลราชธานี,,,V892,รถยนต์
1761,2026,91.0,หญิง,ไม่ระบุ,จตุรพักตรพิมาน,ร้อยเอ็ด,7/2/2026,ไม่ระบุ,จตุรพักตรพิมาน,ร้อยเอ็ด,,,V039,คนเดินเท้า
1762,2026,48.0,ชาย,ไม่ระบุ,เมืองชัยภูมิ,ชัยภูมิ,14/3/2026,ไม่ระบุ,เมืองชัยภูมิ,ชัยภูมิ,,,V892,รถบรรทุกขนาดเล็ก/รถตู้
1763,2026,17.0,ชาย,ไม่ระบุ,แม่สรวย,เชียงราย,6/3/2026,ไม่ระบุ,แม่สรวย,เชียงราย,,,V892,ไม่ระบุพาหนะ
1764,2026,34.0,ชาย,ไม่ระบุ,เมืองชัยนาท,ชัยนาท,18/2/2026,ไม่ระบุ,เมืองชัยนาท,ชัยนาท,,,V892,ไม่ระบุพาหนะ
1765,2026,66.0,หญิง,ไม่ระบุ,เมืองนครราชสีมา,นครราชสีมา,25/2/2026,ไม่ระบุ,เมืองนครราชสีมา,นครราชสีมา,,,V892,ไม่ระบุพาหนะ
1766,2026,14.0,ชาย,ไม่ระบุ,เมืองเพชรบุรี,เพชรบุรี,15/3/2026,ไม่ระบุ,เมืองเพชรบุรี,เพชรบุรี,,,V892,ไม่ระบุพาหนะ
1767,2026,53.0,หญิง,ไม่ระบุ,มายอ,ปัตตานี,18/1/2026,ไม่ระบุ,มายอ,ปัตตานี,,,V892,ไม่ระบุพาหนะ
1768,2026,64.0,ชาย,ไม่ระบุ,เกษตรวิสัย,ร้อยเอ็ด,18/2/2026,ไม่ระบุ,เกษตรวิสัย,ร้อยเอ็ด,,,V244,รถจักรยานยนต์
1769,2026,21.0,ชาย,ไม่ระบุ,พร้าว,เชียงใหม่,6/1/2026,ไม่ระบุ,พร้าว,เชียงใหม่,,,V892,รถจักรยานยนต์
1770,2026,47.0,หญิง,ไม่ระบุ,แม่แตง,เชียงใหม่,10/1/2026,ไม่ระบุ,แม่แตง,เชียงใหม่,,,V892,รถบรรทุกขนาดเล็ก/รถตู้
1771,2026,20.0,หญิง,ไม่ระบุ,เมืองพิษณุโลก,พิษณุโลก,22/2/2026,ไม่ระบุ,เมืองพิษณุโลก,พิษณุโลก,,,V892,รถยนต์
1772,2026,26.0,ชาย,ไม่ระบุ,เดชอุดม,อุบลราชธานี,11/1/2026,ไม่ระบุ,เดชอุดม,อุบลราชธานี,,,X599,รถจักรยานยนต์
1773,2026,14.0,หญิง,ไม่ระบุ,สตึก,บุรีรัมย์,15/2/2026,ไม่ระบุ,สตึก,บุรีรัมย์,,,Y349,ไม่ระบุพาหนะ
1774,2026,52.0,หญิง,ไม่ระบุ,สตึก,บุรีรัมย์,9/2/2026,ไม่ระบุ,สตึก,บุรีรัมย์,,,V892,ไม่ระบุพาหนะ
1775,2026,43.0,ชาย,ไม่ระบุ,พนมทวน,กาญจนบุรี,19/1/2026,ไม่ระบุ,พนมทวน,กาญจนบุรี,,,V892,รถจักรยานยนต์
1776,2026,28.0,ชาย,ไม่ระบุ,เมืองเลย,เลย,25/3/2026,ไม่ระบุ,เมืองเลย,เลย,,,V892,ไม่ระบุพาหนะ
1777,2026,68.0,ชาย,ไม่ระบุ,หนองเสือ,ปทุมธานี,2/3/2026,ไม่ระบุ,หนองเสือ,ปทุมธานี,,,V031,คนเดินเท้า
1778,2026,26.0,หญิง,ไม่ระบุ,เมืองเลย,เลย,25/3/2026,ไม่ระบุ,เมืองเลย,เลย,,,V892,ไม่ระบุพาหนะ
1779,2026,17.0,ชาย,ไม่ระบุ,ชะอวด,นครศรีธรรมราช,7/3/2026,ไม่ระบุ,ชะอวด,นครศรีธรรมราช,,,Y349,ไม่ระบุพาหนะ
1780,2026,56.0,ชาย,ไม่ระบุ,เมืองบุรีรัมย์,บุรีรัมย์,4/2/2026,ไม่ระบุ,เมืองบุรีรัมย์,บุรีรัมย์,,,V892,รถจักรยานยนต์
1781,2026,49.0,หญิง,ไม่ระบุ,โกรกพระ,นครสวรรค์,14/3/2026,ไม่ระบุ,โกรกพระ,นครสวรรค์,,,Y349,ไม่ระบุพาหนะ
1782,2026,50.0,หญิง,ไม่ระบุ,เมืองกาญจนบุรี,กาญจนบุรี,15/1/2026,ไม่ระบุ,เมืองกาญจนบุรี,กาญจนบุรี,,,V892,รถจักรยานยนต์
1783,2026,34.0,ชาย,ไม่ระบุ,เมืองกาฬสินธุ์,กาฬสินธุ์,4/2/2026,ไม่ระบุ,เมืองกาฬสินธุ์,กาฬสินธุ์,,,V234,รถจักรยานยนต์
1784,2026,23.0,ชาย,ไม่ระบุ,นาบอน,นครศรีธรรมราช,22/3/2026,ไม่ระบุ,นาบอน,นครศรีธรรมราช,,,Y349,ไม่ระบุพาหนะ
1785,2026,66.0,ชาย,ไม่ระบุ,เมืองกาฬสินธุ์,กาฬสินธุ์,7/2/2026,ไม่ระบุ,เมืองกาฬสินธุ์,กาฬสินธุ์,,,V892,รถจักรยานยนต์
1786,2026,41.0,หญิง,ไม่ระบุ,ตาคลี,นครสวรรค์,24/3/2026,ไม่ระบุ,ตาคลี,นครสวรรค์,,,Y349,รถจักรยานยนต์
1787,2026,47.0,ชาย,ไม่ระบุ,ลำดวน,สุรินทร์,2/2/2026,ไม่ระบุ,ลำดวน,สุรินทร์,,,Y349,ไม่ระบุพาหนะ
1788,2026,83.0,ชาย,ไม่ระบุ,สิชล,นครศรีธรรมราช,6/3/2026,ไม่ระบุ,สิชล,นครศรีธรรมราช,,,Y349,รถจักรยานยนต์
1789,2026,20.0,ชาย,ไม่ระบุ,ท่าตะโก,นครสวรรค์,15/3/2026,ไม่ระบุ,ท่าตะโก,นครสวรรค์,,,Y349,ไม่ระบุพาหนะ
1790,2026,62.0,ชาย,ไม่ระบุ,สีคิ้ว,นครราชสีมา,7/3/2026,ไม่ระบุ,สีคิ้ว,นครราชสีมา,,,V892,รถเพื่อการเกษตร
1791,2026,57.0,ชาย,ไม่ระบุ,ไพศาลี,นครสวรรค์,1/3/2026,ไม่ระบุ,ไพศาลี,นครสวรรค์,,,Y349,ไม่ระบุพาหนะ
1792,2026,14.0,ชาย,ไม่ระบุ,สีคิ้ว,นครราชสีมา,5/3/2026,ไม่ระบุ,สีคิ้ว,นครราชสีมา,,,V892,รถจักรยานยนต์
1793,2026,51.0,หญิง,ไม่ระบุ,เมืองระยอง,ระยอง,9/1/2026,ไม่ระบุ,เมืองระยอง,ระยอง,,,V892,ไม่ระบุพาหนะ
1794,2026,74.0,ชาย,ไม่ระบุ,สองพี่น้อง,สุพรรณบุรี,24/1/2026,ไม่ระบุ,สองพี่น้อง,สุพรรณบุรี,,,Y349,ไม่ระบุพาหนะ
1795,2026,43.0,หญิง,ไม่ระบุ,บึงสามพัน,เพชรบูรณ์,6/2/2026,ไม่ระบุ,บึงสามพัน,เพชรบูรณ์,,,V892,ไม่ระบุพาหนะ
1796,2026,78.0,ชาย,ไม่ระบุ,กันทรวิชัย,มหาสารคาม,15/3/2026,ไม่ระบุ,กันทรวิชัย,มหาสารคาม,,,V429,รถยนต์
1797,2026,58.0,ชาย,ไม่ระบุ,วังน้ำเย็น,สระแก้ว,30/1/2026,ไม่ระบุ,วังน้ำเย็น,สระแก้ว,,,V892,ไม่ระบุพาหนะ
1798,2026,70.0,ชาย,ไม่ระบุ,เมืองพัทลุง,พัทลุง,23/2/2026,ไม่ระบุ,เมืองพัทลุง,พัทลุง,,,V892,ไม่ระบุพาหนะ
1799,2026,26.0,ชาย,ไม่ระบุ,มหาชนะชัย,ยโสธร,2/1/2026,ไม่ระบุ,มหาชนะชัย,ยโสธร,,,Y349,ไม่ระบุพาหนะ
1800,2026,77.0,ชาย,ไม่ระบุ,เมืองอุทัยธานี,อุทัยธานี,4/3/2026,ไม่ระบุ,เมืองอุทัยธานี,อุทัยธานี,,,V892,รถจักรยาน
1801,2026,4.0,หญิง,ไม่ระบุ,ยะหา,ยะลา,25/2/2026,ไม่ระบุ,ยะหา,ยะลา,,,X599,ไม่ระบุพาหนะ
1802,2026,55.0,หญิง,ไม่ระบุ,บางซ้าย,พระนครศรีอยุธยา,27/3/2026,ไม่ระบุ,บางซ้าย,พระนครศรีอยุธยา,,,Y349,รถบรรทุกขนาดเล็ก/รถตู้
1803,2026,57.0,หญิง,ไม่ระบุ,กิ่งอำเภอแคนดง,บุรีรัมย์,31/1/2026,ไม่ระบุ,กิ่งอำเภอแคนดง,บุรีรัมย์,,,V234,รถจักรยานยนต์
1804,2026,65.0,หญิง,ไม่ระบุ,เมืองลำปาง,ลำปาง,6/1/2026,ไม่ระบุ,เมืองลำปาง,ลำปาง,,,V892,ไม่ระบุพาหนะ
1805,2026,19.0,ชาย,ไม่ระบุ,เมืองยะลา,ยะลา,9/2/2026,ไม่ระบุ,เมืองยะลา,ยะลา,,,V892,ไม่ระบุพาหนะ
1806,2026,61.0,ชาย,ไม่ระบุ,ตะกั่วป่า,พังงา,28/3/2026,ไม่ระบุ,ตะกั่วป่า,พังงา,,,Y349,ไม่ระบุพาหนะ
1807,2026,24.0,ชาย,ไม่ระบุ,เมืองนครราชสีมา,นครราชสีมา,13/3/2026,ไม่ระบุ,เมืองนครราชสีมา,นครราชสีมา,,,V892,ไม่ระบุพาหนะ
1808,2026,37.0,หญิง,ไม่ระบุ,เมืองจันทบุรี,จันทบุรี,17/1/2026,ไม่ระบุ,เมืองจันทบุรี,จันทบุรี,,,V892,รถจักรยาน
1809,2026,75.0,หญิง,ไม่ระบุ,คลองขลุง,กำแพงเพชร,16/3/2026,ไม่ระบุ,คลองขลุง,กำแพงเพชร,,,Y349,ไม่ระบุพาหนะ
1810,2026,57.0,ชาย,ไม่ระบุ,แก้งคร้อ,ชัยภูมิ,28/1/2026,ไม่ระบุ,แก้งคร้อ,ชัยภูมิ,,,Y349,รถจักรยานยนต์
1811,2026,37.0,ชาย,ไม่ระบุ,เรณูนคร,นครพนม,4/2/2026,ไม่ระบุ,เรณูนคร,นครพนม,,,V892,ไม่ระบุพาหนะ
1812,2026,65.0,ชาย,ไม่ระบุ,อุทุมพรพิสัย,ศรีสะเกษ,24/2/2026,ไม่ระบุ,อุทุมพรพิสัย,ศรีสะเกษ,,,V892,ไม่ระบุพาหนะ
1813,2026,18.0,ชาย,ไม่ระบุ,จอมทอง,เชียงใหม่,20/2/2026,ไม่ระบุ,จอมทอง,เชียงใหม่,,,Y349,ไม่ระบุพาหนะ
1814,2026,50.0,หญิง,ไม่ระบุ,บ้านฝาง,ขอนแก่น,30/1/2026,ไม่ระบุ,บ้านฝาง,ขอนแก่น,,,V429,รถยนต์
1815,2026,57.0,หญิง,ไม่ระบุ,เมืองอ่างทอง,อ่างทอง,29/3/2026,ไม่ระบุ,เมืองอ่างทอง,อ่างทอง,,,Y349,รถจักรยาน
1816,2026,76.0,ชาย,ไม่ระบุ,เมืองน่าน,น่าน,28/1/2026,ไม่ระบุ,เมืองน่าน,น่าน,,,V892,ไม่ระบุพาหนะ
1817,2026,54.0,หญิง,ไม่ระบุ,พิบูลมังสาหาร,อุบลราชธานี,26/2/2026,ไม่ระบุ,พิบูลมังสาหาร,อุบลราชธานี,,,Y349,ไม่ระบุพาหนะ
1818,2026,46.0,ชาย,ไม่ระบุ,ท่ามะกา,กาญจนบุรี,7/2/2026,ไม่ระบุ,ท่ามะกา,กาญจนบุรี,,,V892,รถจักรยานยนต์
1819,2026,34.0,ชาย,ไม่ระบุ,กบินทร์บุรี,ปราจีนบุรี,25/1/2026,ไม่ระบุ,กบินทร์บุรี,ปราจีนบุรี,,,Y349,รถบรรทุกขนาดเล็ก/รถตู้
1820,2026,60.0,หญิง,ไม่ระบุ,เมืองศรีสะเกษ,ศรีสะเกษ,3/2/2026,ไม่ระบุ,เมืองศรีสะเกษ,ศรีสะเกษ,,,V892,ไม่ระบุพาหนะ
1821,2026,73.0,ชาย,ไม่ระบุ,สตึก,บุรีรัมย์,17/3/2026,ไม่ระบุ,สตึก,บุรีรัมย์,,,Y349,ไม่ระบุพาหนะ
1822,2026,78.0,ชาย,ไม่ระบุ,เมืองศรีสะเกษ,ศรีสะเกษ,3/2/2026,ไม่ระบุ,เมืองศรีสะเกษ,ศรีสะเกษ,,,V229,รถจักรยานยนต์
1823,2026,53.0,ชาย,ไม่ระบุ,เมืองกาฬสินธุ์,กาฬสินธุ์,8/3/2026,ไม่ระบุ,เมืองกาฬสินธุ์,กาฬสินธุ์,,,V239,รถจักรยานยนต์
1824,2026,47.0,หญิง,ไม่ระบุ,กุฉินารายณ์,กาฬสินธุ์,28/3/2026,ไม่ระบุ,กุฉินารายณ์,กาฬสินธุ์,,,V892,รถจักรยานยนต์
1825,2026,53.0,ชาย,ไม่ระบุ,ท่าอุเทน,นครพนม,31/1/2026,ไม่ระบุ,ท่าอุเทน,นครพนม,,,V299,รถจักรยานยนต์
1826,2026,62.0,ชาย,ไม่ระบุ,แม่อาย,เชียงใหม่,6/2/2026,ไม่ระบุ,แม่อาย,เชียงใหม่,,,V892,ไม่ระบุพาหนะ
1827,2026,23.0,ชาย,ไม่ระบุ,ศรีบุญเรือง,หนองบัวลำภู,11/1/2026,ไม่ระบุ,ศรีบุญเรือง,หนองบัวลำภู,,,V299,รถจักรยานยนต์
1828,2026,24.0,ชาย,ไม่ระบุ,ดอยสะเก็ด,เชียงใหม่,12/2/2026,ไม่ระบุ,ดอยสะเก็ด,เชียงใหม่,,,V892,ไม่ระบุพาหนะ
1829,2026,65.0,หญิง,ไม่ระบุ,บางละมุง,ชลบุรี,1/2/2026,ไม่ระบุ,บางละมุง,ชลบุรี,,,Y349,รถจักรยานยนต์
1830,2026,66.0,หญิง,ไม่ระบุ,ศีขรภูมิ,สุรินทร์,3/3/2026,ไม่ระบุ,ศีขรภูมิ,สุรินทร์,,,V892,ไม่ระบุพาหนะ
1831,2026,31.0,ชาย,ไม่ระบุ,สองพี่น้อง,สุพรรณบุรี,21/2/2026,ไม่ระบุ,สองพี่น้อง,สุพรรณบุรี,,,Y349,ไม่ระบุพาหนะ
1832,2026,41.0,ชาย,ไม่ระบุ,จังหาร,ร้อยเอ็ด,3/1/2026,ไม่ระบุ,จังหาร,ร้อยเอ็ด,,,Y349,รถยนต์
1833,2026,14.0,หญิง,ไม่ระบุ,ห้วยเม็ก,กาฬสินธุ์,31/3/2026,ไม่ระบุ,ห้วยเม็ก,กาฬสินธุ์,,,V249,รถจักรยานยนต์
1834,2026,40.0,หญิง,ไม่ระบุ,เมืองพิษณุโลก,พิษณุโลก,11/3/2026,ไม่ระบุ,เมืองพิษณุโลก,พิษณุโลก,,,V892,รถจักรยานยนต์
1835,2026,75.0,ชาย,ไม่ระบุ,หนองพอก,ร้อยเอ็ด,28/2/2026,ไม่ระบุ,หนองพอก,ร้อยเอ็ด,,,V234,รถจักรยานยนต์
1836,2026,37.0,ชาย,ไม่ระบุ,แม่ระมาด,ตาก,31/1/2026,ไม่ระบุ,แม่ระมาด,ตาก,,,V892,ไม่ระบุพาหนะ
1837,2026,60.0,ชาย,ไม่ระบุ,อรัญประเทศ,สระแก้ว,9/1/2026,ไม่ระบุ,อรัญประเทศ,สระแก้ว,,,V039,คนเดินเท้า
1838,2026,21.0,ชาย,ไม่ระบุ,เมืองชลบุรี,ชลบุรี,11/2/2026,ไม่ระบุ,เมืองชลบุรี,ชลบุรี,,,V892,ไม่ระบุพาหนะ
1839,2026,66.0,หญิง,ไม่ระบุ,รัตนบุรี,สุรินทร์,22/3/2026,ไม่ระบุ,รัตนบุรี,สุรินทร์,,,V892,ไม่ระบุพาหนะ
1840,2026,50.0,ชาย,ไม่ระบุ,เมืองสุรินทร์,สุรินทร์,23/3/2026,ไม่ระบุ,เมืองสุรินทร์,สุรินทร์,,,V892,รถจักรยานยนต์
1841,2026,21.0,ชาย,ไม่ระบุ,เมืองสกลนคร,สกลนคร,16/3/2026,ไม่ระบุ,เมืองสกลนคร,สกลนคร,,,V892,ไม่ระบุพาหนะ
1842,2026,77.0,หญิง,ไม่ระบุ,บ้านโฮ่ง,ลำพูน,12/2/2026,ไม่ระบุ,บ้านโฮ่ง,ลำพูน,,,V892,ไม่ระบุพาหนะ
1843,2026,36.0,ชาย,ไม่ระบุ,บ้านบึง,ชลบุรี,29/3/2026,ไม่ระบุ,บ้านบึง,ชลบุรี,,,V892,ไม่ระบุพาหนะ
1844,2026,24.0,ชาย,ไม่ระบุ,สองพี่น้อง,สุพรรณบุรี,30/1/2026,ไม่ระบุ,สองพี่น้อง,สุพรรณบุรี,,,Y349,ไม่ระบุพาหนะ
1845,2026,33.0,หญิง,ไม่ระบุ,เกาะคา,ลำปาง,16/2/2026,ไม่ระบุ,เกาะคา,ลำปาง,,,V892,ไม่ระบุพาหนะ
1846,2026,87.0,ชาย,ไม่ระบุ,จะนะ,สงขลา,7/3/2026,ไม่ระบุ,จะนะ,สงขลา,,,Y349,รถจักรยานยนต์
1847,2026,66.0,ชาย,ไม่ระบุ,ท่าวังผา,น่าน,22/2/2026,ไม่ระบุ,ท่าวังผา,น่าน,,,V892,ไม่ระบุพาหนะ
1848,2026,17.0,หญิง,ไม่ระบุ,เทพา,สงขลา,23/3/2026,ไม่ระบุ,เทพา,สงขลา,,,Y349,รถจักรยานยนต์
1849,2026,39.0,ชาย,ไม่ระบุ,เมืองยโสธร,ยโสธร,20/2/2026,ไม่ระบุ,เมืองยโสธร,ยโสธร,,,V892,ไม่ระบุพาหนะ
1850,2026,56.0,ชาย,ไม่ระบุ,เกาะคา,ลำปาง,14/2/2026,ไม่ระบุ,เกาะคา,ลำปาง,,,V892,ไม่ระบุพาหนะ
1851,2026,29.0,ชาย,ไม่ระบุ,ท่าศาลา,นครศรีธรรมราช,22/1/2026,ไม่ระบุ,ท่าศาลา,นครศรีธรรมราช,,,Y349,รถบรรทุกขนาดเล็ก/รถตู้
1852,2026,25.0,ชาย,ไม่ระบุ,บ้านนาเดิม,สุราษฎร์ธานี,23/1/2026,ไม่ระบุ,บ้านนาเดิม,สุราษฎร์ธานี,,,Y349,ไม่ระบุพาหนะ
1853,2026,22.0,หญิง,ไม่ระบุ,ถ้ำพรรณรา,นครศรีธรรมราช,11/1/2026,ไม่ระบุ,ถ้ำพรรณรา,นครศรีธรรมราช,,,V299,รถจักรยานยนต์
1854,2026,56.0,ชาย,ไม่ระบุ,กุดจับ,อุดรธานี,24/1/2026,ไม่ระบุ,กุดจับ,อุดรธานี,,,Y349,รถจักรยานยนต์
1855,2026,74.0,หญิง,ไม่ระบุ,หล่มสัก,เพชรบูรณ์,3/3/2026,ไม่ระบุ,หล่มสัก,เพชรบูรณ์,,,V099,คนเดินเท้า
1856,2026,74.0,หญิง,ไม่ระบุ,เมืองนครสวรรค์,นครสวรรค์,12/1/2026,ไม่ระบุ,เมืองนครสวรรค์,นครสวรรค์,,,V892,ไม่ระบุพาหนะ
1857,2026,51.0,ชาย,ไม่ระบุ,ทับคล้อ,พิจิตร,27/2/2026,ไม่ระบุ,ทับคล้อ,พิจิตร,,,V892,ไม่ระบุพาหนะ
1858,2026,38.0,ชาย,ไม่ระบุ,เขตลาดกระบัง,กรุงเทพมหานคร,7/2/2026,ไม่ระบุ,เขตลาดกระบัง,กรุงเทพมหานคร,,,Y349,ไม่ระบุพาหนะ
1859,2026,36.0,หญิง,ไม่ระบุ,เขตสวนหลวง,กรุงเทพมหานคร,7/2/2026,ไม่ระบุ,เขตสวนหลวง,กรุงเทพมหานคร,,,Y349,ไม่ระบุพาหนะ
1860,2026,83.0,ชาย,ไม่ระบุ,เมืองลำพูน,ลำพูน,22/3/2026,ไม่ระบุ,เมืองลำพูน,ลำพูน,,,V892,ไม่ระบุพาหนะ
1861,2026,63.0,ชาย,ไม่ระบุ,เมืองนครสวรรค์,นครสวรรค์,11/1/2026,ไม่ระบุ,เมืองนครสวรรค์,นครสวรรค์,,,V892,ไม่ระบุพาหนะ
1862,2026,32.0,ชาย,ไม่ระบุ,เมืองสงขลา,สงขลา,30/1/2026,ไม่ระบุ,เมืองสงขลา,สงขลา,,,V892,ไม่ระบุพาหนะ
1863,2026,15.0,ชาย,ไม่ระบุ,สิชล,นครศรีธรรมราช,6/1/2026,ไม่ระบุ,สิชล,นครศรีธรรมราช,,,Y349,รถจักรยาน
1864,2026,47.0,ชาย,ไม่ระบุ,กำแพงแสน,นครปฐม,20/2/2026,ไม่ระบุ,กำแพงแสน,นครปฐม,,,V892,ไม่ระบุพาหนะ
1865,2026,82.0,ชาย,ไม่ระบุ,เมืองสตูล,สตูล,13/3/2026,ไม่ระบุ,เมืองสตูล,สตูล,,,V892,รถจักรยานยนต์
1866,2026,32.0,หญิง,ไม่ระบุ,เมืองพัทลุง,พัทลุง,27/1/2026,ไม่ระบุ,เมืองพัทลุง,พัทลุง,,,V892,รถจักรยานยนต์
1867,2026,71.0,ชาย,ไม่ระบุ,เมืองนครศรีธรรมราช,นครศรีธรรมราช,22/1/2026,ไม่ระบุ,เมืองนครศรีธรรมราช,นครศรีธรรมราช,,,Y349,ไม่ระบุพาหนะ
1868,2026,14.0,ชาย,ไม่ระบุ,แม่ริม,เชียงใหม่,10/3/2026,ไม่ระบุ,แม่ริม,เชียงใหม่,,,V892,รถจักรยานยนต์
1869,2026,66.0,ชาย,ไม่ระบุ,ผาขาว,เลย,14/1/2026,ไม่ระบุ,ผาขาว,เลย,,,V892,ไม่ระบุพาหนะ
1870,2026,64.0,ชาย,ไม่ระบุ,แม่ริม,เชียงใหม่,1/3/2026,ไม่ระบุ,แม่ริม,เชียงใหม่,,,V892,ไม่ระบุพาหนะ
1871,2026,45.0,ชาย,ไม่ระบุ,แม่ริม,เชียงใหม่,13/3/2026,ไม่ระบุ,แม่ริม,เชียงใหม่,,,V892,รถจักรยานยนต์
1872,2026,30.0,ชาย,ไม่ระบุ,เมืองสมุทรสาคร,สมุทรสาคร,11/2/2026,ไม่ระบุ,เมืองสมุทรสาคร,สมุทรสาคร,,,V892,ไม่ระบุพาหนะ
1873,2026,24.0,ชาย,ไม่ระบุ,เมืองเลย,เลย,14/1/2026,ไม่ระบุ,เมืองเลย,เลย,,,V892,ไม่ระบุพาหนะ
1874,2026,70.0,หญิง,ไม่ระบุ,ท่าแซะ,ชุมพร,24/2/2026,ไม่ระบุ,ท่าแซะ,ชุมพร,,,V892,ไม่ระบุพาหนะ
1875,2026,68.0,ชาย,ไม่ระบุ,ตาคลี,นครสวรรค์,8/1/2026,ไม่ระบุ,ตาคลี,นครสวรรค์,,,V892,รถจักรยานยนต์
1876,2026,15.0,หญิง,ไม่ระบุ,เมืองกระบี่,กระบี่,11/1/2026,ไม่ระบุ,เมืองกระบี่,กระบี่,,,Y349,ไม่ระบุพาหนะ
1877,2026,65.0,หญิง,ไม่ระบุ,เมืองพัทลุง,พัทลุง,14/3/2026,ไม่ระบุ,เมืองพัทลุง,พัทลุง,,,V892,ไม่ระบุพาหนะ
1878,2026,29.0,ชาย,ไม่ระบุ,เมืองภูเก็ต,ภูเก็ต,4/1/2026,ไม่ระบุ,เมืองภูเก็ต,ภูเก็ต,,,V892,ไม่ระบุพาหนะ
1879,2026,59.0,ชาย,ไม่ระบุ,บรบือ,มหาสารคาม,12/1/2026,ไม่ระบุ,บรบือ,มหาสารคาม,,,V224,รถจักรยานยนต์
1880,2026,72.0,ชาย,ไม่ระบุ,รามัน,ยะลา,21/3/2026,ไม่ระบุ,รามัน,ยะลา,,,V224,รถจักรยานยนต์
1881,2026,70.0,หญิง,ไม่ระบุ,สุวรรณคูหา,หนองบัวลำภู,21/2/2026,ไม่ระบุ,สุวรรณคูหา,หนองบัวลำภู,,,X599,รถจักรยานยนต์
1882,2026,64.0,หญิง,ไม่ระบุ,เมืองยะลา,ยะลา,12/3/2026,ไม่ระบุ,เมืองยะลา,ยะลา,,,V892,รถจักรยานยนต์
1883,2026,31.0,หญิง,ไม่ระบุ,เมืองมหาสารคาม,มหาสารคาม,17/1/2026,ไม่ระบุ,เมืองมหาสารคาม,มหาสารคาม,,,V892,รถจักรยานยนต์
1884,2026,13.0,ชาย,ไม่ระบุ,เมืองมหาสารคาม,มหาสารคาม,19/1/2026,ไม่ระบุ,เมืองมหาสารคาม,มหาสารคาม,,,V892,รถจักรยานยนต์
1885,2026,39.0,ชาย,ไม่ระบุ,เมืองเชียงใหม่,เชียงใหม่,13/3/2026,ไม่ระบุ,เมืองเชียงใหม่,เชียงใหม่,,,V892,ไม่ระบุพาหนะ
1886,2026,14.0,ชาย,ไม่ระบุ,เมืองนราธิวาส,นราธิวาส,2/3/2026,ไม่ระบุ,เมืองนราธิวาส,นราธิวาส,,,V892,ไม่ระบุพาหนะ
1887,2026,70.0,ชาย,ไม่ระบุ,เมืองอุบลราชธานี,อุบลราชธานี,23/3/2026,ไม่ระบุ,เมืองอุบลราชธานี,อุบลราชธานี,,,V892,ไม่ระบุพาหนะ
1888,2026,62.0,ชาย,ไม่ระบุ,บ้านนาเดิม,สุราษฎร์ธานี,24/1/2026,ไม่ระบุ,บ้านนาเดิม,สุราษฎร์ธานี,,,Y349,ไม่ระบุพาหนะ
1889,2026,19.0,หญิง,ไม่ระบุ,เมืองเชียงราย,เชียงราย,19/2/2026,ไม่ระบุ,เมืองเชียงราย,เชียงราย,,,V892,ไม่ระบุพาหนะ
1890,2026,48.0,ชาย,ไม่ระบุ,เมืองอุบลราชธานี,อุบลราชธานี,12/3/2026,ไม่ระบุ,เมืองอุบลราชธานี,อุบลราชธานี,,,V892,ไม่ระบุพาหนะ
1891,2026,70.0,ชาย,ไม่ระบุ,ชัยบาดาล,ลพบุรี,1/1/2026,ไม่ระบุ,ชัยบาดาล,ลพบุรี,,,Y349,ไม่ระบุพาหนะ
1892,2026,54.0,หญิง,ไม่ระบุ,เมืองเชียงราย,เชียงราย,7/2/2026,ไม่ระบุ,เมืองเชียงราย,เชียงราย,,,V892,ไม่ระบุพาหนะ
1893,2026,24.0,หญิง,ไม่ระบุ,ทุ่งสง,นครศรีธรรมราช,21/2/2026,ไม่ระบุ,ทุ่งสง,นครศรีธรรมราช,,,V892,รถจักรยานยนต์
1894,2026,77.0,หญิง,ไม่ระบุ,เมืองเชียงราย,เชียงราย,11/2/2026,ไม่ระบุ,เมืองเชียงราย,เชียงราย,,,V892,ไม่ระบุพาหนะ
1895,2026,65.0,ชาย,ไม่ระบุ,เมืองลำพูน,ลำพูน,13/3/2026,ไม่ระบุ,เมืองลำพูน,ลำพูน,,,V892,รถจักรยานยนต์
1896,2026,70.0,หญิง,ไม่ระบุ,เมืองลำพูน,ลำพูน,17/3/2026,ไม่ระบุ,เมืองลำพูน,ลำพูน,,,V892,ไม่ระบุพาหนะ
1897,2026,30.0,ชาย,ไม่ระบุ,เมืองเชียงราย,เชียงราย,2/2/2026,ไม่ระบุ,เมืองเชียงราย,เชียงราย,,,V892,ไม่ระบุพาหนะ
1898,2026,59.0,ชาย,ไม่ระบุ,พระพรหม,นครศรีธรรมราช,10/2/2026,ไม่ระบุ,พระพรหม,นครศรีธรรมราช,,,V499,รถยนต์
1899,2026,17.0,หญิง,ไม่ระบุ,เมืองนครสวรรค์,นครสวรรค์,23/2/2026,ไม่ระบุ,เมืองนครสวรรค์,นครสวรรค์,,,V892,ไม่ระบุพาหนะ
1900,2026,34.0,ชาย,ไม่ระบุ,เมืองลำพูน,ลำพูน,13/3/2026,ไม่ระบุ,เมืองลำพูน,ลำพูน,,,V892,รถจักรยานยนต์
1901,2026,55.0,หญิง,ไม่ระบุ,เมืองร้อยเอ็ด,ร้อยเอ็ด,16/1/2026,ไม่ระบุ,เมืองร้อยเอ็ด,ร้อยเอ็ด,,,Y349,รถจักรยานยนต์
1902,2026,27.0,ชาย,ไม่ระบุ,เมืองกาฬสินธุ์,กาฬสินธุ์,19/1/2026,ไม่ระบุ,เมืองกาฬสินธุ์,กาฬสินธุ์,,,X599,รถจักรยาน
1903,2026,64.0,ชาย,ไม่ระบุ,ยางตลาด,กาฬสินธุ์,25/1/2026,ไม่ระบุ,ยางตลาด,กาฬสินธุ์,,,V039,คนเดินเท้า
1904,2026,38.0,ชาย,ไม่ระบุ,จัตุรัส,ชัยภูมิ,10/3/2026,ไม่ระบุ,จัตุรัส,ชัยภูมิ,,,V892,ไม่ระบุพาหนะ
1905,2026,36.0,ชาย,ไม่ระบุ,เมืองนครสวรรค์,นครสวรรค์,1/2/2026,ไม่ระบุ,เมืองนครสวรรค์,นครสวรรค์,,,V892,ไม่ระบุพาหนะ
1906,2026,51.0,ชาย,ไม่ระบุ,เขตราษฎร์บูรณะ,กรุงเทพมหานคร,27/3/2026,ไม่ระบุ,เขตราษฎร์บูรณะ,กรุงเทพมหานคร,,,V892,ไม่ระบุพาหนะ
1907,2026,70.0,ชาย,ไม่ระบุ,เมืองสุพรรณบุรี,สุพรรณบุรี,11/3/2026,ไม่ระบุ,เมืองสุพรรณบุรี,สุพรรณบุรี,,,V892,ไม่ระบุพาหนะ
1908,2026,50.0,ชาย,ไม่ระบุ,กิ่งอำเภอฆ้องชัย,กาฬสินธุ์,9/1/2026,ไม่ระบุ,กิ่งอำเภอฆ้องชัย,กาฬสินธุ์,,,X599,รถจักรยานยนต์
1909,2026,57.0,ชาย,ไม่ระบุ,น้ำโสม,อุดรธานี,17/2/2026,ไม่ระบุ,น้ำโสม,อุดรธานี,,,X599,รถจักรยานยนต์
1910,2026,23.0,หญิง,ไม่ระบุ,เขตบึงกุ่ม,กรุงเทพมหานคร,17/3/2026,ไม่ระบุ,เขตบึงกุ่ม,กรุงเทพมหานคร,,,Y349,ไม่ระบุพาหนะ
1911,2026,92.0,ชาย,ไม่ระบุ,หนองวัวซอ,อุดรธานี,8/2/2026,ไม่ระบุ,หนองวัวซอ,อุดรธานี,,,V892,ไม่ระบุพาหนะ
1912,2026,74.0,ชาย,ไม่ระบุ,เมืองบุรีรัมย์,บุรีรัมย์,13/1/2026,ไม่ระบุ,เมืองบุรีรัมย์,บุรีรัมย์,,,Y349,ไม่ระบุพาหนะ
1913,2026,65.0,ชาย,ไม่ระบุ,เมืองบุรีรัมย์,บุรีรัมย์,10/1/2026,ไม่ระบุ,เมืองบุรีรัมย์,บุรีรัมย์,,,X599,ไม่ระบุพาหนะ
1914,2026,62.0,ชาย,ไม่ระบุ,เมืองชัยภูมิ,ชัยภูมิ,7/3/2026,ไม่ระบุ,เมืองชัยภูมิ,ชัยภูมิ,,,V892,ไม่ระบุพาหนะ
1915,2026,16.0,ชาย,ไม่ระบุ,เมืองสงขลา,สงขลา,22/3/2026,ไม่ระบุ,เมืองสงขลา,สงขลา,,,V892,ไม่ระบุพาหนะ
1916,2026,74.0,ชาย,ไม่ระบุ,เมืองสกลนคร,สกลนคร,3/1/2026,ไม่ระบุ,เมืองสกลนคร,สกลนคร,,,V892,รถจักรยาน
1917,2026,46.0,ชาย,ไม่ระบุ,เมืองตราด,ตราด,22/3/2026,ไม่ระบุ,เมืองตราด,ตราด,,,V892,รถจักรยานยนต์
1918,2026,55.0,ชาย,ไม่ระบุ,กิ่งอำเภอโคกสูง,สระแก้ว,7/2/2026,ไม่ระบุ,กิ่งอำเภอโคกสูง,สระแก้ว,,,Y349,ไม่ระบุพาหนะ
1919,2026,25.0,หญิง,ไม่ระบุ,ปราสาท,สุรินทร์,17/1/2026,ไม่ระบุ,ปราสาท,สุรินทร์,,,Y349,รถจักรยาน
1920,2026,47.0,หญิง,ไม่ระบุ,เมืองสกลนคร,สกลนคร,17/1/2026,ไม่ระบุ,เมืองสกลนคร,สกลนคร,,,V892,ไม่ระบุพาหนะ
1921,2026,26.0,หญิง,ไม่ระบุ,เมืองสุรินทร์,สุรินทร์,16/1/2026,ไม่ระบุ,เมืองสุรินทร์,สุรินทร์,,,V892,รถบรรทุกขนาดเล็ก/รถตู้
1922,2026,17.0,ชาย,ไม่ระบุ,เมืองสงขลา,สงขลา,18/1/2026,ไม่ระบุ,เมืองสงขลา,สงขลา,,,V892,ไม่ระบุพาหนะ
1923,2026,64.0,ชาย,ไม่ระบุ,เมืองเลย,เลย,20/2/2026,ไม่ระบุ,เมืองเลย,เลย,,,Y349,ไม่ระบุพาหนะ
1924,2026,56.0,ชาย,ไม่ระบุ,เมืองนครปฐม,นครปฐม,19/3/2026,ไม่ระบุ,เมืองนครปฐม,นครปฐม,,,V892,รถจักรยานยนต์
1925,2026,61.0,ชาย,ไม่ระบุ,เมืองเพชรบูรณ์,เพชรบูรณ์,23/1/2026,ไม่ระบุ,เมืองเพชรบูรณ์,เพชรบูรณ์,,,V892,รถยนต์
1926,2026,56.0,ชาย,ไม่ระบุ,ด่านขุนทด,นครราชสีมา,22/2/2026,ไม่ระบุ,ด่านขุนทด,นครราชสีมา,,,Y349,ไม่ระบุพาหนะ
1927,2026,37.0,ชาย,ไม่ระบุ,หาดใหญ่,สงขลา,20/1/2026,ไม่ระบุ,หาดใหญ่,สงขลา,,,V892,ไม่ระบุพาหนะ
1928,2026,19.0,ชาย,ไม่ระบุ,เมืองปราจีนบุรี,ปราจีนบุรี,5/3/2026,ไม่ระบุ,เมืองปราจีนบุรี,ปราจีนบุรี,,,V892,ไม่ระบุพาหนะ
1929,2026,47.0,ชาย,ไม่ระบุ,เมืองปทุมธานี,ปทุมธานี,23/2/2026,ไม่ระบุ,เมืองปทุมธานี,ปทุมธานี,,,Y349,ไม่ระบุพาหนะ
1930,2026,54.0,ชาย,ไม่ระบุ,เมืองศรีสะเกษ,ศรีสะเกษ,5/1/2026,ไม่ระบุ,เมืองศรีสะเกษ,ศรีสะเกษ,,,V892,รถจักรยานยนต์
1931,2026,67.0,ชาย,ไม่ระบุ,ชนบท,ขอนแก่น,17/3/2026,ไม่ระบุ,ชนบท,ขอนแก่น,,,Y349,รถจักรยานยนต์
1932,2026,61.0,ชาย,ไม่ระบุ,เมืองนครพนม,นครพนม,16/1/2026,ไม่ระบุ,เมืองนครพนม,นครพนม,,,V892,ไม่ระบุพาหนะ
1933,2026,69.0,หญิง,ไม่ระบุ,ประทาย,นครราชสีมา,9/2/2026,ไม่ระบุ,ประทาย,นครราชสีมา,,,V892,รถจักรยานยนต์
1934,2026,49.0,ชาย,ไม่ระบุ,เมืองมหาสารคาม,มหาสารคาม,19/2/2026,ไม่ระบุ,เมืองมหาสารคาม,มหาสารคาม,,,V892,ไม่ระบุพาหนะ
1935,2026,50.0,ชาย,ไม่ระบุ,เมืองระนอง,ระนอง,17/2/2026,ไม่ระบุ,เมืองระนอง,ระนอง,,,V892,รถบรรทุกขนาดเล็ก/รถตู้
1936,2026,42.0,ชาย,ไม่ระบุ,เมืองนครราชสีมา,นครราชสีมา,3/2/2026,ไม่ระบุ,เมืองนครราชสีมา,นครราชสีมา,,,V892,ไม่ระบุพาหนะ
1937,2026,73.0,ชาย,ไม่ระบุ,เมืองนครราชสีมา,นครราชสีมา,2/2/2026,ไม่ระบุ,เมืองนครราชสีมา,นครราชสีมา,,,V892,ไม่ระบุพาหนะ
1938,2026,48.0,ชาย,ไม่ระบุ,องครักษ์,นครนายก,11/3/2026,ไม่ระบุ,องครักษ์,นครนายก,,,V892,ไม่ระบุพาหนะ
1939,2026,25.0,ชาย,ไม่ระบุ,เมืองศรีสะเกษ,ศรีสะเกษ,15/1/2026,ไม่ระบุ,เมืองศรีสะเกษ,ศรีสะเกษ,,,V892,ไม่ระบุพาหนะ
1940,2026,60.0,หญิง,ไม่ระบุ,เมืองระนอง,ระนอง,18/2/2026,ไม่ระบุ,เมืองระนอง,ระนอง,,,V892,ไม่ระบุพาหนะ
1941,2026,49.0,ชาย,ไม่ระบุ,เมืองบุรีรัมย์,บุรีรัมย์,30/3/2026,ไม่ระบุ,เมืองบุรีรัมย์,บุรีรัมย์,,,V892,ไม่ระบุพาหนะ
1942,2026,62.0,หญิง,ไม่ระบุ,แม่ริม,เชียงใหม่,4/1/2026,ไม่ระบุ,แม่ริม,เชียงใหม่,,,V892,ไม่ระบุพาหนะ
1943,2026,83.0,ชาย,ไม่ระบุ,เมืองมหาสารคาม,มหาสารคาม,5/2/2026,ไม่ระบุ,เมืองมหาสารคาม,มหาสารคาม,,,V892,รถจักรยานยนต์
1944,2026,70.0,ชาย,ไม่ระบุ,เมืองนครราชสีมา,นครราชสีมา,13/2/2026,ไม่ระบุ,เมืองนครราชสีมา,นครราชสีมา,,,V892,ไม่ระบุพาหนะ
1945,2026,33.0,ชาย,ไม่ระบุ,เมืองศรีสะเกษ,ศรีสะเกษ,5/1/2026,ไม่ระบุ,เมืองศรีสะเกษ,ศรีสะเกษ,,,V892,ไม่ระบุพาหนะ
1946,2026,48.0,ชาย,ไม่ระบุ,เมืองนครราชสีมา,นครราชสีมา,24/2/2026,ไม่ระบุ,เมืองนครราชสีมา,นครราชสีมา,,,V892,ไม่ระบุพาหนะ
1947,2026,21.0,ชาย,ไม่ระบุ,เมืองเพชรบุรี,เพชรบุรี,30/3/2026,ไม่ระบุ,เมืองเพชรบุรี,เพชรบุรี,,,V892,ไม่ระบุพาหนะ
1948,2026,40.0,ชาย,ไม่ระบุ,กิ่งอำเภอดอยหล่อ,เชียงใหม่,11/1/2026,ไม่ระบุ,กิ่งอำเภอดอยหล่อ,เชียงใหม่,,,X599,ไม่ระบุพาหนะ
1949,2026,6.0,ชาย,ไม่ระบุ,เมืองนครราชสีมา,นครราชสีมา,28/2/2026,ไม่ระบุ,เมืองนครราชสีมา,นครราชสีมา,,,V892,รถจักรยานยนต์
1950,2026,71.0,ชาย,ไม่ระบุ,กิ่งอำเภอทุ่งเขาหลวง,ร้อยเอ็ด,8/2/2026,ไม่ระบุ,กิ่งอำเภอทุ่งเขาหลวง,ร้อยเอ็ด,,,V029,คนเดินเท้า
1951,2026,64.0,หญิง,ไม่ระบุ,สันทราย,เชียงใหม่,15/1/2026,ไม่ระบุ,สันทราย,เชียงใหม่,,,V892,ไม่ระบุพาหนะ
1952,2026,74.0,ชาย,ไม่ระบุ,วังทอง,พิษณุโลก,17/2/2026,ไม่ระบุ,วังทอง,พิษณุโลก,,,V892,รถจักรยานยนต์
1953,2026,61.0,หญิง,ไม่ระบุ,เมืองปัตตานี,ปัตตานี,22/1/2026,ไม่ระบุ,เมืองปัตตานี,ปัตตานี,,,V892,รถจักรยานยนต์
1954,2026,21.0,ชาย,ไม่ระบุ,เมือง,ราชบุรี,2/1/2026,ไม่ระบุ,เมือง,ราชบุรี,,,V892,ไม่ระบุพาหนะ
1955,2026,25.0,ชาย,ไม่ระบุ,ยะหา,ยะลา,7/1/2026,ไม่ระบุ,ยะหา,ยะลา,,,V294,รถจักรยานยนต์
1956,2026,31.0,หญิง,ไม่ระบุ,เมืองร้อยเอ็ด,ร้อยเอ็ด,26/2/2026,ไม่ระบุ,เมืองร้อยเอ็ด,ร้อยเอ็ด,,,V435,รถยนต์
1957,2026,71.0,ชาย,ไม่ระบุ,เมืองร้อยเอ็ด,ร้อยเอ็ด,20/2/2026,ไม่ระบุ,เมืองร้อยเอ็ด,ร้อยเอ็ด,,,V892,รถจักรยาน
1958,2026,19.0,ชาย,ไม่ระบุ,เมืองพิษณุโลก,พิษณุโลก,15/2/2026,ไม่ระบุ,เมืองพิษณุโลก,พิษณุโลก,,,V892,รถจักรยานยนต์
1959,2026,28.0,ชาย,ไม่ระบุ,ปากเกร็ด,นนทบุรี,28/3/2026,ไม่ระบุ,ปากเกร็ด,นนทบุรี,,,Y349,รถยนต์
1960,2026,43.0,ชาย,ไม่ระบุ,ลำสนธิ,ลพบุรี,15/2/2026,ไม่ระบุ,ลำสนธิ,ลพบุรี,,,Y349,รถจักรยานยนต์
1961,2026,15.0,ชาย,ไม่ระบุ,เมืองร้อยเอ็ด,ร้อยเอ็ด,19/2/2026,ไม่ระบุ,เมืองร้อยเอ็ด,ร้อยเอ็ด,,,V224,รถจักรยานยนต์
1962,2026,61.0,ชาย,ไม่ระบุ,แม่สะเรียง,แม่ฮ่องสอน,8/3/2026,ไม่ระบุ,แม่สะเรียง,แม่ฮ่องสอน,,,V224,รถจักรยานยนต์
1963,2026,63.0,หญิง,ไม่ระบุ,เมืองบุรีรัมย์,บุรีรัมย์,14/2/2026,ไม่ระบุ,เมืองบุรีรัมย์,บุรีรัมย์,,,X599,ไม่ระบุพาหนะ
1964,2026,14.0,ชาย,ไม่ระบุ,เมืองนครศรีธรรมราช,นครศรีธรรมราช,29/3/2026,ไม่ระบุ,เมืองนครศรีธรรมราช,นครศรีธรรมราช,,,V892,ไม่ระบุพาหนะ
1965,2026,23.0,หญิง,ไม่ระบุ,เมืองนครสวรรค์,นครสวรรค์,12/3/2026,ไม่ระบุ,เมืองนครสวรรค์,นครสวรรค์,,,V892,ไม่ระบุพาหนะ
1966,2026,44.0,หญิง,ไม่ระบุ,เมืองสตูล,สตูล,17/2/2026,ไม่ระบุ,เมืองสตูล,สตูล,,,V892,รถจักรยานยนต์
1967,2026,68.0,ชาย,ไม่ระบุ,เมืองอุบลราชธานี,อุบลราชธานี,5/1/2026,ไม่ระบุ,เมืองอุบลราชธานี,อุบลราชธานี,,,V892,รถจักรยานยนต์
1968,2026,14.0,หญิง,ไม่ระบุ,เมืองกาญจนบุรี,กาญจนบุรี,21/1/2026,ไม่ระบุ,เมืองกาญจนบุรี,กาญจนบุรี,,,V892,ไม่ระบุพาหนะ
1969,2026,59.0,หญิง,ไม่ระบุ,เขตสายไหม,กรุงเทพมหานคร,18/1/2026,ไม่ระบุ,เขตสายไหม,กรุงเทพมหานคร,,,V892,ไม่ระบุพาหนะ
1970,2026,35.0,หญิง,ไม่ระบุ,เขตคันนายาว,กรุงเทพมหานคร,4/1/2026,ไม่ระบุ,เขตคันนายาว,กรุงเทพมหานคร,,,Y349,ไม่ระบุพาหนะ
1971,2026,58.0,ชาย,ไม่ระบุ,เมืองสกลนคร,สกลนคร,6/2/2026,ไม่ระบุ,เมืองสกลนคร,สกลนคร,,,V892,ไม่ระบุพาหนะ
1972,2026,18.0,ชาย,ไม่ระบุ,เมืองยโสธร,ยโสธร,6/1/2026,ไม่ระบุ,เมืองยโสธร,ยโสธร,,,V892,ไม่ระบุพาหนะ
1973,2026,62.0,ชาย,ไม่ระบุ,เมืองอุทัยธานี,อุทัยธานี,23/3/2026,ไม่ระบุ,เมืองอุทัยธานี,อุทัยธานี,,,V892,รถจักรยานยนต์
1974,2026,57.0,ชาย,ไม่ระบุ,เมืองสุรินทร์,สุรินทร์,9/2/2026,ไม่ระบุ,เมืองสุรินทร์,สุรินทร์,,,V892,รถจักรยานยนต์
1975,2026,24.0,ชาย,ไม่ระบุ,เมืองยโสธร,ยโสธร,23/1/2026,ไม่ระบุ,เมืองยโสธร,ยโสธร,,,V892,ไม่ระบุพาหนะ
1976,2026,64.0,ชาย,ไม่ระบุ,เมืองนครราชสีมา,นครราชสีมา,25/3/2026,ไม่ระบุ,เมืองนครราชสีมา,นครราชสีมา,,,V892,รถจักรยานยนต์
1977,2026,53.0,ชาย,ไม่ระบุ,เมืองลำปาง,ลำปาง,18/1/2026,ไม่ระบุ,เมืองลำปาง,ลำปาง,,,V892,ไม่ระบุพาหนะ
1978,2026,74.0,หญิง,ไม่ระบุ,เมืองสุรินทร์,สุรินทร์,1/2/2026,ไม่ระบุ,เมืองสุรินทร์,สุรินทร์,,,V892,ไม่ระบุพาหนะ
1979,2026,77.0,ชาย,ไม่ระบุ,เมืองมหาสารคาม,มหาสารคาม,23/3/2026,ไม่ระบุ,เมืองมหาสารคาม,มหาสารคาม,,,V892,รถจักรยานยนต์
1980,2026,16.0,หญิง,ไม่ระบุ,เมืองสระบุรี,สระบุรี,24/2/2026,ไม่ระบุ,เมืองสระบุรี,สระบุรี,,,V892,ไม่ระบุพาหนะ
1981,2026,15.0,หญิง,ไม่ระบุ,เมืองยะลา,ยะลา,13/2/2026,ไม่ระบุ,เมืองยะลา,ยะลา,,,V892,รถจักรยานยนต์
1982,2026,74.0,ชาย,ไม่ระบุ,เมืองชัยภูมิ,ชัยภูมิ,6/1/2026,ไม่ระบุ,เมืองชัยภูมิ,ชัยภูมิ,,,V892,ไม่ระบุพาหนะ
1983,2026,15.0,ชาย,ไม่ระบุ,บางพลี,สมุทรปราการ,5/1/2026,ไม่ระบุ,บางพลี,สมุทรปราการ,,,Y349,ไม่ระบุพาหนะ
1984,2026,30.0,หญิง,ไม่ระบุ,เมืองสระบุรี,สระบุรี,11/2/2026,ไม่ระบุ,เมืองสระบุรี,สระบุรี,,,V892,ไม่ระบุพาหนะ
1985,2026,85.0,ชาย,ไม่ระบุ,เมืองนครราชสีมา,นครราชสีมา,10/3/2026,ไม่ระบุ,เมืองนครราชสีมา,นครราชสีมา,,,V892,รถยนต์
1986,2026,16.0,หญิง,ไม่ระบุ,ดอนตูม,นครปฐม,19/1/2026,ไม่ระบุ,ดอนตูม,นครปฐม,,,V892,ไม่ระบุพาหนะ
1987,2026,36.0,ชาย,ไม่ระบุ,เมืองสระบุรี,สระบุรี,7/2/2026,ไม่ระบุ,เมืองสระบุรี,สระบุรี,,,V892,ไม่ระบุพาหนะ
1988,2026,45.0,หญิง,ไม่ระบุ,สามพราน,นครปฐม,5/1/2026,ไม่ระบุ,สามพราน,นครปฐม,,,V892,ไม่ระบุพาหนะ
1989,2026,20.0,หญิง,ไม่ระบุ,เมืองร้อยเอ็ด,ร้อยเอ็ด,1/3/2026,ไม่ระบุ,เมืองร้อยเอ็ด,ร้อยเอ็ด,,,V235,รถจักรยานยนต์
1990,2026,72.0,ชาย,ไม่ระบุ,คอนสวรรค์,ชัยภูมิ,31/1/2026,ไม่ระบุ,คอนสวรรค์,ชัยภูมิ,,,Y349,ไม่ระบุพาหนะ
1991,2026,22.0,ชาย,ไม่ระบุ,เมืองร้อยเอ็ด,ร้อยเอ็ด,1/3/2026,ไม่ระบุ,เมืองร้อยเอ็ด,ร้อยเอ็ด,,,V234,รถจักรยานยนต์
1992,2026,72.0,ชาย,ไม่ระบุ,นิคมคำสร้อย,มุกดาหาร,2/2/2026,ไม่ระบุ,นิคมคำสร้อย,มุกดาหาร,,,V892,รถจักรยานยนต์
1993,2026,22.0,ชาย,ไม่ระบุ,เมืองศรีสะเกษ,ศรีสะเกษ,24/2/2026,ไม่ระบุ,เมืองศรีสะเกษ,ศรีสะเกษ,,,V239,รถจักรยานยนต์
1994,2026,68.0,ชาย,ไม่ระบุ,พระนครศรีอยุธยา,พระนครศรีอยุธยา,3/3/2026,ไม่ระบุ,พระนครศรีอยุธยา,พระนครศรีอยุธยา,,,Y349,ไม่ระบุพาหนะ
1995,2026,55.0,ชาย,ไม่ระบุ,เมืองศรีสะเกษ,ศรีสะเกษ,20/2/2026,ไม่ระบุ,เมืองศรีสะเกษ,ศรีสะเกษ,,,V892,ไม่ระบุพาหนะ
1996,2026,17.0,ชาย,ไม่ระบุ,เมือง,ราชบุรี,14/2/2026,ไม่ระบุ,เมือง,ราชบุรี,,,V892,รถจักรยาน
1997,2026,70.0,หญิง,ไม่ระบุ,เมืองสุรินทร์,สุรินทร์,28/2/2026,ไม่ระบุ,เมืองสุรินทร์,สุรินทร์,,,V234,รถจักรยานยนต์
1998,2026,61.0,หญิง,ไม่ระบุ,ศรีธาตุ,อุดรธานี,12/1/2026,ไม่ระบุ,ศรีธาตุ,อุดรธานี,,,V892,ไม่ระบุพาหนะ
1999,2026,54.0,หญิง,ไม่ระบุ,เมืองปราจีนบุรี,ปราจีนบุรี,3/1/2026,ไม่ระบุ,เมืองปราจีนบุรี,ปราจีนบุรี,,,V892,ไม่ระบุพาหนะ
2000,2026,42.0,ชาย,ไม่ระบุ,เมืองภูเก็ต,ภูเก็ต,7/3/2026,ไม่ระบุ,เมืองภูเก็ต,ภูเก็ต,,,V892,รถจักรยานยนต์
2001,2026,13.0,ชาย,ไม่ระบุ,เมืองร้อยเอ็ด,ร้อยเอ็ด,30/1/2026,ไม่ระบุ,เมืองร้อยเอ็ด,ร้อยเอ็ด,,,V225,รถจักรยานยนต์
2002,2026,60.0,หญิง,ไม่ระบุ,สวรรคโลก,สุโขทัย,11/3/2026,ไม่ระบุ,สวรรคโลก,สุโขทัย,,,V299,รถจักรยานยนต์
2003,2026,29.0,ชาย,ไม่ระบุ,ศรีมหาโพธิ,ปราจีนบุรี,7/1/2026,ไม่ระบุ,ศรีมหาโพธิ,ปราจีนบุรี,,,V892,ไม่ระบุพาหนะ
2004,2026,62.0,ชาย,ไม่ระบุ,ปัว,น่าน,23/1/2026,ไม่ระบุ,ปัว,น่าน,,,V029,คนเดินเท้า
2005,2026,81.0,ชาย,ไม่ระบุ,ปัว,น่าน,23/1/2026,ไม่ระบุ,ปัว,น่าน,,,V892,ไม่ระบุพาหนะ
2006,2026,12.0,หญิง,ไม่ระบุ,เมืองร้อยเอ็ด,ร้อยเอ็ด,4/3/2026,ไม่ระบุ,เมืองร้อยเอ็ด,ร้อยเอ็ด,,,V234,รถจักรยานยนต์
2007,2026,68.0,ชาย,ไม่ระบุ,หางดง,เชียงใหม่,1/2/2026,ไม่ระบุ,หางดง,เชียงใหม่,,,V892,ไม่ระบุพาหนะ
2008,2026,69.0,หญิง,ไม่ระบุ,เมืองชัยนาท,ชัยนาท,17/3/2026,ไม่ระบุ,เมืองชัยนาท,ชัยนาท,,,Y349,รถจักรยาน
2009,2026,16.0,ชาย,ไม่ระบุ,เมืองกาญจนบุรี,กาญจนบุรี,20/2/2026,ไม่ระบุ,เมืองกาญจนบุรี,กาญจนบุรี,,,V892,ไม่ระบุพาหนะ
2010,2026,9.0,หญิง,ไม่ระบุ,ชุมพลบุรี,สุรินทร์,16/3/2026,ไม่ระบุ,ชุมพลบุรี,สุรินทร์,,,V892,ไม่ระบุพาหนะ
2011,2026,62.0,ชาย,ไม่ระบุ,เมืองพะเยา,พะเยา,19/1/2026,ไม่ระบุ,เมืองพะเยา,พะเยา,,,V892,รถจักรยาน
2012,2026,18.0,ชาย,ไม่ระบุ,เมืองร้อยเอ็ด,ร้อยเอ็ด,26/2/2026,ไม่ระบุ,เมืองร้อยเอ็ด,ร้อยเอ็ด,,,V234,รถจักรยานยนต์
2013,2026,50.0,ชาย,ไม่ระบุ,ปราสาท,สุรินทร์,2/3/2026,ไม่ระบุ,ปราสาท,สุรินทร์,,,V545,รถบรรทุกขนาดเล็ก/รถตู้
2014,2026,43.0,ชาย,ไม่ระบุ,สิรินธร,อุบลราชธานี,15/2/2026,ไม่ระบุ,สิรินธร,อุบลราชธานี,,,Y349,ไม่ระบุพาหนะ
2015,2026,50.0,ชาย,ไม่ระบุ,เมืองสุราษฎร์ธานี,สุราษฎร์ธานี,10/3/2026,ไม่ระบุ,เมืองสุราษฎร์ธานี,สุราษฎร์ธานี,,,V892,ไม่ระบุพาหนะ
2016,2026,85.0,ชาย,ไม่ระบุ,เมืองสรวง,ร้อยเอ็ด,27/2/2026,ไม่ระบุ,เมืองสรวง,ร้อยเอ็ด,,,V892,ไม่ระบุพาหนะ
2017,2026,26.0,หญิง,ไม่ระบุ,เมืองเชียงราย,เชียงราย,30/1/2026,ไม่ระบุ,เมืองเชียงราย,เชียงราย,,,V892,ไม่ระบุพาหนะ
2018,2026,60.0,หญิง,ไม่ระบุ,เมืองพิษณุโลก,พิษณุโลก,8/3/2026,ไม่ระบุ,เมืองพิษณุโลก,พิษณุโลก,,,V892,รถจักรยานยนต์
2019,2026,60.0,ชาย,ไม่ระบุ,เมืองอุบลราชธานี,อุบลราชธานี,19/2/2026,ไม่ระบุ,เมืองอุบลราชธานี,อุบลราชธานี,,,V892,ไม่ระบุพาหนะ
2020,2026,68.0,หญิง,ไม่ระบุ,เมืองเชียงราย,เชียงราย,15/1/2026,ไม่ระบุ,เมืองเชียงราย,เชียงราย,,,V892,ไม่ระบุพาหนะ
2021,2026,32.0,หญิง,ไม่ระบุ,เมืองอุบลราชธานี,อุบลราชธานี,2/2/2026,ไม่ระบุ,เมืองอุบลราชธานี,อุบลราชธานี,,,V892,ไม่ระบุพาหนะ
2022,2026,82.0,หญิง,ไม่ระบุ,เมืองสกลนคร,สกลนคร,29/3/2026,ไม่ระบุ,เมืองสกลนคร,สกลนคร,,,V892,รถจักรยาน
2023,2026,71.0,ชาย,ไม่ระบุ,เมืองอุบลราชธานี,อุบลราชธานี,8/2/2026,ไม่ระบุ,เมืองอุบลราชธานี,อุบลราชธานี,,,V892,ไม่ระบุพาหนะ
2024,2026,30.0,ชาย,ไม่ระบุ,เมืองอุบลราชธานี,อุบลราชธานี,1/2/2026,ไม่ระบุ,เมืองอุบลราชธานี,อุบลราชธานี,,,V892,ไม่ระบุพาหนะ
2025,2026,79.0,ชาย,ไม่ระบุ,เมืองสกลนคร,สกลนคร,7/3/2026,ไม่ระบุ,เมืองสกลนคร,สกลนคร,,,V892,ไม่ระบุพาหนะ
2026,2026,39.0,ชาย,ไม่ระบุ,เมืองขอนแก่น,ขอนแก่น,4/1/2026,ไม่ระบุ,เมืองขอนแก่น,ขอนแก่น,,,Y349,รถจักรยานยนต์
2027,2026,63.0,ชาย,ไม่ระบุ,กิ่งอำเภอโพธิ์ศรีสุวรรณ,ศรีสะเกษ,13/3/2026,ไม่ระบุ,กิ่งอำเภอโพธิ์ศรีสุวรรณ,ศรีสะเกษ,,,V892,ไม่ระบุพาหนะ
2028,2026,19.0,ชาย,ไม่ระบุ,เมืองกระบี่,กระบี่,31/1/2026,ไม่ระบุ,เมืองกระบี่,กระบี่,,,Y349,รถจักรยานยนต์
2029,2026,73.0,ชาย,ไม่ระบุ,กิ่งอำเภอโพธิ์ศรีสุวรรณ,ศรีสะเกษ,11/3/2026,ไม่ระบุ,กิ่งอำเภอโพธิ์ศรีสุวรรณ,ศรีสะเกษ,,,V892,ไม่ระบุพาหนะ
2030,2026,32.0,ชาย,ไม่ระบุ,เมืองลำปาง,ลำปาง,4/2/2026,ไม่ระบุ,เมืองลำปาง,ลำปาง,,,V892,รถยนต์
2031,2026,18.0,ชาย,ไม่ระบุ,เมืองศรีสะเกษ,ศรีสะเกษ,7/3/2026,ไม่ระบุ,เมืองศรีสะเกษ,ศรีสะเกษ,,,V239,รถจักรยานยนต์
2032,2026,60.0,หญิง,ไม่ระบุ,เมืองศรีสะเกษ,ศรีสะเกษ,1/3/2026,ไม่ระบุ,เมืองศรีสะเกษ,ศรีสะเกษ,,,V229,รถจักรยานยนต์
2033,2026,79.0,ชาย,ไม่ระบุ,เมืองยโสธร,ยโสธร,16/2/2026,ไม่ระบุ,เมืองยโสธร,ยโสธร,,,V892,ไม่ระบุพาหนะ
2034,2026,60.0,หญิง,ไม่ระบุ,เมืองอุตรดิตถ์,อุตรดิตถ์,17/2/2026,ไม่ระบุ,เมืองอุตรดิตถ์,อุตรดิตถ์,,,V892,ไม่ระบุพาหนะ
2035,2026,24.0,ชาย,ไม่ระบุ,เมืองเพชรบุรี,เพชรบุรี,12/2/2026,ไม่ระบุ,เมืองเพชรบุรี,เพชรบุรี,,,V892,ไม่ระบุพาหนะ
2036,2026,15.0,ชาย,ไม่ระบุ,เมืองกาฬสินธุ์,กาฬสินธุ์,27/3/2026,ไม่ระบุ,เมืองกาฬสินธุ์,กาฬสินธุ์,,,V892,รถจักรยานยนต์
2037,2026,23.0,หญิง,ไม่ระบุ,บางพลี,สมุทรปราการ,26/2/2026,ไม่ระบุ,บางพลี,สมุทรปราการ,,,V892,ไม่ระบุพาหนะ
2038,2026,49.0,หญิง,ไม่ระบุ,วาปีปทุม,มหาสารคาม,25/2/2026,ไม่ระบุ,วาปีปทุม,มหาสารคาม,,,V099,คนเดินเท้า
2039,2026,43.0,ชาย,ไม่ระบุ,เมืองสุรินทร์,สุรินทร์,17/2/2026,ไม่ระบุ,เมืองสุรินทร์,สุรินทร์,,,V892,ไม่ระบุพาหนะ
2040,2026,41.0,ชาย,ไม่ระบุ,เมืองสุรินทร์,สุรินทร์,12/2/2026,ไม่ระบุ,เมืองสุรินทร์,สุรินทร์,,,V892,รถจักรยานยนต์
2041,2026,55.0,หญิง,ไม่ระบุ,ยี่งอ,นราธิวาส,15/2/2026,ไม่ระบุ,ยี่งอ,นราธิวาส,,,Y349,รถจักรยานยนต์
2042,2026,26.0,ชาย,ไม่ระบุ,เมืองภูเก็ต,ภูเก็ต,14/1/2026,ไม่ระบุ,เมืองภูเก็ต,ภูเก็ต,,,V892,ไม่ระบุพาหนะ
2043,2026,65.0,ชาย,ไม่ระบุ,เมืองอุบลราชธานี,อุบลราชธานี,19/3/2026,ไม่ระบุ,เมืองอุบลราชธานี,อุบลราชธานี,,,V892,ไม่ระบุพาหนะ
2044,2026,74.0,หญิง,ไม่ระบุ,เมืองอุบลราชธานี,อุบลราชธานี,4/3/2026,ไม่ระบุ,เมืองอุบลราชธานี,อุบลราชธานี,,,V892,ไม่ระบุพาหนะ
2045,2026,36.0,หญิง,ไม่ระบุ,เมืองระยอง,ระยอง,12/3/2026,ไม่ระบุ,เมืองระยอง,ระยอง,,,V892,รถบรรทุกขนาดเล็ก/รถตู้
2046,2026,66.0,ชาย,ไม่ระบุ,เมืองอุดรธานี,อุดรธานี,17/2/2026,ไม่ระบุ,เมืองอุดรธานี,อุดรธานี,,,V299,รถจักรยานยนต์
2047,2026,60.0,ชาย,ไม่ระบุ,เมืองหนองบัวลำภู,หนองบัวลำภู,7/3/2026,ไม่ระบุ,เมืองหนองบัวลำภู,หนองบัวลำภู,,,V892,ไม่ระบุพาหนะ
2048,2026,34.0,ชาย,ไม่ระบุ,แม่ริม,เชียงใหม่,23/1/2026,ไม่ระบุ,แม่ริม,เชียงใหม่,,,V892,ไม่ระบุพาหนะ
2049,2026,21.0,หญิง,ไม่ระบุ,เมืองอุบลราชธานี,อุบลราชธานี,2/1/2026,ไม่ระบุ,เมืองอุบลราชธานี,อุบลราชธานี,,,V892,ไม่ระบุพาหนะ
2050,2026,15.0,ชาย,ไม่ระบุ,เมืองมุกดาหาร,มุกดาหาร,9/2/2026,ไม่ระบุ,เมืองมุกดาหาร,มุกดาหาร,,,Y349,รถจักรยานยนต์
2051,2026,55.0,หญิง,ไม่ระบุ,เมืองขอนแก่น,ขอนแก่น,26/2/2026,ไม่ระบุ,เมืองขอนแก่น,ขอนแก่น,,,V892,ไม่ระบุพาหนะ
2052,2026,58.0,ชาย,ไม่ระบุ,เมืองสุราษฎร์ธานี,สุราษฎร์ธานี,17/3/2026,ไม่ระบุ,เมืองสุราษฎร์ธานี,สุราษฎร์ธานี,,,V892,ไม่ระบุพาหนะ
2053,2026,24.0,ชาย,ไม่ระบุ,เมืองอุบลราชธานี,อุบลราชธานี,6/2/2026,ไม่ระบุ,เมืองอุบลราชธานี,อุบลราชธานี,,,V892,ไม่ระบุพาหนะ
2054,2026,34.0,ชาย,ไม่ระบุ,เมืองอุบลราชธานี,อุบลราชธานี,8/2/2026,ไม่ระบุ,เมืองอุบลราชธานี,อุบลราชธานี,,,V299,รถจักรยานยนต์
2055,2026,60.0,หญิง,ไม่ระบุ,น้ำขุ่น,อุบลราชธานี,25/3/2026,ขี้เหล็ก,กิ่งอำเภอน้ำขุ่น,อุบลราชธานี,,,ไม่ระบุ,รถยนต์
2056,2026,24.0,หญิง,ไม่ระบุ,เขาค้อ,เพชรบูรณ์,5/1/2026,เขาชายธง,ตากฟ้า,นครสวรรค์,,,ไม่ระบุ,รถบรรทุกขนาดเล็ก/รถตู้
2057,2026,36.0,ชาย,ไม่ระบุ,เมืองชุมพร,ชุมพร,5/1/2026,ปากน้ำ,เมืองชุมพร,ชุมพร,,,ไม่ระบุ,รถจักรยานยนต์
2058,2026,60.0,หญิง,ไม่ระบุ,หนองใหญ่,ชลบุรี,6/1/2026,หนองใหญ่,หนองใหญ่,ชลบุรี,,,ไม่ระบุ,รถจักรยานยนต์
2059,2026,57.0,ชาย,ไม่ระบุ,สามเงา,ตาก,19/1/2026,ย่านรี,สามเงา,ตาก,99.073123,17.162916,ไม่ระบุ,รถจักรยานยนต์
2060,2026,73.0,หญิง,ไม่ระบุ,สว่างแดนดิน,สกลนคร,20/1/2026,สว่างแดนดิน,สว่างแดนดิน,สกลนคร,,,ไม่ระบุ,รถยนต์
2061,2026,40.0,ชาย,ไม่ระบุ,อู่ทอง,สุพรรณบุรี,27/1/2026,ป่าโมก,ป่าโมก,อ่างทอง,100.4335111,14.5014873,ไม่ระบุ,รถบรรทุกขนาดเล็ก/รถตู้
2062,2026,51.0,ชาย,ไม่ระบุ,สามโคก,ปทุมธานี,2/2/2026,สามโคก,สามโคก,ปทุมธานี,,,ไม่ระบุ,รถจักรยานยนต์
2063,2026,54.0,ชาย,ไม่ระบุ,บ้านม่วง,สกลนคร,7/2/2026,ม่วง,บ้านม่วง,สกลนคร,,,ไม่ระบุ,รถจักรยานยนต์
2064,2026,4.0,หญิง,ไม่ระบุ,โพธิ์ตาก,หนองคาย,8/2/2026,ด่านศรีสุข,กิ่งอำเภอโพธิ์ตาก,หนองคาย,,,ไม่ระบุ,รถยนต์
2065,2026,20.0,ชาย,ไม่ระบุ,รือเสาะ,นราธิวาส,18/2/2026,มะรือโบตก,ระแงะ,นราธิวาส,,,ไม่ระบุ,รถยนต์
2066,2026,27.0,ชาย,ไม่ระบุ,บรรพตพิสัย,นครสวรรค์,12/3/2026,วังมหากร,ท่าตะโก,นครสวรรค์,100.474073,15.630536,ไม่ระบุ,รถจักรยานยนต์
2067,2026,68.0,หญิง,ไม่ระบุ,เขมราฐ,อุบลราชธานี,2/1/2026,เขมราฐ,เขมราฐ,อุบลราชธานี,,,ไม่ระบุ,รถจักรยานยนต์
2068,2026,34.0,หญิง,ไม่ระบุ,เขมราฐ,อุบลราชธานี,2/1/2026,เขมราฐ,เขมราฐ,อุบลราชธานี,,,ไม่ระบุ,รถจักรยานยนต์
2069,2026,29.0,ชาย,ไม่ระบุ,วิเชียรบุรี,เพชรบูรณ์,3/1/2026,หัวงัว,ยางตลาด,กาฬสินธุ์,,,ไม่ระบุ,รถจักรยานยนต์
2070,2026,15.0,ชาย,ไม่ระบุ,ป่าโมก,อ่างทอง,3/1/2026,บางปลากด,ป่าโมก,อ่างทอง,,,ไม่ระบุ,รถจักรยานยนต์
2071,2026,72.0,ชาย,ไม่ระบุ,นางรอง,บุรีรัมย์,7/1/2026,นางรอง,นางรอง,บุรีรัมย์,,,ไม่ระบุ,รถยนต์
2072,2026,69.0,ชาย,ไม่ระบุ,นาตาล,อุบลราชธานี,30/1/2026,นาตาล,กิ่งอำเภอนาตาล,อุบลราชธานี,,,ไม่ระบุ,รถจักรยานยนต์
2073,2026,69.0,ชาย,ไม่ระบุ,จัตุรัส,ชัยภูมิ,3/2/2026,กุดน้ำใส,จัตุรัส,ชัยภูมิ,,,ไม่ระบุ,รถจักรยานยนต์
2074,2026,,ชาย,ไม่ระบุ,หนองบุญนาก,นครราชสีมา,10/2/2026,หนองหัวแรด,หนองบุญมาก,นครราชสีมา,102.3708392,14.73976013,ไม่ระบุ,รถจักรยานยนต์
2075,2026,53.0,หญิง,ไม่ระบุ,เขวาสินรินทร์,สุรินทร์,14/2/2026,เขวาสินรินทร์,กิ่งอำเภอเขวาสินรินทร์,สุรินทร์,,,ไม่ระบุ,รถจักรยานยนต์
2076,2026,13.0,ชาย,ไม่ระบุ,ท่าแซะ,ชุมพร,21/2/2026,รับร่อ,ท่าแซะ,ชุมพร,,,ไม่ระบุ,รถจักรยานยนต์
2077,2026,20.0,ชาย,ไม่ระบุ,น้ำโสม,อุดรธานี,21/2/2026,บ้านยวก,น้ำโสม,อุดรธานี,,,ไม่ระบุ,รถจักรยานยนต์
2078,2026,29.0,หญิง,ไม่ระบุ,ศรีเชียงใหม่,หนองคาย,8/3/2026,หนองปลาปาก,ศรีเชียงใหม่,หนองคาย,,,ไม่ระบุ,รถจักรยานยนต์
2079,2026,20.0,หญิง,ไม่ระบุ,ตะพานหิน,พิจิตร,24/1/2026,หนองพยอม,ตะพานหิน,พิจิตร,100.475825,16.216172,ไม่ระบุ,รถจักรยานยนต์
2080,2026,,ชาย,ไม่ระบุ,โนนสูง,นครราชสีมา,11/2/2026,บ้านใหม่,หนองบุญมาก,นครราชสีมา,,,ไม่ระบุ,รถบรรทุกขนาดเล็ก/รถตู้
2081,2026,66.0,ชาย,Vietnamese,เมืองสกลนคร,สกลนคร,2/3/2026,ดงมะไฟ,เมืองสกลนคร,สกลนคร,,,ไม่ระบุ,รถจักรยานยนต์
2082,2026,29.0,ชาย,Cambodian,บางปะกง,ฉะเชิงเทรา,3/3/2026,บางวัว,บางปะกง,ฉะเชิงเทรา,,,ไม่ระบุ,รถจักรยานยนต์
2083,2026,31.0,ชาย,Thai,วชิรบารมี,พิจิตร,3/3/2026,พลูตาหลวง,สัตหีบ,ชลบุรี,100.973608,12.695858,ไม่ระบุ,รถจักรยานยนต์
2084,2026,58.0,ชาย,Australian,ภูเรือ,เลย,4/3/2026,ลาดค่าง,ภูเรือ,เลย,,,ไม่ระบุ,รถจักรยานยนต์
2085,2026,23.0,ชาย,Thai,เมืองตรัง,ตรัง,4/3/2026,นาโยงใต้,เมืองตรัง,ตรัง,,,ไม่ระบุ,สามล้อ
2086,2026,,ชาย,Burmese,ราษฎร์บูรณะ,กรุงเทพมหานคร,7/3/2026,คลองมะเดื่อ,กระทุ่มแบน,สมุทรสาคร,100.294142,13.642667,ไม่ระบุ,รถจักรยานยนต์
2087,2026,65.0,ชาย,Thai,พล,ขอนแก่น,7/3/2026,โนนข่า,พล,ขอนแก่น,102.581699,15.759248,ไม่ระบุ,รถจักรยานยนต์
2088,2026,50.0,ชาย,Thai,เมืองหนองบัวลำภู,หนองบัวลำภู,8/3/2026,โพธิ์ชัย,เมืองหนองบัวลำภู,หนองบัวลำภู,,,ไม่ระบุ,รถจักรยานยนต์
2089,2026,11.0,ชาย,Burmese,เขาย้อย,เพชรบุรี,8/3/2026,เขาย้อย,เขาย้อย,เพชรบุรี,99.824667,13.228186,ไม่ระบุ,รถจักรยานยนต์
2090,2026,,หญิง,Thai,สามพราน,นครปฐม,8/3/2026,คลองใหม่,สามพราน,นครปฐม,,,ไม่ระบุ,รถจักรยานยนต์
2091,2026,25.0,ชาย,Thai,โพธิ์ศรีสุวรรณ,ศรีสะเกษ,8/3/2026,ธาตุ,รัตนบุรี,สุรินทร์,,,ไม่ระบุ,รถจักรยานยนต์
2092,2026,22.0,ชาย,Thai,เมืองเพชรบูรณ์,เพชรบูรณ์,8/3/2026,หนองม่วงไข่,หนองม่วงไข่,แพร่,,,ไม่ระบุ,รถจักรยานยนต์
2093,2026,26.0,หญิง,Thai,เมืองขอนแก่น,ขอนแก่น,9/3/2026,เมืองเก่า,เมืองขอนแก่น,ขอนแก่น,,,ไม่ระบุ,รถจักรยานยนต์
2094,2026,,ชาย,Cambodian,ศรีราชา,ชลบุรี,9/3/2026,บางพระ,ศรีราชา,ชลบุรี,,,ไม่ระบุ,รถจักรยานยนต์
2095,2026,48.0,หญิง,Thai,วังเจ้า,ตาก,9/3/2026,นาโบสถ์,กิ่งอำเภอวังเจ้า,ตาก,,,ไม่ระบุ,รถจักรยานยนต์
2096,2026,,ชาย,Burmese,สามร้อยยอด,ประจวบคีรีขันธ์,9/3/2026,หนองตาแต้ม,ปราณบุรี,ประจวบคีรีขันธ์,,,ไม่ระบุ,รถยนต์
2097,2026,,หญิง,Thai,เมืองอุดรธานี,อุดรธานี,9/3/2026,โนนสูง,เมืองอุดรธานี,อุดรธานี,,,ไม่ระบุ,รถจักรยานยนต์
2098,2026,46.0,หญิง,Thai,เขมราฐ,อุบลราชธานี,10/3/2026,หนองผือ,เขมราฐ,อุบลราชธานี,,,ไม่ระบุ,รถจักรยานยนต์
2099,2026,33.0,หญิง,Burmese,บ้านธิ,ลำพูน,11/3/2026,บ้านธิ,บ้านธิ,ลำพูน,99.08998858,18.66057307,ไม่ระบุ,รถจักรยานยนต์
2100,2026,77.0,ชาย,Thai,เมืองสมุทรปราการ,สมุทรปราการ,11/3/2026,สำโรงเหนือ,เมืองสมุทรปราการ,สมุทรปราการ,,,ไม่ระบุ,รถจักรยานยนต์
2101,2026,42.0,ชาย,Burmese,คลองสามวา,กรุงเทพมหานคร,11/3/2026,คลองกุ่ม,เขตบึงกุ่ม,กรุงเทพมหานคร,100.664105,13.810151,ไม่ระบุ,รถจักรยานยนต์
2102,2026,,หญิง,Burmese,เมืองสมุทรสาคร,สมุทรสาคร,11/3/2026,หลักสาม,บ้านแพ้ว,สมุทรสาคร,,,ไม่ระบุ,รถจักรยานยนต์
2103,2026,64.0,ชาย,Thai,ฝาง,เชียงใหม่,11/3/2026,เวียง,ฝาง,เชียงใหม่,,,ไม่ระบุ,ไม่ระบุพาหนะ
2104,2026,27.0,ชาย,Thai,นครชัยศรี,นครปฐม,12/3/2026,ทุ่งครุ,เขตทุ่งครุ,กรุงเทพมหานคร,,,ไม่ระบุ,รถจักรยานยนต์
2105,2026,73.0,ชาย,Thai,เมืองอุดรธานี,อุดรธานี,12/3/2026,หมากแข้ง,เมืองอุดรธานี,อุดรธานี,,,ไม่ระบุ,รถจักรยานยนต์
2106,2026,24.0,ชาย,Thai,เมืองขอนแก่น,ขอนแก่น,12/3/2026,บ้านเป็ด,เมืองขอนแก่น,ขอนแก่น,102.765386,16.434559,ไม่ระบุ,รถจักรยานยนต์
2107,2026,9.0,หญิง,Thai,โคกโพธิ์,ปัตตานี,13/3/2026,โคกโพธิ์,โคกโพธิ์,ปัตตานี,,,ไม่ระบุ,รถยนต์
2108,2026,40.0,ชาย,Burmese,บ้านแพ้ว,สมุทรสาคร,13/3/2026,หลักสาม,บ้านแพ้ว,สมุทรสาคร,,,ไม่ระบุ,ไม่ระบุพาหนะ
2109,2026,54.0,ชาย,Thai,แม่สาย,เชียงราย,13/3/2026,บางคูรัด,บางบัวทอง,นนทบุรี,,,ไม่ระบุ,รถจักรยานยนต์
2110,2026,61.0,หญิง,Thai,ปางมะผ้า,แม่ฮ่องสอน,14/3/2026,ห้วยผา,เมืองแม่ฮ่องสอน,แม่ฮ่องสอน,98.063605,19.499322,ไม่ระบุ,รถยนต์
2111,2026,48.0,ชาย,Thai,ห้วยยอด,ตรัง,15/3/2026,ควนเมา,รัษฎา,ตรัง,,,ไม่ระบุ,รถจักรยานยนต์
2112,2026,,ชาย,Burmese,แม่แตง,เชียงใหม่,15/3/2026,สันมหาพน,แม่แตง,เชียงใหม่,98.94921,19.131377,ไม่ระบุ,รถจักรยานยนต์
2113,2026,31.0,ชาย,Thai,นครไทย,พิษณุโลก,15/3/2026,ท่าสะแก,ชาติตระการ,พิษณุโลก,,,ไม่ระบุ,รถจักรยานยนต์
2114,2026,37.0,ชาย,Burmese,บางบัวทอง,นนทบุรี,15/3/2026,ละหาร,บางบัวทอง,นนทบุรี,,,ไม่ระบุ,รถจักรยานยนต์
2115,2026,66.0,ชาย,Thai,เมืองหนองคาย,หนองคาย,16/3/2026,ค่ายบกหวาน,เมืองหนองคาย,หนองคาย,102.794834,17.780425,ไม่ระบุ,รถจักรยานยนต์
2116,2026,15.0,ชาย,Burmese,เมืองลำพูน,ลำพูน,17/3/2026,วังเงิน,แม่ทะ,ลำปาง,,,ไม่ระบุ,รถจักรยานยนต์
2117,2026,36.0,หญิง,Russian,ถลาง,ภูเก็ต,18/3/2026,ไม้ขาว,ถลาง,ภูเก็ต,,,ไม่ระบุ,ไม่ระบุพาหนะ
2118,2026,48.0,ชาย,Burmese,เมืองสมุทรสาคร,สมุทรสาคร,19/3/2026,บางน้ำจืด,เมืองสมุทรสาคร,สมุทรสาคร,,,ไม่ระบุ,รถจักรยานยนต์
2119,2026,31.0,ชาย,Thai,ภูเขียว,ชัยภูมิ,20/3/2026,บ้านแก้ง,ภูเขียว,ชัยภูมิ,,,ไม่ระบุ,รถจักรยานยนต์
2120,2026,,ชาย,Malaysian,เบตง,ยะลา,20/3/2026,ตาเนาะแมเราะ,เบตง,ยะลา,,,ไม่ระบุ,รถจักรยานยนต์
2121,2026,28.0,ชาย,Burmese,ดอยสะเก็ด,เชียงใหม่,21/3/2026,ป่าแดด,เมืองเชียงใหม่,เชียงใหม่,98.98181,18.740858,ไม่ระบุ,รถจักรยานยนต์
2122,2026,38.0,ชาย,Thai,หนองแสง,อุดรธานี,21/3/2026,แสงสว่าง,หนองแสง,อุดรธานี,102.794233,17.104485,ไม่ระบุ,รถจักรยานยนต์
2123,2026,23.0,หญิง,Thai,เมืองระนอง,ระนอง,22/3/2026,บางริ้น,เมืองระนอง,ระนอง,98.641044,9.958335,ไม่ระบุ,รถจักรยานยนต์
2124,2026,54.0,ชาย,Thai,เมืองอุดรธานี,อุดรธานี,22/3/2026,คลองควาย,สามโคก,ปทุมธานี,,,ไม่ระบุ,รถจักรยานยนต์
2125,2026,,หญิง,Burmese,เขตจตุจักร,กรุงเทพมหานคร,24/3/2026,ลาดยาว,เขตจตุจักร,กรุงเทพมหานคร,100.557741,13.842118,ไม่ระบุ,รถจักรยานยนต์
2126,2026,,ชาย,Thai,ลำปลายมาศ,บุรีรัมย์,24/3/2026,ลาดยาว,เขตจตุจักร,กรุงเทพมหานคร,100.557741,13.842118,ไม่ระบุ,รถจักรยานยนต์
2127,2026,62.0,ชาย,Thai,เมืองอุดรธานี,อุดรธานี,24/3/2026,โคกสะอาด,เมืองอุดรธานี,อุดรธานี,102.6125944,17.38323242,ไม่ระบุ,รถจักรยานยนต์
2128,2026,46.0,ชาย,Thai,เขาฉกรรจ์,สระแก้ว,24/3/2026,พระเพลิง,เขาฉกรรจ์,สระแก้ว,,,ไม่ระบุ,รถจักรยานยนต์
2129,2026,58.0,ชาย,Thai,วังชิ้น,แพร่,25/3/2026,วังชิ้น,วังชิ้น,แพร่,,,ไม่ระบุ,รถจักรยานยนต์
2130,2026,23.0,ชาย,Thai,สะพานสูง,กรุงเทพมหานคร,26/3/2026,สามวาตะวันออก,เขตคลองสามวา,กรุงเทพมหานคร,100.732099,13.893617,ไม่ระบุ,รถจักรยานยนต์
2131,2026,41.0,ชาย,Thai,แม่แจ่ม,เชียงใหม่,26/3/2026,ท่าผา,แม่แจ่ม,เชียงใหม่,,,ไม่ระบุ,รถจักรยานยนต์
2132,2026,49.0,ชาย,Thai,ชุมแพ,ขอนแก่น,27/3/2026,พระลับ,เมืองขอนแก่น,ขอนแก่น,102.883427,16.404952,ไม่ระบุ,รถจักรยานยนต์
2133,2026,25.0,ชาย,Bruneian,เมืองตรัง,ตรัง,27/3/2026,อ่าวนาง,เมืองกระบี่,กระบี่,,,ไม่ระบุ,รถจักรยานยนต์
2134,2026,38.0,ชาย,Burmese,คลองหลวง,ปทุมธานี,27/3/2026,บางนาใต้,เขตบางนา,กรุงเทพมหานคร,,,ไม่ระบุ,รถจักรยานยนต์
2135,2026,,ชาย,Thai,บางพลี,สมุทรปราการ,27/3/2026,บางปลา,บางพลี,สมุทรปราการ,,,ไม่ระบุ,รถจักรยานยนต์
2136,2026,33.0,ชาย,Thai,เวียงป่าเป้า,เชียงราย,27/3/2026,เวียง,เวียงป่าเป้า,เชียงราย,,,ไม่ระบุ,รถจักรยานยนต์
2137,2026,26.0,ชาย,Thai,ศรีมหาโพธิ,ปราจีนบุรี,28/3/2026,ท่าตูม,ศรีมหาโพธิ,ปราจีนบุรี,,,ไม่ระบุ,รถจักรยานยนต์
2138,2026,40.0,หญิง,Thai,ท่าม่วง,กาญจนบุรี,28/3/2026,มวงชุม,ท่าม่วง,กาญจนบุรี,,,ไม่ระบุ,ไม่ระบุพาหนะ
2139,2026,56.0,ชาย,Thai,เมืองระยอง,ระยอง,29/3/2026,ตะพง,เมืองระยอง,ระยอง,,,ไม่ระบุ,รถจักรยานยนต์
2140,2026,18.0,ชาย,Thai,บ่อพลอย,กาญจนบุรี,30/3/2026,บางไผ่,เมืองนนทบุรี,นนทบุรี,,,ไม่ระบุ,รถจักรยานยนต์
2141,2026,6.0,หญิง,Thai,สตึก,บุรีรัมย์,31/3/2026,ท่าม่วง,สตึก,บุรีรัมย์,,,ไม่ระบุ,ไม่ระบุพาหนะ
2142,2026,,ชาย,Thai,พาน,เชียงราย,31/3/2026,สัมปทวน,นครชัยศรี,นครปฐม,,,ไม่ระบุ,รถจักรยานยนต์
2143,2026,29.0,ชาย,Thai,พระสมุทรเจดีย์,สมุทรปราการ,1/1/2026,ในคลองบางปลากด,พระสมุทรเจดีย์,สมุทรปราการ,,,ไม่ระบุ,รถจักรยานยนต์
2144,2026,28.0,ชาย,Thai,ปากช่อง,นครราชสีมา,1/1/2026,จันทึก,ปากช่อง,นครราชสีมา,,,ไม่ระบุ,รถจักรยานยนต์
2145,2026,56.0,ชาย,Thai,บรบือ,มหาสารคาม,1/1/2026,เขาไม้แก้ว,บางละมุง,ชลบุรี,101.0950873,12.96168912,ไม่ระบุ,รถจักรยานยนต์
2146,2026,20.0,หญิง,Latvian,นายายอาม,จันทบุรี,1/1/2026,กระแจะ,นายายอาม,จันทบุรี,,,ไม่ระบุ,รถจักรยานยนต์
2147,2026,,ชาย,Burmese,เมืองระยอง,ระยอง,1/1/2026,แกลง,เมืองระยอง,ระยอง,,,ไม่ระบุ,รถจักรยานยนต์
2148,2026,37.0,ชาย,Burmese,เมืองภูเก็ต,ภูเก็ต,1/1/2026,ฉลอง,เมืองภูเก็ต,ภูเก็ต,98.34839,7.836717,ไม่ระบุ,รถจักรยานยนต์
2149,2026,28.0,ชาย,Thai,กุฉินารายณ์,กาฬสินธุ์,1/1/2026,บัวขาว,กุฉินารายณ์,กาฬสินธุ์,,,ไม่ระบุ,รถจักรยานยนต์
2150,2026,28.0,ชาย,Russian,บางละมุง,ชลบุรี,1/1/2026,หนองปรือ,บางละมุง,ชลบุรี,,,ไม่ระบุ,รถจักรยานยนต์
2151,2026,41.0,ชาย,Burmese,เชียงดาว,เชียงใหม่,1/1/2026,เชียงดาว,เชียงดาว,เชียงใหม่,,,ไม่ระบุ,รถจักรยานยนต์
2152,2026,17.0,หญิง,Thai,เมืองฉะเชิงเทรา,ฉะเชิงเทรา,1/1/2026,กระทุ่มราย,เขตหนองจอก,กรุงเทพมหานคร,,,ไม่ระบุ,รถจักรยานยนต์
2153,2026,58.0,ชาย,Thai,หนองแขม,กรุงเทพมหานคร,1/1/2026,บางจาก,เขตภาษีเจริญ,กรุงเทพมหานคร,,,ไม่ระบุ,รถจักรยานยนต์
2154,2026,67.0,ชาย,Thai,โกสุมพิสัย,มหาสารคาม,1/1/2026,ยางน้อย,โกสุมพิสัย,มหาสารคาม,,,ไม่ระบุ,รถจักรยานยนต์
2155,2026,42.0,หญิง,Burmese,เมืองฉะเชิงเทรา,ฉะเชิงเทรา,1/1/2026,คลองนครเนื่องเขต,เมืองฉะเชิงเทรา,ฉะเชิงเทรา,,,ไม่ระบุ,รถยนต์
2156,2026,33.0,ชาย,Burmese,เขตปทุมวัน,กรุงเทพมหานคร,2/1/2026,ปทุมวัน,เขตปทุมวัน,กรุงเทพมหานคร,,,ไม่ระบุ,ไม่ระบุพาหนะ
2157,2026,28.0,ชาย,Thai,บ้านดุง,อุดรธานี,2/1/2026,ดงเย็น,บ้านดุง,อุดรธานี,,,ไม่ระบุ,รถจักรยานยนต์
2158,2026,43.0,ชาย,Thai,เซกา,บึงกาฬ,2/1/2026,เซกา,เซกา,บึงกาฬ,,,ไม่ระบุ,ไม่ระบุพาหนะ
2159,2026,50.0,ชาย,Thai,เมืองนครปฐม,นครปฐม,2/1/2026,ปากแรต,บ้านโป่ง,ราชบุรี,,,ไม่ระบุ,รถยนต์
2160,2026,26.0,ชาย,Thai,แม่ลาน,ปัตตานี,3/1/2026,ป่าไร่,แม่ลาน,ปัตตานี,,,ไม่ระบุ,รถจักรยานยนต์
2161,2026,64.0,ชาย,Thai,ไพศาลี,นครสวรรค์,3/1/2026,จตุจักร,เขตจตุจักร,กรุงเทพมหานคร,,,ไม่ระบุ,รถจักรยานยนต์
2162,2026,34.0,หญิง,Thai,เมืองฉะเชิงเทรา,ฉะเชิงเทรา,4/1/2026,นราภิรมย์,บางเลน,นครปฐม,,,ไม่ระบุ,ไม่ระบุพาหนะ
2163,2026,61.0,ชาย,Burmese,ดอนสัก,สุราษฎร์ธานี,4/1/2026,ปากแพรก,ดอนสัก,สุราษฎร์ธานี,,,ไม่ระบุ,รถจักรยานยนต์
2164,2026,20.0,ชาย,Burmese,สามพราน,นครปฐม,5/1/2026,ยายชา,สามพราน,นครปฐม,,,ไม่ระบุ,รถจักรยานยนต์
2165,2026,52.0,ชาย,Thai,กงไกรลาศ,สุโขทัย,5/1/2026,บ้านกล้วย,เมืองสุโขทัย,สุโขทัย,,,ไม่ระบุ,รถจักรยานยนต์
2166,2026,65.0,ชาย,Burmese,พร้าว,เชียงใหม่,5/1/2026,แม่แวน,พร้าว,เชียงใหม่,,,ไม่ระบุ,รถจักรยานยนต์
2167,2026,47.0,หญิง,Thai,ทองผาภูมิ,กาญจนบุรี,5/1/2026,ท่าขนุน,ทองผาภูมิ,กาญจนบุรี,98.640592,14.753921,ไม่ระบุ,รถจักรยานยนต์
2168,2026,42.0,หญิง,Thai,ฝาง,เชียงใหม่,5/1/2026,เวียง,ฝาง,เชียงใหม่,99.227023,19.933174,ไม่ระบุ,รถจักรยานยนต์
2169,2026,59.0,ชาย,Thai,บางบอน,กรุงเทพมหานคร,6/1/2026,คลองบางบอน,เขตบางบอน,กรุงเทพมหานคร,,,ไม่ระบุ,รถจักรยานยนต์
2170,2026,53.0,ชาย,French,เกาะสมุย,สุราษฎร์ธานี,7/1/2026,มะเร็ต,เกาะสมุย,สุราษฎร์ธานี,,,ไม่ระบุ,รถยนต์
2171,2026,30.0,ชาย,Thai,ดอนเมือง,กรุงเทพมหานคร,7/1/2026,ดินแดง,เขตห้วยขวาง,กรุงเทพมหานคร,,,ไม่ระบุ,รถจักรยานยนต์
2172,2026,40.0,หญิง,"Lao, Laotian",เมืองชลบุรี,ชลบุรี,7/1/2026,เสม็ด,เมืองชลบุรี,ชลบุรี,,,ไม่ระบุ,รถจักรยานยนต์
2173,2026,42.0,ชาย,Thai,เกาะสมุย,สุราษฎร์ธานี,7/1/2026,แม่น้ำ,เกาะสมุย,สุราษฎร์ธานี,,,ไม่ระบุ,รถจักรยานยนต์
2174,2026,63.0,หญิง,"Lao, Laotian",ศรีเชียงใหม่,หนองคาย,8/1/2026,บ้านหม้อ,ศรีเชียงใหม่,หนองคาย,,,ไม่ระบุ,รถจักรยานยนต์
2175,2026,16.0,ชาย,Thai,เมืองระยอง,ระยอง,9/1/2026,ห้วยโป่ง,เมืองระยอง,ระยอง,,,ไม่ระบุ,รถจักรยานยนต์
2176,2026,50.0,ชาย,Thai,เมืองอุตรดิตถ์,อุตรดิตถ์,9/1/2026,แสนตอ,เมืองอุตรดิตถ์,อุตรดิตถ์,100.3184514,17.66357014,ไม่ระบุ,รถจักรยานยนต์
2177,2026,19.0,ชาย,Thai,บึงกุ่ม,กรุงเทพมหานคร,9/1/2026,ม่อนปิ่น,ฝาง,เชียงใหม่,,,ไม่ระบุ,รถจักรยานยนต์
2178,2026,,ชาย,Thai,พระประแดง,สมุทรปราการ,10/1/2026,ราษฏร์บูรณะ,เขตราษฎร์บูรณะ,กรุงเทพมหานคร,,,ไม่ระบุ,รถจักรยานยนต์
2179,2026,40.0,ชาย,Thai,วชิรบารมี,พิจิตร,10/1/2026,บึงบัว,วชิรบารมี,พิจิตร,100.046597,16.468055,ไม่ระบุ,รถจักรยานยนต์
2180,2026,28.0,หญิง,Thai,เมืองเชียงราย,เชียงราย,11/1/2026,บ้านคลองสวน,พระสมุทรเจดีย์,สมุทรปราการ,,,ไม่ระบุ,รถจักรยานยนต์
2181,2026,29.0,ชาย,Thai,วารินชำราบ,อุบลราชธานี,11/1/2026,ท่าโพธิ์ศรี,เดชอุดม,อุบลราชธานี,,,ไม่ระบุ,รถจักรยานยนต์
2182,2026,,ชาย,"Lao, Laotian",เขตประเวศ,กรุงเทพมหานคร,12/1/2026,ดอกไม้,เขตประเวศ,กรุงเทพมหานคร,,,ไม่ระบุ,รถจักรยานยนต์
2183,2026,34.0,หญิง,Thai,โนนสูง,นครราชสีมา,12/1/2026,ดอนตาล,ดอนตาล,มุกดาหาร,104.909354,16.310416,ไม่ระบุ,รถจักรยานยนต์
2184,2026,69.0,ชาย,Thai,พรรณานิคม,สกลนคร,12/1/2026,นาหัวบ่อ,พรรณานิคม,สกลนคร,,,ไม่ระบุ,รถจักรยานยนต์
2185,2026,24.0,ชาย,Thai,กระสัง,บุรีรัมย์,13/1/2026,กระสัง,กระสัง,บุรีรัมย์,,,ไม่ระบุ,รถจักรยานยนต์
2186,2026,46.0,ชาย,Thai,โนนสะอาด,อุดรธานี,13/1/2026,โพธิ์ศรีสำราญ,โนนสะอาด,อุดรธานี,,,ไม่ระบุ,รถจักรยานยนต์
2187,2026,36.0,ชาย,Burmese,ถลาง,ภูเก็ต,13/1/2026,เชิงทะเล,ถลาง,ภูเก็ต,98.30623,7.993566,ไม่ระบุ,รถจักรยานยนต์
2188,2026,65.0,ชาย,Guyanese,ท่าสองยาง,ตาก,14/1/2026,แม่วะหลวง,ท่าสองยาง,ตาก,,,ไม่ระบุ,รถจักรยานยนต์
2189,2026,50.0,ชาย,Burmese,เมืองสมุทรสาคร,สมุทรสาคร,15/1/2026,ท่าจีน,เมืองสมุทรสาคร,สมุทรสาคร,,,ไม่ระบุ,ไม่ระบุพาหนะ
2190,2026,38.0,ชาย,Burmese,สะเดา,สงขลา,15/1/2026,สะเดา,สะเดา,สงขลา,100.4125637,6.559215455,ไม่ระบุ,รถจักรยานยนต์
2191,2026,39.0,หญิง,Burmese,สะเดา,สงขลา,15/1/2026,สะเดา,สะเดา,สงขลา,100.4125637,6.559215455,ไม่ระบุ,รถจักรยานยนต์
2192,2026,63.0,ชาย,Thai,คลองสามวา,กรุงเทพมหานคร,15/1/2026,สามชุก,สามชุก,สุพรรณบุรี,,,ไม่ระบุ,ไม่ระบุพาหนะ
2193,2026,56.0,ชาย,Thai,เมืองอำนาจเจริญ,อำนาจเจริญ,16/1/2026,โนนหนามแท่ง,เมืองอำนาจเจริญ,อำนาจเจริญ,,,ไม่ระบุ,รถจักรยานยนต์
2194,2026,68.0,หญิง,Thai,นาหม่อม,สงขลา,16/1/2026,นาหม่อม,นาหม่อม,สงขลา,,,ไม่ระบุ,รถจักรยานยนต์
2195,2026,64.0,ชาย,Thai,บางละมุง,ชลบุรี,16/1/2026,บ่อวิน,ศรีราชา,ชลบุรี,101.0282309,13.04398355,ไม่ระบุ,รถจักรยานยนต์
2196,2026,18.0,หญิง,Thai,หลังสวน,ชุมพร,16/1/2026,บ้านควน,หลังสวน,ชุมพร,99.023944,9.858083,ไม่ระบุ,รถจักรยานยนต์
2197,2026,,ชาย,Burmese,ดำเนินสะดวก,ราชบุรี,16/1/2026,ดอนกรวย,ดำเนินสะดวก,ราชบุรี,,,ไม่ระบุ,รถยนต์
2198,2026,66.0,หญิง,Thai,กุดจับ,อุดรธานี,17/1/2026,เชียงเพ็ง,กุดจับ,อุดรธานี,,,ไม่ระบุ,รถจักรยานยนต์
2199,2026,35.0,ชาย,Thai,สามร้อยยอด,ประจวบคีรีขันธ์,17/1/2026,ศิลาลอย,กิ่งอำเภอสามร้อยยอด,ประจวบคีรีขันธ์,,,ไม่ระบุ,รถจักรยานยนต์
2200,2026,23.0,ชาย,Burmese,ดำเนินสะดวก,ราชบุรี,17/1/2026,บ้านไร่,ดำเนินสะดวก,ราชบุรี,,,ไม่ระบุ,รถจักรยานยนต์
2201,2026,33.0,หญิง,Thai,อากาศอำนวย,สกลนคร,18/1/2026,สว่างแดนดิน,สว่างแดนดิน,สกลนคร,,,ไม่ระบุ,รถยนต์
2202,2026,,หญิง,Thai,แกลง,ระยอง,19/1/2026,กระแสบน,แกลง,ระยอง,,,ไม่ระบุ,รถจักรยานยนต์
2203,2026,28.0,ชาย,Burmese,บ้านโพธิ์,ฉะเชิงเทรา,20/1/2026,คลองอุดมชลจร,เมืองฉะเชิงเทรา,ฉะเชิงเทรา,100.91854,13.734868,ไม่ระบุ,รถจักรยานยนต์
2204,2026,48.0,ชาย,Thai,พระสมุทรเจดีย์,สมุทรปราการ,20/1/2026,ในคลองบางปลากด,พระสมุทรเจดีย์,สมุทรปราการ,,,ไม่ระบุ,รถจักรยานยนต์
2205,2026,69.0,ชาย,Thai,ชนแดน,เพชรบูรณ์,20/1/2026,เขาทราย,ทับคล้อ,พิจิตร,100.647479,16.203173,ไม่ระบุ,รถจักรยานยนต์
2206,2026,49.0,ชาย,Thai,เมืองอุดรธานี,อุดรธานี,21/1/2026,บ้านขาว,เมืองอุดรธานี,อุดรธานี,,,ไม่ระบุ,รถจักรยานยนต์
2207,2026,33.0,ชาย,Thai,เมืองอุทัยธานี,อุทัยธานี,21/1/2026,หนองเต่า,เมืองอุทัยธานี,อุทัยธานี,,,ไม่ระบุ,รถจักรยานยนต์
2208,2026,63.0,ชาย,Thai,ไพศาลี,นครสวรรค์,22/1/2026,วังพิกุล,บึงสามพัน,เพชรบูรณ์,101.0083855,15.77146587,ไม่ระบุ,รถจักรยานยนต์
2209,2026,28.0,ชาย,Burmese,เขาย้อย,เพชรบุรี,22/1/2026,ทับคาง,เขาย้อย,เพชรบุรี,,,ไม่ระบุ,รถจักรยานยนต์
2210,2026,43.0,ชาย,Burmese,เมืองชุมพร,ชุมพร,22/1/2026,ถ้ำสิงห์,เมืองชุมพร,ชุมพร,,,ไม่ระบุ,รถจักรยานยนต์
2211,2026,49.0,ชาย,Thai,บางใหญ่,นนทบุรี,23/1/2026,บางน้ำจืด,เมืองสมุทรสาคร,สมุทรสาคร,,,ไม่ระบุ,รถยนต์
2212,2026,40.0,ชาย,Thai,เมืองสกลนคร,สกลนคร,24/1/2026,ธาตุเชิงชุม,เมืองสกลนคร,สกลนคร,,,ไม่ระบุ,รถจักรยานยนต์
2213,2026,,หญิง,Burmese,พระพุทธบาท,สระบุรี,24/1/2026,ธารเกษม,พระพุทธบาท,สระบุรี,,,ไม่ระบุ,รถจักรยานยนต์
2214,2026,,ชาย,Thai,ปักธงชัย,นครราชสีมา,24/1/2026,งิ้ว,ปักธงชัย,นครราชสีมา,,,ไม่ระบุ,รถจักรยานยนต์
2215,2026,21.0,ชาย,Beninese,สามพราน,นครปฐม,25/1/2026,พันท้ายนรสิงห์,เมืองสมุทรสาคร,สมุทรสาคร,,,ไม่ระบุ,รถจักรยานยนต์
2216,2026,67.0,ชาย,Thai,สระใคร,หนองคาย,25/1/2026,คอกช้าง,กิ่งอำเภอสระใคร,หนองคาย,,,ไม่ระบุ,ไม่ระบุพาหนะ
2217,2026,23.0,ชาย,Burmese,สันทราย,เชียงใหม่,25/1/2026,สันป่าเป้า,สันทราย,เชียงใหม่,99.093147,18.867055,ไม่ระบุ,รถจักรยานยนต์
2218,2026,57.0,ชาย,Thai,เมืองนครปฐม,นครปฐม,26/1/2026,กรับใหญ่,บ้านโป่ง,ราชบุรี,99.90659215,13.92696662,ไม่ระบุ,รถจักรยานยนต์
2219,2026,49.0,ชาย,Thai,พยุหะคีรี,นครสวรรค์,26/1/2026,เขากะลา,พยุหะคีรี,นครสวรรค์,,,ไม่ระบุ,รถจักรยานยนต์
2220,2026,66.0,หญิง,Thai,วัดสิงห์,ชัยนาท,26/1/2026,มะขามเฒ่า,วัดสิงห์,ชัยนาท,100.047155,15.215995,ไม่ระบุ,รถจักรยานยนต์
2221,2026,60.0,หญิง,Burmese,แม่สาย,เชียงราย,26/1/2026,โป่งผา,แม่สาย,เชียงราย,99.885052,20.3645,ไม่ระบุ,รถยนต์
2222,2026,35.0,ชาย,Thai,บึงกุ่ม,กรุงเทพมหานคร,27/1/2026,สำโรงใต้,พระประแดง,สมุทรปราการ,100.550294,13.639466,ไม่ระบุ,รถจักรยานยนต์
2223,2026,24.0,ชาย,Turkish/Turk,กะทู้,ภูเก็ต,28/1/2026,ป่าตอง,กะทู้,ภูเก็ต,98.2860513,7.8704648,ไม่ระบุ,รถจักรยานยนต์
2224,2026,57.0,ชาย,Thai,เมืองอุดรธานี,อุดรธานี,28/1/2026,นาข่า,เมืองอุดรธานี,อุดรธานี,,,ไม่ระบุ,รถจักรยานยนต์
2225,2026,53.0,ชาย,Thai,เมืองอุดรธานี,อุดรธานี,30/1/2026,หนองนาดำ,เมืองอุดรธานี,อุดรธานี,102.8967523,17.30679036,ไม่ระบุ,รถจักรยานยนต์
2226,2026,,ชาย,Thai,ห้วยยอด,ตรัง,31/1/2026,บางดี,ห้วยยอด,ตรัง,,,ไม่ระบุ,รถจักรยานยนต์
2227,2026,51.0,ชาย,Thai,กุดจับ,อุดรธานี,1/2/2026,เชียงยืน,เมืองอุดรธานี,อุดรธานี,,,ไม่ระบุ,รถจักรยานยนต์
2228,2026,65.0,ชาย,Thai,เกาะคา,ลำปาง,1/2/2026,ไหล่หิน,เกาะคา,ลำปาง,,,ไม่ระบุ,รถจักรยานยนต์
2229,2026,45.0,ชาย,Thai,หัวไทร,นครศรีธรรมราช,2/2/2026,ป่าบอน,ป่าบอน,พัทลุง,100.162824,7.327469,ไม่ระบุ,รถจักรยานยนต์
2230,2026,52.0,ชาย,Israeli,เกาะสมุย,สุราษฎร์ธานี,3/2/2026,แม่น้ำ,เกาะสมุย,สุราษฎร์ธานี,,,ไม่ระบุ,รถจักรยานยนต์
2231,2026,,ชาย,Cambodian,เขตตลิ่งชัน,กรุงเทพมหานคร,3/2/2026,บางระมาด,เขตตลิ่งชัน,กรุงเทพมหานคร,,,ไม่ระบุ,รถจักรยานยนต์
2232,2026,,ชาย,Thai,ห้วยยอด,ตรัง,3/2/2026,ห้วยนาง,ห้วยยอด,ตรัง,,,ไม่ระบุ,รถจักรยานยนต์
2233,2026,11.0,หญิง,Burmese,บ้านธิ,ลำพูน,3/2/2026,ห้วยยาบ,บ้านธิ,ลำพูน,,,ไม่ระบุ,รถจักรยานยนต์
2234,2026,67.0,ชาย,Thai,เมืองอุดรธานี,อุดรธานี,5/2/2026,นาข่า,เมืองอุดรธานี,อุดรธานี,,,ไม่ระบุ,รถยนต์
2235,2026,47.0,ชาย,Thai,สันทราย,เชียงใหม่,5/2/2026,หนองจ๊อม,สันทราย,เชียงใหม่,,,ไม่ระบุ,รถยนต์
2236,2026,22.0,ชาย,Thai,เมืองเลย,เลย,6/2/2026,กุดป่อง,เมืองเลย,เลย,101.8363333,17.45280833,ไม่ระบุ,รถจักรยานยนต์
2237,2026,,ชาย,Thai,เขตบางกอกน้อย,กรุงเทพมหานคร,6/2/2026,บางขุนศรี,เขตบางกอกน้อย,กรุงเทพมหานคร,,,ไม่ระบุ,รถจักรยานยนต์
2238,2026,75.0,ชาย,Australian,บางละมุง,ชลบุรี,6/2/2026,ปลวกแดง,ปลวกแดง,ระยอง,101.2533625,12.99912995,ไม่ระบุ,รถจักรยานยนต์
2239,2026,53.0,ชาย,Thai,โพธาราม,ราชบุรี,6/2/2026,ธรรมเสน,โพธาราม,ราชบุรี,,,ไม่ระบุ,รถจักรยานยนต์
2240,2026,58.0,ชาย,Thai,โนนไทย,นครราชสีมา,7/2/2026,บัลลังก์,โนนไทย,นครราชสีมา,101.88418,15.21279,ไม่ระบุ,รถจักรยานยนต์
2241,2026,33.0,ชาย,Bahamian,บางกอกน้อย,กรุงเทพมหานคร,8/2/2026,คลองตัน,เขตคลองเตย,กรุงเทพมหานคร,,,ไม่ระบุ,รถจักรยานยนต์
2242,2026,52.0,ชาย,Thai,บ้านไร่,อุทัยธานี,8/2/2026,คอกควาย,บ้านไร่,อุทัยธานี,,,ไม่ระบุ,รถยนต์
2243,2026,29.0,หญิง,Burmese,เมืองเพชรบุรี,เพชรบุรี,9/2/2026,ต้นมะพร้าว,เมืองเพชรบุรี,เพชรบุรี,,,ไม่ระบุ,รถจักรยานยนต์
2244,2026,35.0,ชาย,Burmese,เมืองสมุทรปราการ,สมุทรปราการ,9/2/2026,บางเมืองใหม่,เมืองสมุทรปราการ,สมุทรปราการ,,,ไม่ระบุ,รถจักรยานยนต์
2245,2026,27.0,ชาย,Kazakhstani,ถลาง,ภูเก็ต,9/2/2026,เชิงทะเล,ถลาง,ภูเก็ต,,,ไม่ระบุ,รถจักรยานยนต์
2246,2026,,ชาย,"Lao, Laotian",เมืองสมุทรสาคร,สมุทรสาคร,9/2/2026,โคกขาม,เมืองสมุทรสาคร,สมุทรสาคร,100.320032,13.56514,ไม่ระบุ,รถจักรยานยนต์
2247,2026,48.0,หญิง,Burmese,ปากท่อ,ราชบุรี,10/2/2026,ห้วยยางโทน,ปากท่อ,ราชบุรี,,,ไม่ระบุ,ไม่ระบุพาหนะ
2248,2026,44.0,หญิง,Cambodian,ปากท่อ,ราชบุรี,10/2/2026,ห้วยยางโทน,ปากท่อ,ราชบุรี,,,ไม่ระบุ,ไม่ระบุพาหนะ
2249,2026,74.0,หญิง,Thai,คำชะอี,มุกดาหาร,11/2/2026,คำบก,คำชะอี,มุกดาหาร,,,ไม่ระบุ,รถจักรยานยนต์
2250,2026,42.0,ชาย,Thai,แม่แตง,เชียงใหม่,11/2/2026,สันมหาพน,แม่แตง,เชียงใหม่,98.920192,19.114934,ไม่ระบุ,รถจักรยานยนต์
2251,2026,55.0,ชาย,Thai,พิบูลมังสาหาร,อุบลราชธานี,14/2/2026,คันไร่,สิรินธร,อุบลราชธานี,,,ไม่ระบุ,รถจักรยานยนต์
2252,2026,52.0,หญิง,Burmese,เมืองชลบุรี,ชลบุรี,15/2/2026,แสนสุข,เมืองชลบุรี,ชลบุรี,,,ไม่ระบุ,รถจักรยานยนต์
2253,2026,31.0,ชาย,Thai,สวนผึ้ง,ราชบุรี,15/2/2026,สวนผึ้ง,สวนผึ้ง,ราชบุรี,,,ไม่ระบุ,รถจักรยานยนต์
2254,2026,18.0,หญิง,Thai,ทองผาภูมิ,กาญจนบุรี,16/2/2026,ท่าขนุน,ทองผาภูมิ,กาญจนบุรี,98.63806,14.753755,ไม่ระบุ,รถจักรยานยนต์
2255,2026,60.0,หญิง,Burmese,เมืองกาญจนบุรี,กาญจนบุรี,16/2/2026,ปากแพรก,เมืองกาญจนบุรี,กาญจนบุรี,,,ไม่ระบุ,รถจักรยานยนต์
2256,2026,38.0,ชาย,Finnish/Finn,ปะเหลียน,ตรัง,17/2/2026,กันตังใต้,กันตัง,ตรัง,,,ไม่ระบุ,รถจักรยานยนต์
2257,2026,39.0,หญิง,Burmese,บางพลี,สมุทรปราการ,18/2/2026,หนองปรือ,บางพลี,สมุทรปราการ,,,ไม่ระบุ,รถจักรยานยนต์
2258,2026,,ชาย,Burmese,ฝาง,เชียงใหม่,18/2/2026,แม่งอน,ฝาง,เชียงใหม่,,,ไม่ระบุ,รถจักรยานยนต์
2259,2026,48.0,ชาย,Thai,บางเขน,กรุงเทพมหานคร,19/2/2026,สามวาตะวันออก,เขตคลองสามวา,กรุงเทพมหานคร,100.731867,13.885195,ไม่ระบุ,รถจักรยานยนต์
2260,2026,21.0,หญิง,Thai,เดิมบางนางบวช,สุพรรณบุรี,19/2/2026,บางขุด,สรรคบุรี,ชัยนาท,,,ไม่ระบุ,รถจักรยานยนต์
2261,2026,2.0,ชาย,Thai,ชะอวด,นครศรีธรรมราช,20/2/2026,ชัยเกษม,บางสะพาน,ประจวบคีรีขันธ์,,,ไม่ระบุ,รถยนต์
2262,2026,46.0,ชาย,Burmese,เมืองสุราษฎร์ธานี,สุราษฎร์ธานี,20/2/2026,ท่าทองใหม่,กาญจนดิษฐ์,สุราษฎร์ธานี,,,ไม่ระบุ,รถจักรยานยนต์
2263,2026,63.0,หญิง,Thai,ท่าแซะ,ชุมพร,21/2/2026,ท่าแซะ,ท่าแซะ,ชุมพร,,,ไม่ระบุ,รถยนต์
2264,2026,43.0,ชาย,Thai,น้ำปาด,อุตรดิตถ์,22/2/2026,ทัพหลวง,บ้านไร่,อุทัยธานี,,,ไม่ระบุ,รถจักรยานยนต์
2265,2026,22.0,หญิง,Thai,สรรคบุรี,ชัยนาท,22/2/2026,ห้วยกรด,สรรคบุรี,ชัยนาท,,,ไม่ระบุ,ไม่ระบุพาหนะ
2266,2026,,ชาย,Thai,นากลาง,หนองบัวลำภู,22/2/2026,นากลาง,นากลาง,หนองบัวลำภู,,,ไม่ระบุ,ไม่ระบุพาหนะ
2267,2026,59.0,ชาย,Thai,พรานกระต่าย,กำแพงเพชร,22/2/2026,วังตะแบก,พรานกระต่าย,กำแพงเพชร,99.669438,16.717381,ไม่ระบุ,รถจักรยานยนต์
2268,2026,42.0,ชาย,Burmese,บ้านแพ้ว,สมุทรสาคร,23/2/2026,หลักสาม,บ้านแพ้ว,สมุทรสาคร,,,ไม่ระบุ,รถจักรยานยนต์
2269,2026,,ชาย,Thai,กิ่งอำเภอบางเสาธง,สมุทรปราการ,23/2/2026,บางเสาธง,กิ่งอำเภอบางเสาธง,สมุทรปราการ,,,ไม่ระบุ,รถจักรยานยนต์
2270,2026,45.0,หญิง,Burmese,สวี,ชุมพร,24/2/2026,ครน,สวี,ชุมพร,,,ไม่ระบุ,รถจักรยานยนต์
2271,2026,24.0,ชาย,Thai,วังสามหมอ,อุดรธานี,26/2/2026,คำโคกสูง,วังสามหมอ,อุดรธานี,,,ไม่ระบุ,รถจักรยานยนต์
2272,2026,56.0,ชาย,Thai,หัวตะพาน,อำนาจเจริญ,26/2/2026,หนองแก้ว,หัวตะพาน,อำนาจเจริญ,,,ไม่ระบุ,รถบรรทุกหนัก
2273,2026,38.0,ชาย,Burmese,พบพระ,ตาก,27/2/2026,วาเล่ย์,พบพระ,ตาก,,,ไม่ระบุ,รถจักรยานยนต์
2274,2026,54.0,หญิง,Thai,คำตากล้า,สกลนคร,27/2/2026,นาแต้,คำตากล้า,สกลนคร,,,ไม่ระบุ,ไม่ระบุพาหนะ
2275,2026,20.0,ชาย,Burmese,เมืองสมุทรสาคร,สมุทรสาคร,28/2/2026,นาโคก,เมืองสมุทรสาคร,สมุทรสาคร,,,ไม่ระบุ,รถจักรยานยนต์
2276,2026,64.0,ชาย,Thai,หนองหญ้าปล้อง,เพชรบุรี,28/2/2026,ยางหัก,ปากท่อ,ราชบุรี,99.567348,13.293165,ไม่ระบุ,รถจักรยานยนต์
2277,2026,76.0,ชาย,Norwegian,ขามสะแกแสง,นครราชสีมา,1/3/2026,หัวหิน,หัวหิน,ประจวบคีรีขันธ์,,,ไม่ระบุ,รถจักรยานยนต์
2278,2026,32.0,ชาย,Thai,ดำเนินสะดวก,ราชบุรี,1/3/2026,แพงพวย,ดำเนินสะดวก,ราชบุรี,99.929745,13.570468,ไม่ระบุ,รถจักรยานยนต์
2279,2026,,ชาย,Thai,รัตภูมิ,สงขลา,1/3/2026,กำแพงเพชร,รัตภูมิ,สงขลา,,,ไม่ระบุ,รถจักรยานยนต์
2280,2026,48.0,ชาย,Thai,เขตบางแค,กรุงเทพมหานคร,1/3/2026,บางแค,เขตบางแค,กรุงเทพมหานคร,,,ไม่ระบุ,รถจักรยานยนต์
2281,2026,19.0,ชาย,Thai,เพ็ญ,อุดรธานี,1/3/2026,สร้างแป้น,เพ็ญ,อุดรธานี,102.788239,17.627816,ไม่ระบุ,รถจักรยานยนต์
2282,2026,,ชาย,Thai,ศรีบุญเรือง,หนองบัวลำภู,1/3/2026,โนนสะอาด,ศรีบุญเรือง,หนองบัวลำภู,,,ไม่ระบุ,รถยนต์
2283,2026,25.0,ชาย,Burmese,ฝาง,เชียงใหม่,1/3/2026,ท่าวังพร้าว,สันป่าตอง,เชียงใหม่,98.865884,18.528949,ไม่ระบุ,รถจักรยานยนต์
2284,2026,25.0,ชาย,Thai,ฮอด,เชียงใหม่,1/3/2026,สวนหลวง,กระทุ่มแบน,สมุทรสาคร,100.314902,13.646486,ไม่ระบุ,รถจักรยานยนต์
2285,2026,34.0,ชาย,"Lao, Laotian",ยานนาวา,กรุงเทพมหานคร,1/3/2026,มหาสวัสดิ์,บางกรวย,นนทบุรี,,,ไม่ระบุ,รถจักรยานยนต์
2286,2026,26.0,ชาย,Thai,กุฉินารายณ์,กาฬสินธุ์,20/3/2026,คูคต,ลำลูกกา,ปทุมธานี,,,ไม่ระบุ,รถจักรยานยนต์
2287,2026,66.0,ชาย,Algerian,เมืองนครราชสีมา,นครราชสีมา,8/1/2026,อุดมทรัพย์,วังน้ำเขียว,นครราชสีมา,,,ไม่ระบุ,รถจักรยานยนต์
2288,2026,45.0,ชาย,ไม่ระบุ,สังขะ,สุรินทร์,31/3/2026,ไม่ระบุ,สังขะ,สุรินทร์,,,ไม่ระบุ,ไม่ระบุพาหนะ
2289,2026,73.0,ชาย,ไม่ระบุ,เมืองขอนแก่น,ขอนแก่น,1/1/2026,ไม่ระบุ,เมืองขอนแก่น,ขอนแก่น,,,ไม่ระบุ,ไม่ระบุพาหนะ
2290,2026,22.0,ชาย,ไม่ระบุ,สองพี่น้อง,สุพรรณบุรี,1/1/2026,ไม่ระบุ,สองพี่น้อง,สุพรรณบุรี,,,ไม่ระบุ,ไม่ระบุพาหนะ
2291,2026,72.0,ชาย,ไม่ระบุ,ประโคนชัย,บุรีรัมย์,1/1/2026,ไม่ระบุ,ประโคนชัย,บุรีรัมย์,,,ไม่ระบุ,รถจักรยานยนต์
2292,2026,43.0,หญิง,ไม่ระบุ,แคนดง,บุรีรัมย์,2/1/2026,ไม่ระบุ,แคนดง,บุรีรัมย์,,,ไม่ระบุ,ไม่ระบุพาหนะ
2293,2026,,หญิง,ไม่ระบุ,บางพลี,สมุทรปราการ,3/1/2026,ไม่ระบุ,บางพลี,สมุทรปราการ,,,ไม่ระบุ,รถจักรยานยนต์
2294,2026,,ชาย,ไม่ระบุ,บัวใหญ่,นครราชสีมา,3/1/2026,ไม่ระบุ,บัวใหญ่,นครราชสีมา,,,ไม่ระบุ,รถจักรยานยนต์
2295,2026,16.0,ชาย,ไม่ระบุ,ทุ่งสง,นครศรีธรรมราช,5/1/2026,ไม่ระบุ,ทุ่งสง,นครศรีธรรมราช,,,ไม่ระบุ,รถจักรยานยนต์
2296,2026,,ชาย,ไม่ระบุ,บางเขน,กรุงเทพมหานคร,5/1/2026,ไม่ระบุ,บางเขน,กรุงเทพมหานคร,,,ไม่ระบุ,ไม่ระบุพาหนะ
2297,2026,49.0,ชาย,ไม่ระบุ,พร้าว,เชียงใหม่,5/1/2026,ไม่ระบุ,พร้าว,เชียงใหม่,,,ไม่ระบุ,รถจักรยานยนต์
2298,2026,,หญิง,ไม่ระบุ,บึงกาฬ,บึงกาฬ,6/1/2026,ไม่ระบุ,บึงกาฬ,บึงกาฬ,,,ไม่ระบุ,ไม่ระบุพาหนะ
2299,2026,42.0,หญิง,ไม่ระบุ,ศรีบุญเรือง,หนองบัวลำภู,6/1/2026,ไม่ระบุ,ศรีบุญเรือง,หนองบัวลำภู,,,ไม่ระบุ,ไม่ระบุพาหนะ
2300,2026,,หญิง,ไม่ระบุ,บึงกาฬ,บึงกาฬ,6/1/2026,ไม่ระบุ,บึงกาฬ,บึงกาฬ,,,ไม่ระบุ,ไม่ระบุพาหนะ
2301,2026,66.0,ชาย,ไม่ระบุ,เชียงของ,เชียงราย,6/1/2026,ไม่ระบุ,เชียงของ,เชียงราย,,,ไม่ระบุ,ไม่ระบุพาหนะ
2302,2026,,ชาย,ไม่ระบุ,เมืองอุตรดิตถ์,อุตรดิตถ์,6/1/2026,ไม่ระบุ,เมืองอุตรดิตถ์,อุตรดิตถ์,,,ไม่ระบุ,ไม่ระบุพาหนะ
2303,2026,36.0,ชาย,ไม่ระบุ,แม่สรวย,เชียงราย,7/1/2026,ไม่ระบุ,แม่สรวย,เชียงราย,,,ไม่ระบุ,ไม่ระบุพาหนะ
2304,2026,52.0,ชาย,ไม่ระบุ,ไชยวาน,อุดรธานี,7/1/2026,ไม่ระบุ,ไชยวาน,อุดรธานี,,,ไม่ระบุ,ไม่ระบุพาหนะ
2305,2026,,หญิง,ไม่ระบุ,พนา,อำนาจเจริญ,8/1/2026,ไม่ระบุ,พนา,อำนาจเจริญ,,,ไม่ระบุ,ไม่ระบุพาหนะ
2306,2026,,หญิง,ไม่ระบุ,พนา,อำนาจเจริญ,8/1/2026,ไม่ระบุ,พนา,อำนาจเจริญ,,,ไม่ระบุ,ไม่ระบุพาหนะ
2307,2026,19.0,ชาย,ไม่ระบุ,เสริมงาม,ลำปาง,8/1/2026,ไม่ระบุ,เสริมงาม,ลำปาง,,,ไม่ระบุ,รถจักรยานยนต์
2308,2026,,ชาย,ไม่ระบุ,เมืองสตูล,สตูล,8/1/2026,ไม่ระบุ,เมืองสตูล,สตูล,,,ไม่ระบุ,รถจักรยานยนต์
2309,2026,57.0,หญิง,ไม่ระบุ,แม่สอด,ตาก,9/1/2026,ไม่ระบุ,แม่สอด,ตาก,,,ไม่ระบุ,รถจักรยานยนต์
2310,2026,15.0,ชาย,ไม่ระบุ,แม่สะเรียง,แม่ฮ่องสอน,9/1/2026,ไม่ระบุ,แม่สะเรียง,แม่ฮ่องสอน,,,ไม่ระบุ,รถจักรยานยนต์
2311,2026,,ชาย,ไม่ระบุ,กุมภวาปี,อุดรธานี,9/1/2026,ไม่ระบุ,กุมภวาปี,อุดรธานี,,,ไม่ระบุ,ไม่ระบุพาหนะ
2312,2026,64.0,ชาย,ไม่ระบุ,หนองจอก,กรุงเทพมหานคร,9/1/2026,ไม่ระบุ,หนองจอก,กรุงเทพมหานคร,,,ไม่ระบุ,ไม่ระบุพาหนะ
2313,2026,19.0,หญิง,ไม่ระบุ,แม่ระมาด,ตาก,10/1/2026,ไม่ระบุ,แม่ระมาด,ตาก,,,ไม่ระบุ,ไม่ระบุพาหนะ
2314,2026,48.0,หญิง,ไม่ระบุ,หนองหาน,อุดรธานี,10/1/2026,ไม่ระบุ,หนองหาน,อุดรธานี,,,ไม่ระบุ,รถจักรยานยนต์
2315,2026,71.0,ชาย,ไม่ระบุ,เกษตรวิสัย,ร้อยเอ็ด,10/1/2026,ไม่ระบุ,เกษตรวิสัย,ร้อยเอ็ด,,,ไม่ระบุ,รถจักรยานยนต์
2316,2026,81.0,ชาย,ไม่ระบุ,บึงกาฬ,บึงกาฬ,10/1/2026,ไม่ระบุ,บึงกาฬ,บึงกาฬ,,,ไม่ระบุ,ไม่ระบุพาหนะ
2317,2026,31.0,ชาย,ไม่ระบุ,แม่ระมาด,ตาก,10/1/2026,ไม่ระบุ,แม่ระมาด,ตาก,,,ไม่ระบุ,ไม่ระบุพาหนะ
2318,2026,39.0,ชาย,ไม่ระบุ,แม่ระมาด,ตาก,10/1/2026,ไม่ระบุ,แม่ระมาด,ตาก,,,ไม่ระบุ,ไม่ระบุพาหนะ
2319,2026,20.0,ชาย,ไม่ระบุ,แม่แตง,เชียงใหม่,11/1/2026,ไม่ระบุ,แม่แตง,เชียงใหม่,,,ไม่ระบุ,ไม่ระบุพาหนะ
2320,2026,32.0,ชาย,ไม่ระบุ,หนองเสือ,ปทุมธานี,12/1/2026,ไม่ระบุ,หนองเสือ,ปทุมธานี,,,ไม่ระบุ,รถจักรยานยนต์
2321,2026,72.0,ชาย,ไม่ระบุ,พระนครศรีอยุธยา,พระนครศรีอยุธยา,12/1/2026,ไม่ระบุ,พระนครศรีอยุธยา,พระนครศรีอยุธยา,,,ไม่ระบุ,ไม่ระบุพาหนะ
2322,2026,53.0,หญิง,ไม่ระบุ,หางดง,เชียงใหม่,13/1/2026,ไม่ระบุ,หางดง,เชียงใหม่,,,ไม่ระบุ,ไม่ระบุพาหนะ
2323,2026,72.0,ชาย,ไม่ระบุ,เมืองน่าน,น่าน,13/1/2026,ไม่ระบุ,เมืองน่าน,น่าน,,,ไม่ระบุ,ไม่ระบุพาหนะ
2324,2026,39.0,หญิง,ไม่ระบุ,ปักธงชัย,นครราชสีมา,14/1/2026,ไม่ระบุ,ปักธงชัย,นครราชสีมา,,,ไม่ระบุ,รถจักรยานยนต์
2325,2026,42.0,ชาย,ไม่ระบุ,ชัยบาดาล,ลพบุรี,15/1/2026,ไม่ระบุ,ชัยบาดาล,ลพบุรี,,,ไม่ระบุ,ไม่ระบุพาหนะ
2326,2026,28.0,หญิง,ไม่ระบุ,คลองหาด,สระแก้ว,18/1/2026,ไม่ระบุ,คลองหาด,สระแก้ว,,,ไม่ระบุ,รถยนต์
2327,2026,36.0,หญิง,ไม่ระบุ,คลองหาด,สระแก้ว,18/1/2026,ไม่ระบุ,คลองหาด,สระแก้ว,,,ไม่ระบุ,รถยนต์
2328,2026,57.0,ชาย,ไม่ระบุ,ปะนาเระ,ปัตตานี,18/1/2026,ไม่ระบุ,ปะนาเระ,ปัตตานี,,,ไม่ระบุ,ไม่ระบุพาหนะ
2329,2026,68.0,ชาย,ไม่ระบุ,สันทราย,เชียงใหม่,18/1/2026,ไม่ระบุ,สันทราย,เชียงใหม่,,,ไม่ระบุ,ไม่ระบุพาหนะ
2330,2026,,ชาย,ไม่ระบุ,เมืองปัตตานี,ปัตตานี,18/1/2026,ไม่ระบุ,เมืองปัตตานี,ปัตตานี,,,ไม่ระบุ,ไม่ระบุพาหนะ
2331,2026,,ชาย,ไม่ระบุ,พาน,เชียงราย,18/1/2026,ไม่ระบุ,พาน,เชียงราย,,,ไม่ระบุ,ไม่ระบุพาหนะ
2332,2026,70.0,ชาย,ไม่ระบุ,โกรกพระ,นครสวรรค์,19/1/2026,ไม่ระบุ,โกรกพระ,นครสวรรค์,,,ไม่ระบุ,ไม่ระบุพาหนะ
2333,2026,28.0,ชาย,ไม่ระบุ,สอง,แพร่,19/1/2026,ไม่ระบุ,สอง,แพร่,,,ไม่ระบุ,ไม่ระบุพาหนะ
2334,2026,57.0,ชาย,ไม่ระบุ,ปากท่อ,ราชบุรี,19/1/2026,ไม่ระบุ,ปากท่อ,ราชบุรี,,,ไม่ระบุ,ไม่ระบุพาหนะ
2335,2026,44.0,ชาย,ไม่ระบุ,สอง,แพร่,19/1/2026,ไม่ระบุ,สอง,แพร่,,,ไม่ระบุ,ไม่ระบุพาหนะ
2336,2026,64.0,ชาย,ไม่ระบุ,สอง,แพร่,19/1/2026,ไม่ระบุ,สอง,แพร่,,,ไม่ระบุ,ไม่ระบุพาหนะ
2337,2026,,ชาย,ไม่ระบุ,เมืองเชียงใหม่,เชียงใหม่,21/1/2026,ไม่ระบุ,เมืองเชียงใหม่,เชียงใหม่,,,ไม่ระบุ,ไม่ระบุพาหนะ
2338,2026,26.0,ชาย,ไม่ระบุ,เมืองอุดรธานี,อุดรธานี,21/1/2026,ไม่ระบุ,เมืองอุดรธานี,อุดรธานี,,,ไม่ระบุ,ไม่ระบุพาหนะ
2339,2026,66.0,ชาย,ไม่ระบุ,เมืองนครพนม,นครพนม,21/1/2026,ไม่ระบุ,เมืองนครพนม,นครพนม,,,ไม่ระบุ,ไม่ระบุพาหนะ
2340,2026,63.0,หญิง,ไม่ระบุ,ดอนตูม,นครปฐม,22/1/2026,ไม่ระบุ,ดอนตูม,นครปฐม,,,ไม่ระบุ,รถจักรยานยนต์
2341,2026,57.0,ชาย,ไม่ระบุ,เวียงสา,น่าน,22/1/2026,ไม่ระบุ,เวียงสา,น่าน,,,ไม่ระบุ,รถจักรยานยนต์
2342,2026,,ชาย,ไม่ระบุ,ท่าสองยาง,ตาก,22/1/2026,ไม่ระบุ,ท่าสองยาง,ตาก,,,ไม่ระบุ,ไม่ระบุพาหนะ
2343,2026,53.0,ชาย,ไม่ระบุ,บางน้ำเปรี้ยว,ฉะเชิงเทรา,22/1/2026,ไม่ระบุ,บางน้ำเปรี้ยว,ฉะเชิงเทรา,,,ไม่ระบุ,ไม่ระบุพาหนะ
2344,2026,48.0,ชาย,ไม่ระบุ,สามเงา,ตาก,22/1/2026,ไม่ระบุ,สามเงา,ตาก,,,ไม่ระบุ,รถบรรทุกหนัก
2345,2026,32.0,ชาย,ไม่ระบุ,พรานกระต่าย,กำแพงเพชร,22/1/2026,ไม่ระบุ,พรานกระต่าย,กำแพงเพชร,,,ไม่ระบุ,ไม่ระบุพาหนะ
2346,2026,33.0,ชาย,ไม่ระบุ,เมืองนครพนม,นครพนม,22/1/2026,ไม่ระบุ,เมืองนครพนม,นครพนม,,,ไม่ระบุ,ไม่ระบุพาหนะ
2347,2026,32.0,ชาย,ไม่ระบุ,พรานกระต่าย,กำแพงเพชร,22/1/2026,ไม่ระบุ,พรานกระต่าย,กำแพงเพชร,,,ไม่ระบุ,ไม่ระบุพาหนะ
2348,2026,,ชาย,ไม่ระบุ,ลาดหลุมแก้ว,ปทุมธานี,23/1/2026,ไม่ระบุ,ลาดหลุมแก้ว,ปทุมธานี,,,ไม่ระบุ,รถจักรยานยนต์
2349,2026,32.0,หญิง,ไม่ระบุ,โนนแดง,นครราชสีมา,24/1/2026,ไม่ระบุ,โนนแดง,นครราชสีมา,,,ไม่ระบุ,รถบรรทุกขนาดเล็ก/รถตู้
2350,2026,28.0,ชาย,ไม่ระบุ,โนนแดง,นครราชสีมา,24/1/2026,ไม่ระบุ,โนนแดง,นครราชสีมา,,,ไม่ระบุ,รถบรรทุกขนาดเล็ก/รถตู้
2351,2026,,ชาย,ไม่ระบุ,เมืองนครนายก,นครนายก,24/1/2026,ไม่ระบุ,เมืองนครนายก,นครนายก,,,ไม่ระบุ,ไม่ระบุพาหนะ
2352,2026,,ชาย,ไม่ระบุ,ด่านขุนทด,นครราชสีมา,24/1/2026,ไม่ระบุ,ด่านขุนทด,นครราชสีมา,,,ไม่ระบุ,ไม่ระบุพาหนะ
2353,2026,,ชาย,ไม่ระบุ,เมืองอำนาจเจริญ,อำนาจเจริญ,25/1/2026,ไม่ระบุ,เมืองอำนาจเจริญ,อำนาจเจริญ,,,ไม่ระบุ,รถจักรยานยนต์
2354,2026,70.0,ชาย,ไม่ระบุ,ถลาง,ภูเก็ต,25/1/2026,ไม่ระบุ,ถลาง,ภูเก็ต,,,ไม่ระบุ,ไม่ระบุพาหนะ
2355,2026,76.0,ชาย,ไม่ระบุ,ฝาง,เชียงใหม่,26/1/2026,ไม่ระบุ,ฝาง,เชียงใหม่,,,ไม่ระบุ,ไม่ระบุพาหนะ
2356,2026,,ชาย,ไม่ระบุ,ตะกั่วทุ่ง,พังงา,27/1/2026,ไม่ระบุ,ตะกั่วทุ่ง,พังงา,,,ไม่ระบุ,ไม่ระบุพาหนะ
2357,2026,70.0,ชาย,ไม่ระบุ,ปากชม,เลย,27/1/2026,ไม่ระบุ,ปากชม,เลย,,,ไม่ระบุ,รถจักรยานยนต์
2358,2026,54.0,ชาย,ไม่ระบุ,สตึก,บุรีรัมย์,28/1/2026,ไม่ระบุ,สตึก,บุรีรัมย์,,,ไม่ระบุ,ไม่ระบุพาหนะ
2359,2026,,ชาย,ไม่ระบุ,บางละมุง,ชลบุรี,29/1/2026,ไม่ระบุ,บางละมุง,ชลบุรี,,,ไม่ระบุ,ไม่ระบุพาหนะ
2360,2026,26.0,ชาย,ไม่ระบุ,เชียงดาว,เชียงใหม่,29/1/2026,ไม่ระบุ,เชียงดาว,เชียงใหม่,,,ไม่ระบุ,รถจักรยานยนต์
2361,2026,2.0,หญิง,ไม่ระบุ,ลาดยาว,นครสวรรค์,30/1/2026,ไม่ระบุ,ลาดยาว,นครสวรรค์,,,ไม่ระบุ,ไม่ระบุพาหนะ
2362,2026,55.0,ชาย,ไม่ระบุ,จุฬาภรณ์,นครศรีธรรมราช,30/1/2026,ไม่ระบุ,จุฬาภรณ์,นครศรีธรรมราช,,,ไม่ระบุ,ไม่ระบุพาหนะ
2363,2026,,ชาย,ไม่ระบุ,เมืองสมุทรสงคราม,สมุทรสงคราม,30/1/2026,ไม่ระบุ,เมืองสมุทรสงคราม,สมุทรสงคราม,,,ไม่ระบุ,ไม่ระบุพาหนะ
2364,2026,69.0,ชาย,ไม่ระบุ,บ่อไร่,ตราด,30/1/2026,ไม่ระบุ,บ่อไร่,ตราด,,,ไม่ระบุ,รถจักรยานยนต์
2365,2026,27.0,ชาย,ไม่ระบุ,ลาดยาว,นครสวรรค์,30/1/2026,ไม่ระบุ,ลาดยาว,นครสวรรค์,,,ไม่ระบุ,ไม่ระบุพาหนะ
2366,2026,72.0,ชาย,ไม่ระบุ,เมืองภูเก็ต,ภูเก็ต,31/1/2026,ไม่ระบุ,เมืองภูเก็ต,ภูเก็ต,,,ไม่ระบุ,ไม่ระบุพาหนะ
2367,2026,,ชาย,ไม่ระบุ,ด่านขุนทด,นครราชสีมา,31/1/2026,ไม่ระบุ,ด่านขุนทด,นครราชสีมา,,,ไม่ระบุ,ไม่ระบุพาหนะ
2368,2026,43.0,หญิง,ไม่ระบุ,ชุมพลบุรี,สุรินทร์,1/2/2026,ไม่ระบุ,ชุมพลบุรี,สุรินทร์,,,ไม่ระบุ,รถจักรยานยนต์
2369,2026,20.0,ชาย,ไม่ระบุ,เกาะสมุย,สุราษฎร์ธานี,2/2/2026,ไม่ระบุ,เกาะสมุย,สุราษฎร์ธานี,,,ไม่ระบุ,รถจักรยานยนต์
2370,2026,75.0,ชาย,ไม่ระบุ,เกษตรสมบูรณ์,ชัยภูมิ,2/2/2026,ไม่ระบุ,เกษตรสมบูรณ์,ชัยภูมิ,,,ไม่ระบุ,รถบรรทุกขนาดเล็ก/รถตู้
2371,2026,,หญิง,ไม่ระบุ,บ้านธิ,ลำพูน,3/2/2026,ไม่ระบุ,บ้านธิ,ลำพูน,,,ไม่ระบุ,ไม่ระบุพาหนะ
2372,2026,,หญิง,ไม่ระบุ,บ้านธิ,ลำพูน,3/2/2026,ไม่ระบุ,บ้านธิ,ลำพูน,,,ไม่ระบุ,ไม่ระบุพาหนะ
2373,2026,,หญิง,ไม่ระบุ,บ้านธิ,ลำพูน,3/2/2026,ไม่ระบุ,บ้านธิ,ลำพูน,,,ไม่ระบุ,ไม่ระบุพาหนะ
2374,2026,39.0,ชาย,ไม่ระบุ,ขุนหาญ,ศรีสะเกษ,3/2/2026,ไม่ระบุ,ขุนหาญ,ศรีสะเกษ,,,ไม่ระบุ,รถจักรยาน
2375,2026,27.0,ชาย,ไม่ระบุ,เมืองนครสวรรค์,นครสวรรค์,3/2/2026,ไม่ระบุ,เมืองนครสวรรค์,นครสวรรค์,,,ไม่ระบุ,ไม่ระบุพาหนะ
2376,2026,35.0,ชาย,ไม่ระบุ,เมืองนครสวรรค์,นครสวรรค์,3/2/2026,ไม่ระบุ,เมืองนครสวรรค์,นครสวรรค์,,,ไม่ระบุ,ไม่ระบุพาหนะ
2377,2026,,ชาย,ไม่ระบุ,บ้านธิ,ลำพูน,3/2/2026,ไม่ระบุ,บ้านธิ,ลำพูน,,,ไม่ระบุ,ไม่ระบุพาหนะ
2378,2026,73.0,ชาย,ไม่ระบุ,สำโรงทาบ,สุรินทร์,4/2/2026,ไม่ระบุ,สำโรงทาบ,สุรินทร์,,,ไม่ระบุ,รถจักรยานยนต์
2379,2026,24.0,หญิง,ไม่ระบุ,บ้านโป่ง,ราชบุรี,5/2/2026,ไม่ระบุ,บ้านโป่ง,ราชบุรี,,,ไม่ระบุ,ไม่ระบุพาหนะ
2380,2026,59.0,หญิง,ไม่ระบุ,วิเศษชัยชาญ,อ่างทอง,5/2/2026,ไม่ระบุ,วิเศษชัยชาญ,อ่างทอง,,,ไม่ระบุ,ไม่ระบุพาหนะ
2381,2026,57.0,หญิง,ไม่ระบุ,เชียงคาน,เลย,5/2/2026,ไม่ระบุ,เชียงคาน,เลย,,,ไม่ระบุ,ไม่ระบุพาหนะ
2382,2026,24.0,ชาย,ไม่ระบุ,เมืองร้อยเอ็ด,ร้อยเอ็ด,5/2/2026,ไม่ระบุ,เมืองร้อยเอ็ด,ร้อยเอ็ด,,,ไม่ระบุ,รถจักรยานยนต์
2383,2026,66.0,ชาย,ไม่ระบุ,หนองแสง,อุดรธานี,5/2/2026,ไม่ระบุ,หนองแสง,อุดรธานี,,,ไม่ระบุ,ไม่ระบุพาหนะ
2384,2026,68.0,หญิง,ไม่ระบุ,สำโรง,อุบลราชธานี,6/2/2026,ไม่ระบุ,สำโรง,อุบลราชธานี,,,ไม่ระบุ,ไม่ระบุพาหนะ
2385,2026,72.0,ชาย,ไม่ระบุ,มัญจาคีรี,ขอนแก่น,6/2/2026,ไม่ระบุ,มัญจาคีรี,ขอนแก่น,,,ไม่ระบุ,ไม่ระบุพาหนะ
2386,2026,,ชาย,ไม่ระบุ,คำเขื่อนแก้ว,ยโสธร,7/2/2026,ไม่ระบุ,คำเขื่อนแก้ว,ยโสธร,,,ไม่ระบุ,ไม่ระบุพาหนะ
2387,2026,49.0,ชาย,ไม่ระบุ,เมืองลำพูน,ลำพูน,7/2/2026,ไม่ระบุ,เมืองลำพูน,ลำพูน,,,ไม่ระบุ,รถบรรทุกหนัก
2388,2026,12.0,ชาย,ไม่ระบุ,ชานุมาน,อำนาจเจริญ,8/2/2026,ไม่ระบุ,ชานุมาน,อำนาจเจริญ,,,ไม่ระบุ,รถจักรยานยนต์
2389,2026,70.0,หญิง,ไม่ระบุ,อรัญประเทศ,สระแก้ว,8/2/2026,ไม่ระบุ,อรัญประเทศ,สระแก้ว,,,ไม่ระบุ,รถจักรยานยนต์
2390,2026,31.0,ชาย,ไม่ระบุ,เมืองนนทบุรี,นนทบุรี,8/2/2026,ไม่ระบุ,เมืองนนทบุรี,นนทบุรี,,,ไม่ระบุ,รถจักรยานยนต์
2391,2026,46.0,ชาย,ไม่ระบุ,สตึก,บุรีรัมย์,9/2/2026,ไม่ระบุ,สตึก,บุรีรัมย์,,,ไม่ระบุ,ไม่ระบุพาหนะ
2392,2026,32.0,หญิง,ไม่ระบุ,เวียงเชียงรุ้ง,เชียงราย,10/2/2026,ไม่ระบุ,เวียงเชียงรุ้ง,เชียงราย,,,ไม่ระบุ,ไม่ระบุพาหนะ
2393,2026,31.0,ชาย,ไม่ระบุ,บึงสามพัน,เพชรบูรณ์,10/2/2026,ไม่ระบุ,บึงสามพัน,เพชรบูรณ์,,,ไม่ระบุ,ไม่ระบุพาหนะ
2394,2026,15.0,ชาย,ไม่ระบุ,เก้าเลี้ยว,นครสวรรค์,10/2/2026,ไม่ระบุ,เก้าเลี้ยว,นครสวรรค์,,,ไม่ระบุ,ไม่ระบุพาหนะ
2395,2026,25.0,หญิง,ไม่ระบุ,แม่สอด,ตาก,11/2/2026,ไม่ระบุ,แม่สอด,ตาก,,,ไม่ระบุ,รถยนต์
2396,2026,78.0,หญิง,ไม่ระบุ,เมืองบุรีรัมย์,บุรีรัมย์,11/2/2026,ไม่ระบุ,เมืองบุรีรัมย์,บุรีรัมย์,,,ไม่ระบุ,ไม่ระบุพาหนะ
2397,2026,73.0,ชาย,ไม่ระบุ,เมืองอำนาจเจริญ,อำนาจเจริญ,11/2/2026,ไม่ระบุ,เมืองอำนาจเจริญ,อำนาจเจริญ,,,ไม่ระบุ,รถจักรยานยนต์
2398,2026,28.0,ชาย,ไม่ระบุ,แม่สอด,ตาก,11/2/2026,ไม่ระบุ,แม่สอด,ตาก,,,ไม่ระบุ,รถยนต์
2399,2026,,หญิง,ไม่ระบุ,เมืองบุรีรัมย์,บุรีรัมย์,13/2/2026,ไม่ระบุ,เมืองบุรีรัมย์,บุรีรัมย์,,,ไม่ระบุ,รถจักรยานยนต์
2400,2026,,หญิง,ไม่ระบุ,โนนไทย,นครราชสีมา,14/2/2026,ไม่ระบุ,โนนไทย,นครราชสีมา,,,ไม่ระบุ,ไม่ระบุพาหนะ
2401,2026,44.0,ชาย,ไม่ระบุ,เคียนซา,สุราษฎร์ธานี,14/2/2026,ไม่ระบุ,เคียนซา,สุราษฎร์ธานี,,,ไม่ระบุ,ไม่ระบุพาหนะ
2402,2026,51.0,ชาย,ไม่ระบุ,สิชล,นครศรีธรรมราช,15/2/2026,ไม่ระบุ,สิชล,นครศรีธรรมราช,,,ไม่ระบุ,ไม่ระบุพาหนะ
2403,2026,42.0,หญิง,ไม่ระบุ,ลำสนธิ,ลพบุรี,16/2/2026,ไม่ระบุ,ลำสนธิ,ลพบุรี,,,ไม่ระบุ,รถจักรยานยนต์
2404,2026,,หญิง,ไม่ระบุ,แม่แตง,เชียงใหม่,16/2/2026,ไม่ระบุ,แม่แตง,เชียงใหม่,,,ไม่ระบุ,ไม่ระบุพาหนะ
2405,2026,49.0,ชาย,ไม่ระบุ,เมืองเลย,เลย,16/2/2026,ไม่ระบุ,เมืองเลย,เลย,,,ไม่ระบุ,ไม่ระบุพาหนะ
2406,2026,67.0,ชาย,ไม่ระบุ,คำชะอี,มุกดาหาร,16/2/2026,ไม่ระบุ,คำชะอี,มุกดาหาร,,,ไม่ระบุ,รถจักรยานยนต์
2407,2026,47.0,ชาย,ไม่ระบุ,แม่ใจ,พะเยา,17/2/2026,ไม่ระบุ,แม่ใจ,พะเยา,,,ไม่ระบุ,ไม่ระบุพาหนะ
2408,2026,15.0,ชาย,ไม่ระบุ,ท่าชนะ,สุราษฎร์ธานี,19/2/2026,ไม่ระบุ,ท่าชนะ,สุราษฎร์ธานี,,,ไม่ระบุ,ไม่ระบุพาหนะ
2409,2026,70.0,หญิง,ไม่ระบุ,ฝาง,เชียงใหม่,20/2/2026,ไม่ระบุ,ฝาง,เชียงใหม่,,,ไม่ระบุ,ไม่ระบุพาหนะ
2410,2026,60.0,ชาย,ไม่ระบุ,ครบุรี,นครราชสีมา,20/2/2026,ไม่ระบุ,ครบุรี,นครราชสีมา,,,ไม่ระบุ,รถเพื่อการเกษตร
2411,2026,41.0,ชาย,ไม่ระบุ,ลำลูกกา,ปทุมธานี,21/2/2026,ไม่ระบุ,ลำลูกกา,ปทุมธานี,,,ไม่ระบุ,ไม่ระบุพาหนะ
2412,2026,57.0,ชาย,ไม่ระบุ,พระนครศรีอยุธยา,พระนครศรีอยุธยา,21/2/2026,ไม่ระบุ,พระนครศรีอยุธยา,พระนครศรีอยุธยา,,,ไม่ระบุ,ไม่ระบุพาหนะ
2413,2026,80.0,ชาย,ไม่ระบุ,พล,ขอนแก่น,21/2/2026,ไม่ระบุ,พล,ขอนแก่น,,,ไม่ระบุ,ไม่ระบุพาหนะ
2414,2026,14.0,ชาย,ไม่ระบุ,เมืองเชียงราย,เชียงราย,23/2/2026,ไม่ระบุ,เมืองเชียงราย,เชียงราย,,,ไม่ระบุ,ไม่ระบุพาหนะ
2415,2026,34.0,หญิง,ไม่ระบุ,คลองหลวง,ปทุมธานี,24/2/2026,ไม่ระบุ,คลองหลวง,ปทุมธานี,,,ไม่ระบุ,ไม่ระบุพาหนะ
2416,2026,14.0,ชาย,ไม่ระบุ,สวี,ชุมพร,25/2/2026,ไม่ระบุ,สวี,ชุมพร,,,ไม่ระบุ,รถจักรยานยนต์
2417,2026,70.0,ชาย,ไม่ระบุ,สามเงา,ตาก,25/2/2026,ไม่ระบุ,สามเงา,ตาก,,,ไม่ระบุ,ไม่ระบุพาหนะ
2418,2026,58.0,ชาย,ไม่ระบุ,โพนพิสัย,หนองคาย,25/2/2026,ไม่ระบุ,โพนพิสัย,หนองคาย,,,ไม่ระบุ,รถจักรยานยนต์
2419,2026,,ชาย,ไม่ระบุ,บางกอกน้อย,กรุงเทพมหานคร,27/2/2026,ไม่ระบุ,บางกอกน้อย,กรุงเทพมหานคร,,,ไม่ระบุ,ไม่ระบุพาหนะ
2420,2026,16.0,ชาย,ไม่ระบุ,จะนะ,สงขลา,27/2/2026,ไม่ระบุ,จะนะ,สงขลา,,,ไม่ระบุ,รถจักรยานยนต์
2421,2026,64.0,ชาย,ไม่ระบุ,สุไหงโกลก,นราธิวาส,1/3/2026,ไม่ระบุ,สุไหงโกลก,นราธิวาส,,,ไม่ระบุ,ไม่ระบุพาหนะ
2422,2026,66.0,ชาย,ไม่ระบุ,เกษตรวิสัย,ร้อยเอ็ด,1/3/2026,ไม่ระบุ,เกษตรวิสัย,ร้อยเอ็ด,,,ไม่ระบุ,ไม่ระบุพาหนะ
2423,2026,59.0,ชาย,ไม่ระบุ,สนามชัยเขต,ฉะเชิงเทรา,2/3/2026,ไม่ระบุ,สนามชัยเขต,ฉะเชิงเทรา,,,ไม่ระบุ,รถจักรยานยนต์
2424,2026,,หญิง,ไม่ระบุ,เกษตรสมบูรณ์,ชัยภูมิ,2/3/2026,ไม่ระบุ,เกษตรสมบูรณ์,ชัยภูมิ,,,ไม่ระบุ,ไม่ระบุพาหนะ
2425,2026,67.0,ชาย,ไม่ระบุ,หนองหญ้าไซ,สุพรรณบุรี,2/3/2026,ไม่ระบุ,หนองหญ้าไซ,สุพรรณบุรี,,,ไม่ระบุ,ไม่ระบุพาหนะ
2426,2026,28.0,ชาย,ไม่ระบุ,สันป่าตอง,เชียงใหม่,2/3/2026,ไม่ระบุ,สันป่าตอง,เชียงใหม่,,,ไม่ระบุ,ไม่ระบุพาหนะ
2427,2026,62.0,ชาย,ไม่ระบุ,จอมทอง,เชียงใหม่,2/3/2026,ไม่ระบุ,จอมทอง,เชียงใหม่,,,ไม่ระบุ,ไม่ระบุพาหนะ
2428,2026,,ชาย,ไม่ระบุ,เมืองปัตตานี,ปัตตานี,3/3/2026,ไม่ระบุ,เมืองปัตตานี,ปัตตานี,,,ไม่ระบุ,ไม่ระบุพาหนะ
2429,2026,,หญิง,ไม่ระบุ,เมืองชุมพร,ชุมพร,3/3/2026,ไม่ระบุ,เมืองชุมพร,ชุมพร,,,ไม่ระบุ,ไม่ระบุพาหนะ
2430,2026,,หญิง,ไม่ระบุ,ศรีสัชนาลัย,สุโขทัย,3/3/2026,ไม่ระบุ,ศรีสัชนาลัย,สุโขทัย,,,ไม่ระบุ,ไม่ระบุพาหนะ
2431,2026,,หญิง,ไม่ระบุ,พระนครศรีอยุธยา,พระนครศรีอยุธยา,4/3/2026,ไม่ระบุ,พระนครศรีอยุธยา,พระนครศรีอยุธยา,,,ไม่ระบุ,ไม่ระบุพาหนะ
2432,2026,,ชาย,ไม่ระบุ,พระนครศรีอยุธยา,พระนครศรีอยุธยา,4/3/2026,ไม่ระบุ,พระนครศรีอยุธยา,พระนครศรีอยุธยา,,,ไม่ระบุ,ไม่ระบุพาหนะ
2433,2026,17.0,ชาย,ไม่ระบุ,สูงเนิน,นครราชสีมา,4/3/2026,ไม่ระบุ,สูงเนิน,นครราชสีมา,,,ไม่ระบุ,รถจักรยานยนต์
2434,2026,71.0,ชาย,ไม่ระบุ,ผาขาว,เลย,4/3/2026,ไม่ระบุ,ผาขาว,เลย,,,ไม่ระบุ,ไม่ระบุพาหนะ
2435,2026,,ชาย,ไม่ระบุ,เมืองพิษณุโลก,พิษณุโลก,5/3/2026,ไม่ระบุ,เมืองพิษณุโลก,พิษณุโลก,,,ไม่ระบุ,ไม่ระบุพาหนะ
2436,2026,52.0,ชาย,ไม่ระบุ,สอง,แพร่,6/3/2026,ไม่ระบุ,สอง,แพร่,,,ไม่ระบุ,ไม่ระบุพาหนะ
2437,2026,15.0,ชาย,ไม่ระบุ,บางแค,กรุงเทพมหานคร,6/3/2026,ไม่ระบุ,บางแค,กรุงเทพมหานคร,,,ไม่ระบุ,รถจักรยานยนต์
2438,2026,13.0,ชาย,ไม่ระบุ,เมืองนครพนม,นครพนม,7/3/2026,ไม่ระบุ,เมืองนครพนม,นครพนม,,,ไม่ระบุ,ไม่ระบุพาหนะ
2439,2026,70.0,ชาย,ไม่ระบุ,ตาคลี,นครสวรรค์,7/3/2026,ไม่ระบุ,ตาคลี,นครสวรรค์,,,ไม่ระบุ,รถจักรยานยนต์
2440,2026,18.0,ชาย,ไม่ระบุ,บางน้ำเปรี้ยว,ฉะเชิงเทรา,8/3/2026,ไม่ระบุ,บางน้ำเปรี้ยว,ฉะเชิงเทรา,,,ไม่ระบุ,รถจักรยานยนต์
2441,2026,52.0,ชาย,ไม่ระบุ,หลังสวน,ชุมพร,9/3/2026,ไม่ระบุ,หลังสวน,ชุมพร,,,ไม่ระบุ,ไม่ระบุพาหนะ
2442,2026,47.0,หญิง,ไม่ระบุ,บึงกาฬ,บึงกาฬ,10/3/2026,ไม่ระบุ,บึงกาฬ,บึงกาฬ,,,ไม่ระบุ,รถจักรยานยนต์
2443,2026,,หญิง,ไม่ระบุ,แม่สรวย,เชียงราย,10/3/2026,ไม่ระบุ,แม่สรวย,เชียงราย,,,ไม่ระบุ,ไม่ระบุพาหนะ
2444,2026,73.0,หญิง,ไม่ระบุ,ชะอวด,นครศรีธรรมราช,11/3/2026,ไม่ระบุ,ชะอวด,นครศรีธรรมราช,,,ไม่ระบุ,รถจักรยานยนต์
2445,2026,,ชาย,ไม่ระบุ,เมืองลำพูน,ลำพูน,11/3/2026,ไม่ระบุ,เมืองลำพูน,ลำพูน,,,ไม่ระบุ,ไม่ระบุพาหนะ
2446,2026,,หญิง,ไม่ระบุ,จุฬาภรณ์,นครศรีธรรมราช,12/3/2026,ไม่ระบุ,จุฬาภรณ์,นครศรีธรรมราช,,,ไม่ระบุ,รถยนต์
2447,2026,,ชาย,ไม่ระบุ,พระนครศรีอยุธยา,พระนครศรีอยุธยา,12/3/2026,ไม่ระบุ,พระนครศรีอยุธยา,พระนครศรีอยุธยา,,,ไม่ระบุ,รถจักรยานยนต์
2448,2026,,หญิง,ไม่ระบุ,ปาย,แม่ฮ่องสอน,14/3/2026,ไม่ระบุ,ปาย,แม่ฮ่องสอน,,,ไม่ระบุ,ไม่ระบุพาหนะ
2449,2026,63.0,ไม่ทราบ,ไม่ระบุ,เมืองภูเก็ต,ภูเก็ต,15/3/2026,ไม่ระบุ,เมืองภูเก็ต,ภูเก็ต,,,ไม่ระบุ,ไม่ระบุพาหนะ
2450,2026,51.0,ชาย,ไม่ระบุ,คง,นครราชสีมา,15/3/2026,ไม่ระบุ,คง,นครราชสีมา,,,ไม่ระบุ,รถบรรทุกหนัก
2451,2026,76.0,หญิง,ไม่ระบุ,สามชุก,สุพรรณบุรี,16/3/2026,ไม่ระบุ,สามชุก,สุพรรณบุรี,,,ไม่ระบุ,รถจักรยานยนต์
2452,2026,17.0,ไม่ทราบ,ไม่ระบุ,ศรีราชา,ชลบุรี,17/3/2026,ไม่ระบุ,ศรีราชา,ชลบุรี,,,ไม่ระบุ,ไม่ระบุพาหนะ
2453,2026,,ชาย,ไม่ระบุ,ด่านซ้าย,เลย,18/3/2026,ไม่ระบุ,ด่านซ้าย,เลย,,,ไม่ระบุ,รถบรรทุกขนาดเล็ก/รถตู้
2454,2026,48.0,หญิง,ไม่ระบุ,นิคมคำสร้อย,มุกดาหาร,18/3/2026,ไม่ระบุ,นิคมคำสร้อย,มุกดาหาร,,,ไม่ระบุ,รถจักรยานยนต์
2455,2026,54.0,ชาย,ไม่ระบุ,ปัว,น่าน,18/3/2026,ไม่ระบุ,ปัว,น่าน,,,ไม่ระบุ,ไม่ระบุพาหนะ
2456,2026,,ไม่ทราบ,ไม่ระบุ,เมืองเชียงราย,เชียงราย,19/3/2026,ไม่ระบุ,เมืองเชียงราย,เชียงราย,,,ไม่ระบุ,ไม่ระบุพาหนะ
2457,2026,,หญิง,ไม่ระบุ,อรัญประเทศ,สระแก้ว,19/3/2026,ไม่ระบุ,อรัญประเทศ,สระแก้ว,,,ไม่ระบุ,ไม่ระบุพาหนะ
2458,2026,51.0,ชาย,ไม่ระบุ,จอมทอง,เชียงใหม่,19/3/2026,ไม่ระบุ,จอมทอง,เชียงใหม่,,,ไม่ระบุ,ไม่ระบุพาหนะ
2459,2026,55.0,ชาย,ไม่ระบุ,เมืองพะเยา,พะเยา,19/3/2026,ไม่ระบุ,เมืองพะเยา,พะเยา,,,ไม่ระบุ,รถจักรยาน
2460,2026,32.0,ชาย,ไม่ระบุ,แก้งคร้อ,ชัยภูมิ,21/3/2026,ไม่ระบุ,แก้งคร้อ,ชัยภูมิ,,,ไม่ระบุ,รถบรรทุกขนาดเล็ก/รถตู้
2461,2026,22.0,ชาย,ไม่ระบุ,แก้งคร้อ,ชัยภูมิ,21/3/2026,ไม่ระบุ,แก้งคร้อ,ชัยภูมิ,,,ไม่ระบุ,รถบรรทุกขนาดเล็ก/รถตู้
2462,2026,,ชาย,ไม่ระบุ,ท่าใหม่,จันทบุรี,22/3/2026,ไม่ระบุ,ท่าใหม่,จันทบุรี,,,ไม่ระบุ,ไม่ระบุพาหนะ
2463,2026,,หญิง,ไม่ระบุ,จตุจักร,กรุงเทพมหานคร,24/3/2026,ไม่ระบุ,จตุจักร,กรุงเทพมหานคร,,,ไม่ระบุ,รถจักรยานยนต์
2464,2026,37.0,หญิง,ไม่ระบุ,เมืองนครพนม,นครพนม,24/3/2026,ไม่ระบุ,เมืองนครพนม,นครพนม,,,ไม่ระบุ,ไม่ระบุพาหนะ
2465,2026,23.0,ชาย,ไม่ระบุ,เมืองลำพูน,ลำพูน,24/3/2026,ไม่ระบุ,เมืองลำพูน,ลำพูน,,,ไม่ระบุ,ไม่ระบุพาหนะ
2466,2026,73.0,ชาย,ไม่ระบุ,นาแก,นครพนม,24/3/2026,ไม่ระบุ,นาแก,นครพนม,,,ไม่ระบุ,ไม่ระบุพาหนะ
2467,2026,,ชาย,ไม่ระบุ,หนองกุงศรี,กาฬสินธุ์,25/3/2026,ไม่ระบุ,หนองกุงศรี,กาฬสินธุ์,,,ไม่ระบุ,ไม่ระบุพาหนะ
2468,2026,26.0,ชาย,ไม่ระบุ,เมืองลพบุรี,ลพบุรี,25/3/2026,ไม่ระบุ,เมืองลพบุรี,ลพบุรี,,,ไม่ระบุ,ไม่ระบุพาหนะ
2469,2026,76.0,ชาย,ไม่ระบุ,ยางชุมน้อย,ศรีสะเกษ,25/3/2026,ไม่ระบุ,ยางชุมน้อย,ศรีสะเกษ,,,ไม่ระบุ,ไม่ระบุพาหนะ
2470,2026,53.0,หญิง,ไม่ระบุ,ด่านซ้าย,เลย,26/3/2026,ไม่ระบุ,ด่านซ้าย,เลย,,,ไม่ระบุ,ไม่ระบุพาหนะ
2471,2026,35.0,ชาย,ไม่ระบุ,จุน,พะเยา,27/3/2026,ไม่ระบุ,จุน,พะเยา,,,ไม่ระบุ,ไม่ระบุพาหนะ
2472,2026,72.0,ชาย,ไม่ระบุ,พิชัย,อุตรดิตถ์,28/3/2026,ไม่ระบุ,พิชัย,อุตรดิตถ์,,,ไม่ระบุ,รถบรรทุกหนัก
2473,2026,27.0,หญิง,ไม่ระบุ,ปากเกร็ด,นนทบุรี,29/3/2026,ไม่ระบุ,ปากเกร็ด,นนทบุรี,,,ไม่ระบุ,รถยนต์
2474,2026,24.0,ชาย,ไม่ระบุ,คันนายาว,กรุงเทพมหานคร,30/3/2026,ไม่ระบุ,คันนายาว,กรุงเทพมหานคร,,,ไม่ระบุ,รถจักรยานยนต์
2475,2026,64.0,ชาย,ไม่ระบุ,ท่าตะเกียบ,ฉะเชิงเทรา,31/3/2026,ไม่ระบุ,ท่าตะเกียบ,ฉะเชิงเทรา,,,ไม่ระบุ,รถยนต์
2476,2026,,ชาย,ไม่ระบุ,เมืองพะเยา,พะเยา,31/3/2026,ไม่ระบุ,เมืองพะเยา,พะเยา,,,ไม่ระบุ,รถจักรยาน
2477,2026,45.0,ชาย,ไม่ระบุ,คลองหาด,สระแก้ว,18/1/2026,ไม่ระบุ,คลองหาด,สระแก้ว,,,ไม่ระบุ,รถยนต์
2478,2026,25.0,ชาย,ไม่ระบุ,บึงสามพัน,เพชรบูรณ์,19/1/2026,ไม่ระบุ,บึงสามพัน,เพชรบูรณ์,,,ไม่ระบุ,ไม่ระบุพาหนะ
2479,2026,60.0,หญิง,ไม่ระบุ,สีคิ้ว,นครราชสีมา,14/1/2026,ไม่ระบุ,สีคิ้ว,นครราชสีมา,,,V818,ไม่ระบุพาหนะ
2480,2026,14.0,หญิง,ไม่ระบุ,เมืองระยอง,ระยอง,10/2/2026,ไม่ระบุ,เมืองระยอง,ระยอง,,,V892,ไม่ระบุพาหนะ
2481,2026,34.0,ชาย,ไม่ระบุ,เมืองนครปฐม,นครปฐม,6/2/2026,ไม่ระบุ,เมืองนครปฐม,นครปฐม,,,V294,รถจักรยานยนต์
2482,2026,36.0,หญิง,ไม่ระบุ,เมืองเพชรบูรณ์,เพชรบูรณ์,25/2/2026,ไม่ระบุ,เมืองเพชรบูรณ์,เพชรบูรณ์,,,V892,ไม่ระบุพาหนะ
2483,2026,34.0,ชาย,ไม่ระบุ,ศรีราชา,ชลบุรี,5/3/2026,ไม่ระบุ,ศรีราชา,ชลบุรี,,,V892,ไม่ระบุพาหนะ
2484,2026,13.0,หญิง,ไม่ระบุ,เมืองเพชรบูรณ์,เพชรบูรณ์,6/3/2026,ไม่ระบุ,เมืองเพชรบูรณ์,เพชรบูรณ์,,,V892,ไม่ระบุพาหนะ
2485,2026,22.0,ชาย,ไม่ระบุ,หาดใหญ่,สงขลา,10/3/2026,ไม่ระบุ,หาดใหญ่,สงขลา,,,V892,ไม่ระบุพาหนะ
2486,2026,31.0,ชาย,ไม่ระบุ,สีคิ้ว,นครราชสีมา,14/1/2026,ไม่ระบุ,สีคิ้ว,นครราชสีมา,,,V818,ไม่ระบุพาหนะ
2487,2026,56.0,ชาย,ไม่ระบุ,เมืองอุดรธานี,อุดรธานี,19/1/2026,ไม่ระบุ,เมืองอุดรธานี,อุดรธานี,,,V299,รถจักรยานยนต์
2488,2026,84.0,ชาย,ไม่ระบุ,เมืองนครสวรรค์,นครสวรรค์,9/1/2026,ไม่ระบุ,เมืองนครสวรรค์,นครสวรรค์,,,V892,ไม่ระบุพาหนะ
2489,2026,68.0,ชาย,ไม่ระบุ,หาดใหญ่,สงขลา,30/1/2026,ไม่ระบุ,หาดใหญ่,สงขลา,,,V892,ไม่ระบุพาหนะ
2490,2026,38.0,ชาย,ไม่ระบุ,แกลง,ระยอง,1/2/2026,ไม่ระบุ,แกลง,ระยอง,,,V892,ไม่ระบุพาหนะ
2491,2026,39.0,ชาย,ไม่ระบุ,เมืองชัยภูมิ,ชัยภูมิ,7/2/2026,ไม่ระบุ,เมืองชัยภูมิ,ชัยภูมิ,,,V892,ไม่ระบุพาหนะ
2492,2026,76.0,หญิง,ไม่ระบุ,เมืองอุตรดิตถ์,อุตรดิตถ์,7/2/2026,ไม่ระบุ,เมืองอุตรดิตถ์,อุตรดิตถ์,,,V892,ไม่ระบุพาหนะ
2493,2026,66.0,หญิง,ไม่ระบุ,เมืองนครปฐม,นครปฐม,13/2/2026,ไม่ระบุ,เมืองนครปฐม,นครปฐม,,,V892,ไม่ระบุพาหนะ
2494,2026,21.0,ชาย,ไม่ระบุ,วิเชียรบุรี,เพชรบูรณ์,28/2/2026,ไม่ระบุ,วิเชียรบุรี,เพชรบูรณ์,,,V892,ไม่ระบุพาหนะ
2495,2026,19.0,ชาย,ไม่ระบุ,ศรีราชา,ชลบุรี,7/3/2026,ไม่ระบุ,ศรีราชา,ชลบุรี,,,V892,ไม่ระบุพาหนะ
2496,2026,56.0,ชาย,ไม่ระบุ,เมืองศรีสะเกษ,ศรีสะเกษ,25/3/2026,ไม่ระบุ,เมืองศรีสะเกษ,ศรีสะเกษ,,,V892,ไม่ระบุพาหนะ
2497,2026,62.0,ชาย,ไม่ระบุ,หาดใหญ่,สงขลา,11/3/2026,ไม่ระบุ,หาดใหญ่,สงขลา,,,V892,ไม่ระบุพาหนะ
2498,2026,32.0,ชาย,ไม่ระบุ,สีคิ้ว,นครราชสีมา,14/1/2026,ไม่ระบุ,สีคิ้ว,นครราชสีมา,,,V818,ไม่ระบุพาหนะ
2499,2026,56.0,หญิง,ไม่ระบุ,เมืองอุดรธานี,อุดรธานี,28/1/2026,ไม่ระบุ,เมืองอุดรธานี,อุดรธานี,,,V299,รถจักรยานยนต์
2500,2026,37.0,ชาย,ไม่ระบุ,เมืองสตูล,สตูล,31/1/2026,ไม่ระบุ,เมืองสตูล,สตูล,,,V299,รถจักรยานยนต์
2501,2026,44.0,หญิง,ไม่ระบุ,แกลง,ระยอง,8/2/2026,ไม่ระบุ,แกลง,ระยอง,,,V892,ไม่ระบุพาหนะ
2502,2026,56.0,ชาย,ไม่ระบุ,ภูเขียว,ชัยภูมิ,10/2/2026,ไม่ระบุ,ภูเขียว,ชัยภูมิ,,,V299,รถจักรยานยนต์
2503,2026,33.0,หญิง,ไม่ระบุ,เมืองนครปฐม,นครปฐม,11/2/2026,ไม่ระบุ,เมืองนครปฐม,นครปฐม,,,V892,ไม่ระบุพาหนะ
2504,2026,32.0,ชาย,ไม่ระบุ,เมืองศรีสะเกษ,ศรีสะเกษ,25/3/2026,ไม่ระบุ,เมืองศรีสะเกษ,ศรีสะเกษ,,,V892,ไม่ระบุพาหนะ
2505,2026,27.0,ชาย,ไม่ระบุ,เมืองนครพนม,นครพนม,29/3/2026,ไม่ระบุ,เมืองนครพนม,นครพนม,,,V892,ไม่ระบุพาหนะ
2506,2026,27.0,ชาย,ไม่ระบุ,เมืองเพชรบูรณ์,เพชรบูรณ์,21/3/2026,ไม่ระบุ,เมืองเพชรบูรณ์,เพชรบูรณ์,,,V892,ไม่ระบุพาหนะ
2507,2026,60.0,หญิง,ไม่ระบุ,หาดใหญ่,สงขลา,16/3/2026,ไม่ระบุ,หาดใหญ่,สงขลา,,,V892,ไม่ระบุพาหนะ
2508,2026,59.0,หญิง,ไม่ระบุ,สีคิ้ว,นครราชสีมา,14/1/2026,ไม่ระบุ,สีคิ้ว,นครราชสีมา,,,V818,ไม่ระบุพาหนะ
2509,2026,66.0,ชาย,ไม่ระบุ,เมืองอุดรธานี,อุดรธานี,25/1/2026,ไม่ระบุ,เมืองอุดรธานี,อุดรธานี,,,V099,คนเดินเท้า
2510,2026,63.0,ชาย,ไม่ระบุ,เมืองนครสวรรค์,นครสวรรค์,1/1/2026,ไม่ระบุ,เมืองนครสวรรค์,นครสวรรค์,,,V892,ไม่ระบุพาหนะ
2511,2026,74.0,ชาย,ไม่ระบุ,ปะเหลียน,ตรัง,26/1/2026,ไม่ระบุ,ปะเหลียน,ตรัง,,,V299,รถจักรยานยนต์
2512,2026,42.0,หญิง,ไม่ระบุ,แกลง,ระยอง,23/2/2026,ไม่ระบุ,แกลง,ระยอง,,,V892,ไม่ระบุพาหนะ
2513,2026,48.0,หญิง,ไม่ระบุ,เมืองอุตรดิตถ์,อุตรดิตถ์,4/2/2026,ไม่ระบุ,เมืองอุตรดิตถ์,อุตรดิตถ์,,,V892,ไม่ระบุพาหนะ
2514,2026,29.0,ชาย,ไม่ระบุ,อู่ทอง,สุพรรณบุรี,25/2/2026,ไม่ระบุ,อู่ทอง,สุพรรณบุรี,,,V892,ไม่ระบุพาหนะ
2515,2026,24.0,หญิง,ไม่ระบุ,เมืองเพชรบูรณ์,เพชรบูรณ์,18/3/2026,ไม่ระบุ,เมืองเพชรบูรณ์,เพชรบูรณ์,,,V892,ไม่ระบุพาหนะ
2516,2026,45.0,ชาย,ไม่ระบุ,หาดใหญ่,สงขลา,5/3/2026,ไม่ระบุ,หาดใหญ่,สงขลา,,,V892,ไม่ระบุพาหนะ
2517,2026,40.0,หญิง,ไม่ระบุ,วังน้อย,พระนครศรีอยุธยา,17/1/2026,ไม่ระบุ,วังน้อย,พระนครศรีอยุธยา,,,V892,ไม่ระบุพาหนะ
2518,2026,65.0,หญิง,ไม่ระบุ,สีคิ้ว,นครราชสีมา,14/1/2026,ไม่ระบุ,สีคิ้ว,นครราชสีมา,,,V818,ไม่ระบุพาหนะ
2519,2026,32.0,ชาย,ไม่ระบุ,เมืองนครศรีธรรมราช,นครศรีธรรมราช,24/1/2026,ไม่ระบุ,เมืองนครศรีธรรมราช,นครศรีธรรมราช,,,V892,ไม่ระบุพาหนะ
2520,2026,66.0,หญิง,ไม่ระบุ,เมืองระยอง,ระยอง,20/2/2026,ไม่ระบุ,เมืองระยอง,ระยอง,,,V892,ไม่ระบุพาหนะ
2521,2026,27.0,ชาย,ไม่ระบุ,บ้านแท่น,ชัยภูมิ,16/2/2026,ไม่ระบุ,บ้านแท่น,ชัยภูมิ,,,V892,ไม่ระบุพาหนะ
2522,2026,69.0,ชาย,ไม่ระบุ,เมืองนครปฐม,นครปฐม,2/2/2026,ไม่ระบุ,เมืองนครปฐม,นครปฐม,,,V892,ไม่ระบุพาหนะ
2523,2026,88.0,หญิง,ไม่ระบุ,เมืองศรีสะเกษ,ศรีสะเกษ,25/3/2026,ไม่ระบุ,เมืองศรีสะเกษ,ศรีสะเกษ,,,V892,ไม่ระบุพาหนะ
2524,2026,63.0,ชาย,ไม่ระบุ,ท่าลี่,เลย,22/1/2026,ไม่ระบุ,ท่าลี่,เลย,,,V892,ไม่ระบุพาหนะ
2525,2026,69.0,ชาย,ไม่ระบุ,เมืองนครศรีธรรมราช,นครศรีธรรมราช,23/1/2026,ไม่ระบุ,เมืองนครศรีธรรมราช,นครศรีธรรมราช,,,V892,ไม่ระบุพาหนะ
2526,2026,43.0,หญิง,ไม่ระบุ,เมืองระยอง,ระยอง,25/2/2026,ไม่ระบุ,เมืองระยอง,ระยอง,,,V892,ไม่ระบุพาหนะ
2527,2026,73.0,ชาย,ไม่ระบุ,แก้งคร้อ,ชัยภูมิ,24/2/2026,ไม่ระบุ,แก้งคร้อ,ชัยภูมิ,,,V892,ไม่ระบุพาหนะ
2528,2026,33.0,ชาย,ไม่ระบุ,เมืองนครปฐม,นครปฐม,4/2/2026,ไม่ระบุ,เมืองนครปฐม,นครปฐม,,,V892,ไม่ระบุพาหนะ
2529,2026,22.0,ชาย,ไม่ระบุ,บ้านแพ้ว,สมุทรสาคร,27/2/2026,ไม่ระบุ,บ้านแพ้ว,สมุทรสาคร,,,V892,ไม่ระบุพาหนะ
2530,2026,39.0,ชาย,ไม่ระบุ,เมืองชลบุรี,ชลบุรี,13/3/2026,ไม่ระบุ,เมืองชลบุรี,ชลบุรี,,,V892,ไม่ระบุพาหนะ
2531,2026,67.0,ชาย,ไม่ระบุ,เมืองศรีสะเกษ,ศรีสะเกษ,26/3/2026,ไม่ระบุ,เมืองศรีสะเกษ,ศรีสะเกษ,,,V892,ไม่ระบุพาหนะ
2532,2026,32.0,ชาย,ไม่ระบุ,เมืองสมุทรสาคร,สมุทรสาคร,2/1/2026,ไม่ระบุ,เมืองสมุทรสาคร,สมุทรสาคร,,,V892,ไม่ระบุพาหนะ
2533,2026,51.0,ชาย,ไม่ระบุ,บรรพตพิสัย,นครสวรรค์,10/1/2026,ไม่ระบุ,บรรพตพิสัย,นครสวรรค์,,,V892,ไม่ระบุพาหนะ
2534,2026,25.0,หญิง,ไม่ระบุ,เมืองนครศรีธรรมราช,นครศรีธรรมราช,30/1/2026,ไม่ระบุ,เมืองนครศรีธรรมราช,นครศรีธรรมราช,,,V299,รถจักรยานยนต์
2535,2026,76.0,หญิง,ไม่ระบุ,เมืองตรัง,ตรัง,31/1/2026,ไม่ระบุ,เมืองตรัง,ตรัง,,,V892,ไม่ระบุพาหนะ
2536,2026,59.0,หญิง,ไม่ระบุ,เมืองระยอง,ระยอง,12/2/2026,ไม่ระบุ,เมืองระยอง,ระยอง,,,V892,ไม่ระบุพาหนะ
2537,2026,38.0,ชาย,ไม่ระบุ,เมืองชลบุรี,ชลบุรี,14/3/2026,ไม่ระบุ,เมืองชลบุรี,ชลบุรี,,,V892,ไม่ระบุพาหนะ
2538,2026,5.0,ชาย,ไม่ระบุ,เมืองอุบลราชธานี,อุบลราชธานี,10/3/2026,ไม่ระบุ,เมืองอุบลราชธานี,อุบลราชธานี,,,V892,ไม่ระบุพาหนะ
2539,2026,39.0,ชาย,ไม่ระบุ,ตระการพืชผล,อุบลราชธานี,31/3/2026,ไม่ระบุ,ตระการพืชผล,อุบลราชธานี,,,V299,รถจักรยานยนต์
2540,2026,62.0,ชาย,ไม่ระบุ,แก้งสนามนาง,นครราชสีมา,6/1/2026,ไม่ระบุ,แก้งสนามนาง,นครราชสีมา,,,V892,ไม่ระบุพาหนะ
2541,2026,19.0,ชาย,ไม่ระบุ,เมืองนครศรีธรรมราช,นครศรีธรรมราช,15/1/2026,ไม่ระบุ,เมืองนครศรีธรรมราช,นครศรีธรรมราช,,,V892,ไม่ระบุพาหนะ
2542,2026,24.0,ชาย,ไม่ระบุ,เมืองระยอง,ระยอง,19/2/2026,ไม่ระบุ,เมืองระยอง,ระยอง,,,V892,ไม่ระบุพาหนะ
2543,2026,27.0,ชาย,ไม่ระบุ,ท่าศาลา,นครศรีธรรมราช,27/2/2026,ไม่ระบุ,ท่าศาลา,นครศรีธรรมราช,,,V892,ไม่ระบุพาหนะ
2544,2026,51.0,ชาย,ไม่ระบุ,เมืองชลบุรี,ชลบุรี,4/3/2026,ไม่ระบุ,เมืองชลบุรี,ชลบุรี,,,V299,รถจักรยานยนต์
2545,2026,36.0,ชาย,ไม่ระบุ,เมืองอุบลราชธานี,อุบลราชธานี,10/3/2026,ไม่ระบุ,เมืองอุบลราชธานี,อุบลราชธานี,,,V892,ไม่ระบุพาหนะ
2546,2026,73.0,ชาย,ไม่ระบุ,เมืองมุกดาหาร,มุกดาหาร,23/3/2026,ไม่ระบุ,เมืองมุกดาหาร,มุกดาหาร,,,V892,ไม่ระบุพาหนะ
2547,2026,25.0,ชาย,ไม่ระบุ,บางปะอิน,พระนครศรีอยุธยา,18/1/2026,ไม่ระบุ,บางปะอิน,พระนครศรีอยุธยา,,,V892,ไม่ระบุพาหนะ
2548,2026,42.0,หญิง,ไม่ระบุ,เมืองนครศรีธรรมราช,นครศรีธรรมราช,13/1/2026,ไม่ระบุ,เมืองนครศรีธรรมราช,นครศรีธรรมราช,,,V892,ไม่ระบุพาหนะ
2549,2026,64.0,ชาย,ไม่ระบุ,เมืองระยอง,ระยอง,16/2/2026,ไม่ระบุ,เมืองระยอง,ระยอง,,,V892,ไม่ระบุพาหนะ
2550,2026,21.0,ชาย,ไม่ระบุ,เมืองชัยภูมิ,ชัยภูมิ,27/2/2026,ไม่ระบุ,เมืองชัยภูมิ,ชัยภูมิ,,,V892,ไม่ระบุพาหนะ
2551,2026,16.0,ชาย,ไม่ระบุ,เมืองนครศรีธรรมราช,นครศรีธรรมราช,26/2/2026,ไม่ระบุ,เมืองนครศรีธรรมราช,นครศรีธรรมราช,,,V892,ไม่ระบุพาหนะ
2552,2026,70.0,หญิง,ไม่ระบุ,เมืองชลบุรี,ชลบุรี,18/3/2026,ไม่ระบุ,เมืองชลบุรี,ชลบุรี,,,V892,ไม่ระบุพาหนะ
2553,2026,9.0,ชาย,ไม่ระบุ,เมืองสตูล,สตูล,14/3/2026,ไม่ระบุ,เมืองสตูล,สตูล,,,V499,รถยนต์
2554,2026,57.0,หญิง,ไม่ระบุ,เมืองระยอง,ระยอง,23/2/2026,ไม่ระบุ,เมืองระยอง,ระยอง,,,V892,ไม่ระบุพาหนะ
2555,2026,21.0,ชาย,ไม่ระบุ,บ้านแพ้ว,สมุทรสาคร,8/2/2026,ไม่ระบุ,บ้านแพ้ว,สมุทรสาคร,,,V892,ไม่ระบุพาหนะ
2556,2026,50.0,ชาย,ไม่ระบุ,เมืองนครศรีธรรมราช,นครศรีธรรมราช,27/2/2026,ไม่ระบุ,เมืองนครศรีธรรมราช,นครศรีธรรมราช,,,V892,ไม่ระบุพาหนะ
2557,2026,20.0,ชาย,ไม่ระบุ,แม่แจ่ม,เชียงใหม่,8/3/2026,ไม่ระบุ,แม่แจ่ม,เชียงใหม่,,,V892,ไม่ระบุพาหนะ
2558,2026,72.0,ชาย,ไม่ระบุ,เสนา,พระนครศรีอยุธยา,17/1/2026,ไม่ระบุ,เสนา,พระนครศรีอยุธยา,,,V892,ไม่ระบุพาหนะ
2559,2026,58.0,ชาย,ไม่ระบุ,กิ่งอำเภอเอราวัณ,เลย,10/1/2026,ไม่ระบุ,กิ่งอำเภอเอราวัณ,เลย,,,V892,ไม่ระบุพาหนะ
2560,2026,65.0,หญิง,ไม่ระบุ,เมืองนครศรีธรรมราช,นครศรีธรรมราช,13/1/2026,ไม่ระบุ,เมืองนครศรีธรรมราช,นครศรีธรรมราช,,,V892,ไม่ระบุพาหนะ
2561,2026,55.0,หญิง,ไม่ระบุ,ยะรัง,ปัตตานี,30/1/2026,ไม่ระบุ,ยะรัง,ปัตตานี,,,V892,ไม่ระบุพาหนะ
2562,2026,70.0,ชาย,ไม่ระบุ,เมืองชัยภูมิ,ชัยภูมิ,13/2/2026,ไม่ระบุ,เมืองชัยภูมิ,ชัยภูมิ,,,V892,ไม่ระบุพาหนะ
2563,2026,62.0,ชาย,ไม่ระบุ,ลอง,แพร่,3/2/2026,ไม่ระบุ,ลอง,แพร่,,,V892,ไม่ระบุพาหนะ
2564,2026,63.0,ชาย,ไม่ระบุ,เมืองชลบุรี,ชลบุรี,24/3/2026,ไม่ระบุ,เมืองชลบุรี,ชลบุรี,,,V892,ไม่ระบุพาหนะ
2565,2026,82.0,ชาย,ไม่ระบุ,ดอยสะเก็ด,เชียงใหม่,6/3/2026,ไม่ระบุ,ดอยสะเก็ด,เชียงใหม่,,,V892,ไม่ระบุพาหนะ
2566,2026,56.0,ชาย,ไม่ระบุ,บ้านโป่ง,ราชบุรี,7/3/2026,ไม่ระบุ,บ้านโป่ง,ราชบุรี,,,V892,ไม่ระบุพาหนะ
2567,2026,58.0,หญิง,ไม่ระบุ,บางบาล,พระนครศรีอยุธยา,17/1/2026,ไม่ระบุ,บางบาล,พระนครศรีอยุธยา,,,V892,ไม่ระบุพาหนะ
2568,2026,52.0,ชาย,ไม่ระบุ,เมืองระยอง,ระยอง,3/2/2026,ไม่ระบุ,เมืองระยอง,ระยอง,,,V892,ไม่ระบุพาหนะ
2569,2026,69.0,ชาย,ไม่ระบุ,เมืองชัยภูมิ,ชัยภูมิ,20/2/2026,ไม่ระบุ,เมืองชัยภูมิ,ชัยภูมิ,,,V892,ไม่ระบุพาหนะ
2570,2026,25.0,ชาย,ไม่ระบุ,กระทุ่มแบน,สมุทรสาคร,18/2/2026,ไม่ระบุ,กระทุ่มแบน,สมุทรสาคร,,,V892,ไม่ระบุพาหนะ
2571,2026,30.0,ชาย,ไม่ระบุ,เมืองชลบุรี,ชลบุรี,24/3/2026,ไม่ระบุ,เมืองชลบุรี,ชลบุรี,,,V892,ไม่ระบุพาหนะ
2572,2026,28.0,หญิง,ไม่ระบุ,พระนครศรีอยุธยา,พระนครศรีอยุธยา,24/1/2026,ไม่ระบุ,พระนครศรีอยุธยา,พระนครศรีอยุธยา,,,V892,ไม่ระบุพาหนะ
2573,2026,28.0,ชาย,ไม่ระบุ,กิ่งอำเภอพระทองคำ,นครราชสีมา,30/1/2026,ไม่ระบุ,กิ่งอำเภอพระทองคำ,นครราชสีมา,,,V892,ไม่ระบุพาหนะ
2574,2026,72.0,ชาย,ไม่ระบุ,เมืองนครศรีธรรมราช,นครศรีธรรมราช,1/1/2026,ไม่ระบุ,เมืองนครศรีธรรมราช,นครศรีธรรมราช,,,V099,คนเดินเท้า
2575,2026,34.0,ชาย,ไม่ระบุ,ลำปลายมาศ,บุรีรัมย์,27/1/2026,ไม่ระบุ,ลำปลายมาศ,บุรีรัมย์,,,V284,รถจักรยานยนต์
2576,2026,45.0,ชาย,ไม่ระบุ,เมืองระยอง,ระยอง,9/2/2026,ไม่ระบุ,เมืองระยอง,ระยอง,,,V892,ไม่ระบุพาหนะ
2577,2026,25.0,หญิง,ไม่ระบุ,เมืองชัยภูมิ,ชัยภูมิ,2/2/2026,ไม่ระบุ,เมืองชัยภูมิ,ชัยภูมิ,,,V892,ไม่ระบุพาหนะ
2578,2026,69.0,ชาย,ไม่ระบุ,เมืองสมุทรสาคร,สมุทรสาคร,17/2/2026,ไม่ระบุ,เมืองสมุทรสาคร,สมุทรสาคร,,,V892,ไม่ระบุพาหนะ
2579,2026,60.0,ชาย,ไม่ระบุ,บางละมุง,ชลบุรี,24/3/2026,ไม่ระบุ,บางละมุง,ชลบุรี,,,V892,ไม่ระบุพาหนะ
2580,2026,19.0,หญิง,ไม่ระบุ,พระนครศรีอยุธยา,พระนครศรีอยุธยา,18/1/2026,ไม่ระบุ,พระนครศรีอยุธยา,พระนครศรีอยุธยา,,,V892,ไม่ระบุพาหนะ
2581,2026,20.0,ชาย,ไม่ระบุ,เมืองเลย,เลย,21/1/2026,ไม่ระบุ,เมืองเลย,เลย,,,V299,รถจักรยานยนต์
2582,2026,41.0,หญิง,ไม่ระบุ,เมืองนครศรีธรรมราช,นครศรีธรรมราช,3/1/2026,ไม่ระบุ,เมืองนครศรีธรรมราช,นครศรีธรรมราช,,,V892,ไม่ระบุพาหนะ
2583,2026,25.0,หญิง,ไม่ระบุ,เมืองระยอง,ระยอง,9/2/2026,ไม่ระบุ,เมืองระยอง,ระยอง,,,V892,ไม่ระบุพาหนะ
2584,2026,62.0,หญิง,ไม่ระบุ,เมืองชัยภูมิ,ชัยภูมิ,5/2/2026,ไม่ระบุ,เมืองชัยภูมิ,ชัยภูมิ,,,V892,ไม่ระบุพาหนะ
2585,2026,54.0,ชาย,ไม่ระบุ,กระทุ่มแบน,สมุทรสาคร,8/2/2026,ไม่ระบุ,กระทุ่มแบน,สมุทรสาคร,,,V892,ไม่ระบุพาหนะ
2586,2026,61.0,ชาย,ไม่ระบุ,บางละมุง,ชลบุรี,18/3/2026,ไม่ระบุ,บางละมุง,ชลบุรี,,,V892,ไม่ระบุพาหนะ
2587,2026,12.0,หญิง,ไม่ระบุ,บุณฑริก,อุบลราชธานี,25/3/2026,ไม่ระบุ,บุณฑริก,อุบลราชธานี,,,V892,ไม่ระบุพาหนะ
2588,2026,41.0,ชาย,ไม่ระบุ,ปากท่อ,ราชบุรี,19/3/2026,ไม่ระบุ,ปากท่อ,ราชบุรี,,,V892,ไม่ระบุพาหนะ
2589,2026,28.0,ชาย,ไม่ระบุ,สีคิ้ว,นครราชสีมา,27/1/2026,ไม่ระบุ,สีคิ้ว,นครราชสีมา,,,V892,ไม่ระบุพาหนะ
2590,2026,57.0,ชาย,ไม่ระบุ,ลาดยาว,นครสวรรค์,16/1/2026,ไม่ระบุ,ลาดยาว,นครสวรรค์,,,V892,ไม่ระบุพาหนะ
2591,2026,19.0,หญิง,ไม่ระบุ,เมืองจันทบุรี,จันทบุรี,2/2/2026,ไม่ระบุ,เมืองจันทบุรี,จันทบุรี,,,V892,ไม่ระบุพาหนะ
2592,2026,70.0,ชาย,ไม่ระบุ,เมืองชัยภูมิ,ชัยภูมิ,9/2/2026,ไม่ระบุ,เมืองชัยภูมิ,ชัยภูมิ,,,V892,ไม่ระบุพาหนะ
2593,2026,18.0,ชาย,ไม่ระบุ,เมืองสุราษฎร์ธานี,สุราษฎร์ธานี,25/2/2026,ไม่ระบุ,เมืองสุราษฎร์ธานี,สุราษฎร์ธานี,,,V892,ไม่ระบุพาหนะ
2594,2026,37.0,ชาย,ไม่ระบุ,บางละมุง,ชลบุรี,12/3/2026,ไม่ระบุ,บางละมุง,ชลบุรี,,,V892,ไม่ระบุพาหนะ
2595,2026,60.0,ชาย,ไม่ระบุ,บุณฑริก,อุบลราชธานี,7/3/2026,ไม่ระบุ,บุณฑริก,อุบลราชธานี,,,V892,ไม่ระบุพาหนะ
2596,2026,52.0,ชาย,ไม่ระบุ,เมืองตรัง,ตรัง,27/3/2026,ไม่ระบุ,เมืองตรัง,ตรัง,,,V299,รถจักรยานยนต์
2597,2026,64.0,หญิง,ไม่ระบุ,พระนครศรีอยุธยา,พระนครศรีอยุธยา,5/1/2026,ไม่ระบุ,พระนครศรีอยุธยา,พระนครศรีอยุธยา,,,V892,ไม่ระบุพาหนะ
2598,2026,79.0,ชาย,ไม่ระบุ,วังสะพุง,เลย,17/1/2026,ไม่ระบุ,วังสะพุง,เลย,,,V892,ไม่ระบุพาหนะ
2599,2026,64.0,หญิง,ไม่ระบุ,เมืองนราธิวาส,นราธิวาส,30/1/2026,ไม่ระบุ,เมืองนราธิวาส,นราธิวาส,,,V892,ไม่ระบุพาหนะ
2600,2026,71.0,ชาย,ไม่ระบุ,สองแคว,น่าน,13/2/2026,ไม่ระบุ,สองแคว,น่าน,,,V892,ไม่ระบุพาหนะ
2601,2026,20.0,ชาย,ไม่ระบุ,เมืองสุราษฎร์ธานี,สุราษฎร์ธานี,20/2/2026,ไม่ระบุ,เมืองสุราษฎร์ธานี,สุราษฎร์ธานี,,,V892,ไม่ระบุพาหนะ
2602,2026,44.0,หญิง,ไม่ระบุ,บางละมุง,ชลบุรี,7/3/2026,ไม่ระบุ,บางละมุง,ชลบุรี,,,V892,ไม่ระบุพาหนะ
2603,2026,15.0,ชาย,ไม่ระบุ,แม่ริม,เชียงใหม่,15/3/2026,ไม่ระบุ,แม่ริม,เชียงใหม่,,,V892,ไม่ระบุพาหนะ
2604,2026,65.0,ชาย,ไม่ระบุ,เมืองกระบี่,กระบี่,18/1/2026,ไม่ระบุ,เมืองกระบี่,กระบี่,,,V892,ไม่ระบุพาหนะ
2605,2026,37.0,ชาย,ไม่ระบุ,เมืองสมุทรสาคร,สมุทรสาคร,22/2/2026,ไม่ระบุ,เมืองสมุทรสาคร,สมุทรสาคร,,,V892,ไม่ระบุพาหนะ
2606,2026,52.0,ชาย,ไม่ระบุ,แม่ริม,เชียงใหม่,25/3/2026,ไม่ระบุ,แม่ริม,เชียงใหม่,,,V892,ไม่ระบุพาหนะ
2607,2026,37.0,หญิง,ไม่ระบุ,ขลุง,จันทบุรี,1/2/2026,ไม่ระบุ,ขลุง,จันทบุรี,,,V039,คนเดินเท้า
2608,2026,70.0,ชาย,ไม่ระบุ,เมืองน่าน,น่าน,22/2/2026,ไม่ระบุ,เมืองน่าน,น่าน,,,V892,ไม่ระบุพาหนะ
2609,2026,34.0,ชาย,ไม่ระบุ,บางละมุง,ชลบุรี,7/3/2026,ไม่ระบุ,บางละมุง,ชลบุรี,,,V892,ไม่ระบุพาหนะ
2610,2026,35.0,หญิง,ไม่ระบุ,โพธาราม,ราชบุรี,2/3/2026,ไม่ระบุ,โพธาราม,ราชบุรี,,,V892,ไม่ระบุพาหนะ
2611,2026,66.0,ชาย,ไม่ระบุ,เมืองอ่างทอง,อ่างทอง,4/1/2026,ไม่ระบุ,เมืองอ่างทอง,อ่างทอง,,,V892,ไม่ระบุพาหนะ
2612,2026,33.0,หญิง,ไม่ระบุ,เหนือคลอง,กระบี่,6/1/2026,ไม่ระบุ,เหนือคลอง,กระบี่,,,V299,รถจักรยานยนต์
2613,2026,25.0,หญิง,ไม่ระบุ,มะขาม,จันทบุรี,14/2/2026,ไม่ระบุ,มะขาม,จันทบุรี,,,V274,รถจักรยานยนต์
2614,2026,69.0,ชาย,ไม่ระบุ,เมืองน่าน,น่าน,16/2/2026,ไม่ระบุ,เมืองน่าน,น่าน,,,V892,ไม่ระบุพาหนะ
2615,2026,60.0,ชาย,ไม่ระบุ,เมืองนครนายก,นครนายก,28/2/2026,ไม่ระบุ,เมืองนครนายก,นครนายก,,,V429,รถยนต์
2616,2026,27.0,ชาย,ไม่ระบุ,เมืองขอนแก่น,ขอนแก่น,10/2/2026,ไม่ระบุ,เมืองขอนแก่น,ขอนแก่น,,,V892,ไม่ระบุพาหนะ
2617,2026,44.0,หญิง,ไม่ระบุ,เมืองชลบุรี,ชลบุรี,6/3/2026,ไม่ระบุ,เมืองชลบุรี,ชลบุรี,,,V892,ไม่ระบุพาหนะ
2618,2026,28.0,ชาย,ไม่ระบุ,เมืองอ่างทอง,อ่างทอง,4/1/2026,ไม่ระบุ,เมืองอ่างทอง,อ่างทอง,,,V892,ไม่ระบุพาหนะ
2619,2026,39.0,ชาย,ไม่ระบุ,เมืองนครราชสีมา,นครราชสีมา,14/1/2026,ไม่ระบุ,เมืองนครราชสีมา,นครราชสีมา,,,V818,ไม่ระบุพาหนะ
2620,2026,57.0,หญิง,ไม่ระบุ,เมืองหนองคาย,หนองคาย,23/1/2026,ไม่ระบุ,เมืองหนองคาย,หนองคาย,,,V892,ไม่ระบุพาหนะ
2621,2026,15.0,หญิง,ไม่ระบุ,โซ่พิสัย,บึงกาฬ,10/2/2026,ไม่ระบุ,โซ่พิสัย,บึงกาฬ,,,V892,ไม่ระบุพาหนะ
2622,2026,39.0,ชาย,ไม่ระบุ,เมืองน่าน,น่าน,22/2/2026,ไม่ระบุ,เมืองน่าน,น่าน,,,V892,ไม่ระบุพาหนะ
2623,2026,39.0,ชาย,ไม่ระบุ,เมืองเพชรบุรี,เพชรบุรี,11/2/2026,ไม่ระบุ,เมืองเพชรบุรี,เพชรบุรี,,,V892,ไม่ระบุพาหนะ
2624,2026,60.0,ชาย,ไม่ระบุ,กิ่งอำเภอเหล่าเสือโก้ก,อุบลราชธานี,15/3/2026,ไม่ระบุ,กิ่งอำเภอเหล่าเสือโก้ก,อุบลราชธานี,,,V892,ไม่ระบุพาหนะ
2625,2026,52.0,ชาย,ไม่ระบุ,เมืองอ่างทอง,อ่างทอง,1/1/2026,ไม่ระบุ,เมืองอ่างทอง,อ่างทอง,,,V892,ไม่ระบุพาหนะ
2626,2026,36.0,ชาย,ไม่ระบุ,โนนสูง,นครราชสีมา,27/1/2026,ไม่ระบุ,โนนสูง,นครราชสีมา,,,V892,ไม่ระบุพาหนะ
2627,2026,79.0,ชาย,ไม่ระบุ,ลาดยาว,นครสวรรค์,3/1/2026,ไม่ระบุ,ลาดยาว,นครสวรรค์,,,V892,ไม่ระบุพาหนะ
2628,2026,15.0,ชาย,ไม่ระบุ,เขตบางกะปิ,กรุงเทพมหานคร,12/2/2026,ไม่ระบุ,เขตบางกะปิ,กรุงเทพมหานคร,,,V299,รถจักรยานยนต์
2629,2026,59.0,หญิง,ไม่ระบุ,เมืองน่าน,น่าน,9/2/2026,ไม่ระบุ,เมืองน่าน,น่าน,,,V892,ไม่ระบุพาหนะ
2630,2026,50.0,ชาย,ไม่ระบุ,เมืองสงขลา,สงขลา,28/2/2026,ไม่ระบุ,เมืองสงขลา,สงขลา,,,V892,ไม่ระบุพาหนะ
2631,2026,51.0,ชาย,ไม่ระบุ,เมืองตรัง,ตรัง,1/3/2026,ไม่ระบุ,เมืองตรัง,ตรัง,,,V892,ไม่ระบุพาหนะ
2632,2026,68.0,หญิง,ไม่ระบุ,บัวใหญ่,นครราชสีมา,7/1/2026,ไม่ระบุ,บัวใหญ่,นครราชสีมา,,,V892,ไม่ระบุพาหนะ
2633,2026,93.0,ชาย,ไม่ระบุ,กิ่งอำเภอชุมตาบง,นครสวรรค์,18/1/2026,ไม่ระบุ,กิ่งอำเภอชุมตาบง,นครสวรรค์,,,V892,ไม่ระบุพาหนะ
2634,2026,57.0,ชาย,ไม่ระบุ,เมืองกระบี่,กระบี่,14/1/2026,ไม่ระบุ,เมืองกระบี่,กระบี่,,,V892,ไม่ระบุพาหนะ
2635,2026,36.0,ชาย,ไม่ระบุ,หาดใหญ่,สงขลา,27/2/2026,ไม่ระบุ,หาดใหญ่,สงขลา,,,V892,ไม่ระบุพาหนะ
2636,2026,31.0,ชาย,ไม่ระบุ,บ้านโป่ง,ราชบุรี,28/3/2026,ไม่ระบุ,บ้านโป่ง,ราชบุรี,,,V892,ไม่ระบุพาหนะ
2637,2026,25.0,หญิง,ไม่ระบุ,กิ่งอำเภอนิคมพัฒนา,ระยอง,10/1/2026,ไม่ระบุ,กิ่งอำเภอนิคมพัฒนา,ระยอง,,,V892,ไม่ระบุพาหนะ
2638,2026,12.0,ชาย,ไม่ระบุ,เขตปทุมวัน,กรุงเทพมหานคร,15/2/2026,ไม่ระบุ,เขตปทุมวัน,กรุงเทพมหานคร,,,V892,ไม่ระบุพาหนะ
2639,2026,44.0,ชาย,ไม่ระบุ,กิ่งอำเภอเขาคิชฌกูฏ,จันทบุรี,11/2/2026,ไม่ระบุ,กิ่งอำเภอเขาคิชฌกูฏ,จันทบุรี,,,V892,ไม่ระบุพาหนะ
2640,2026,66.0,หญิง,ไม่ระบุ,เมืองบึงกาฬ,บึงกาฬ,9/2/2026,ไม่ระบุ,เมืองบึงกาฬ,บึงกาฬ,,,V892,ไม่ระบุพาหนะ
2641,2026,51.0,ชาย,ไม่ระบุ,บางละมุง,ชลบุรี,24/3/2026,ไม่ระบุ,บางละมุง,ชลบุรี,,,V892,ไม่ระบุพาหนะ
2642,2026,59.0,หญิง,ไม่ระบุ,กิ่งอำเภอแม่ออน,เชียงใหม่,19/3/2026,ไม่ระบุ,กิ่งอำเภอแม่ออน,เชียงใหม่,,,V031,คนเดินเท้า
2643,2026,20.0,หญิง,ไม่ระบุ,บ้านโป่ง,ราชบุรี,23/3/2026,ไม่ระบุ,บ้านโป่ง,ราชบุรี,,,V295,รถจักรยานยนต์
2644,2026,49.0,ชาย,ไม่ระบุ,เมืองตาก,ตาก,20/1/2026,ไม่ระบุ,เมืองตาก,ตาก,,,V892,ไม่ระบุพาหนะ
2645,2026,68.0,ชาย,ไม่ระบุ,ตะกั่วทุ่ง,พังงา,6/1/2026,ไม่ระบุ,ตะกั่วทุ่ง,พังงา,,,V099,คนเดินเท้า
2646,2026,26.0,ชาย,ไม่ระบุ,เขตปทุมวัน,กรุงเทพมหานคร,10/2/2026,ไม่ระบุ,เขตปทุมวัน,กรุงเทพมหานคร,,,V892,ไม่ระบุพาหนะ
2647,2026,76.0,ชาย,ไม่ระบุ,กิ่งอำเภอเขาคิชฌกูฏ,จันทบุรี,17/2/2026,ไม่ระบุ,กิ่งอำเภอเขาคิชฌกูฏ,จันทบุรี,,,V892,ไม่ระบุพาหนะ
2648,2026,88.0,ชาย,ไม่ระบุ,เมืองพะเยา,พะเยา,4/2/2026,ไม่ระบุ,เมืองพะเยา,พะเยา,,,V892,ไม่ระบุพาหนะ
2649,2026,59.0,หญิง,ไม่ระบุ,บ้านแหลม,เพชรบุรี,21/2/2026,ไม่ระบุ,บ้านแหลม,เพชรบุรี,,,V892,ไม่ระบุพาหนะ
2650,2026,57.0,ชาย,ไม่ระบุ,บางละมุง,ชลบุรี,12/3/2026,ไม่ระบุ,บางละมุง,ชลบุรี,,,V892,ไม่ระบุพาหนะ
2651,2026,73.0,ชาย,ไม่ระบุ,เมือง,ราชบุรี,31/3/2026,ไม่ระบุ,เมือง,ราชบุรี,,,V892,ไม่ระบุพาหนะ
2652,2026,49.0,ชาย,ไม่ระบุ,ปากช่อง,นครราชสีมา,22/1/2026,ไม่ระบุ,ปากช่อง,นครราชสีมา,,,V892,ไม่ระบุพาหนะ
2653,2026,17.0,ชาย,ไม่ระบุ,เขตพระโขนง,กรุงเทพมหานคร,23/2/2026,ไม่ระบุ,เขตพระโขนง,กรุงเทพมหานคร,,,V892,ไม่ระบุพาหนะ
2654,2026,57.0,หญิง,ไม่ระบุ,สอยดาว,จันทบุรี,17/2/2026,ไม่ระบุ,สอยดาว,จันทบุรี,,,V892,ไม่ระบุพาหนะ
2655,2026,72.0,หญิง,ไม่ระบุ,โซ่พิสัย,บึงกาฬ,20/2/2026,ไม่ระบุ,โซ่พิสัย,บึงกาฬ,,,V299,รถจักรยานยนต์
2656,2026,66.0,ชาย,ไม่ระบุ,เมืองพัทลุง,พัทลุง,24/2/2026,ไม่ระบุ,เมืองพัทลุง,พัทลุง,,,V892,ไม่ระบุพาหนะ
2657,2026,61.0,หญิง,ไม่ระบุ,สันกำแพง,เชียงใหม่,29/3/2026,ไม่ระบุ,สันกำแพง,เชียงใหม่,,,V892,ไม่ระบุพาหนะ
2658,2026,78.0,ชาย,ไม่ระบุ,เมือง,ราชบุรี,17/3/2026,ไม่ระบุ,เมือง,ราชบุรี,,,V892,ไม่ระบุพาหนะ
2659,2026,34.0,ชาย,ไม่ระบุ,ปากช่อง,นครราชสีมา,17/1/2026,ไม่ระบุ,ปากช่อง,นครราชสีมา,,,V892,ไม่ระบุพาหนะ
2660,2026,52.0,ชาย,ไม่ระบุ,เขตพระโขนง,กรุงเทพมหานคร,9/2/2026,ไม่ระบุ,เขตพระโขนง,กรุงเทพมหานคร,,,V892,ไม่ระบุพาหนะ
2661,2026,61.0,ชาย,ไม่ระบุ,เมืองหนองบัวลำภู,หนองบัวลำภู,21/2/2026,ไม่ระบุ,เมืองหนองบัวลำภู,หนองบัวลำภู,,,V099,คนเดินเท้า
2662,2026,53.0,ชาย,ไม่ระบุ,ศรีราชา,ชลบุรี,26/3/2026,ไม่ระบุ,ศรีราชา,ชลบุรี,,,V892,ไม่ระบุพาหนะ
2663,2026,23.0,ชาย,ไม่ระบุ,สันกำแพง,เชียงใหม่,21/3/2026,ไม่ระบุ,สันกำแพง,เชียงใหม่,,,V892,ไม่ระบุพาหนะ
2664,2026,45.0,หญิง,ไม่ระบุ,เมือง,ราชบุรี,16/3/2026,ไม่ระบุ,เมือง,ราชบุรี,,,V892,ไม่ระบุพาหนะ
2665,2026,32.0,ชาย,ไม่ระบุ,ปากช่อง,นครราชสีมา,18/1/2026,ไม่ระบุ,ปากช่อง,นครราชสีมา,,,V892,ไม่ระบุพาหนะ
2666,2026,19.0,ชาย,ไม่ระบุ,เมืองจันทบุรี,จันทบุรี,7/2/2026,ไม่ระบุ,เมืองจันทบุรี,จันทบุรี,,,V892,ไม่ระบุพาหนะ
2667,2026,0.0,ชาย,ไม่ระบุ,เมือง,ราชบุรี,6/3/2026,ไม่ระบุ,เมือง,ราชบุรี,,,V892,ไม่ระบุพาหนะ
2668,2026,14.0,ชาย,ไม่ระบุ,เมืองปัตตานี,ปัตตานี,7/3/2026,ไม่ระบุ,เมืองปัตตานี,ปัตตานี,,,V299,รถจักรยานยนต์
2669,2026,68.0,ชาย,ไม่ระบุ,ปากช่อง,นครราชสีมา,13/1/2026,ไม่ระบุ,ปากช่อง,นครราชสีมา,,,V892,ไม่ระบุพาหนะ
2670,2026,31.0,ชาย,ไม่ระบุ,เมืองภูเก็ต,ภูเก็ต,9/1/2026,ไม่ระบุ,เมืองภูเก็ต,ภูเก็ต,,,V029,คนเดินเท้า
2671,2026,81.0,ชาย,ไม่ระบุ,เมืองจันทบุรี,จันทบุรี,18/2/2026,ไม่ระบุ,เมืองจันทบุรี,จันทบุรี,,,V892,ไม่ระบุพาหนะ
2672,2026,64.0,ชาย,ไม่ระบุ,นากลาง,หนองบัวลำภู,15/2/2026,ไม่ระบุ,นากลาง,หนองบัวลำภู,,,V099,คนเดินเท้า
2673,2026,14.0,ชาย,ไม่ระบุ,เมืองปัตตานี,ปัตตานี,26/2/2026,ไม่ระบุ,เมืองปัตตานี,ปัตตานี,,,V892,ไม่ระบุพาหนะ
2674,2026,71.0,หญิง,ไม่ระบุ,ศรีราชา,ชลบุรี,7/3/2026,ไม่ระบุ,ศรีราชา,ชลบุรี,,,V892,ไม่ระบุพาหนะ
2675,2026,15.0,ชาย,ไม่ระบุ,เดชอุดม,อุบลราชธานี,16/3/2026,ไม่ระบุ,เดชอุดม,อุบลราชธานี,,,V892,ไม่ระบุพาหนะ
2676,2026,19.0,หญิง,ไม่ระบุ,โคกสำโรง,ลพบุรี,16/1/2026,ไม่ระบุ,โคกสำโรง,ลพบุรี,,,V099,คนเดินเท้า
2677,2026,23.0,ชาย,ไม่ระบุ,เมืองนครราชสีมา,นครราชสีมา,27/1/2026,ไม่ระบุ,เมืองนครราชสีมา,นครราชสีมา,,,V892,ไม่ระบุพาหนะ
2678,2026,44.0,ชาย,ไม่ระบุ,เมืองภูเก็ต,ภูเก็ต,19/1/2026,ไม่ระบุ,เมืองภูเก็ต,ภูเก็ต,,,V892,ไม่ระบุพาหนะ
2679,2026,18.0,ชาย,ไม่ระบุ,เมืองจันทบุรี,จันทบุรี,22/2/2026,ไม่ระบุ,เมืองจันทบุรี,จันทบุรี,,,V892,ไม่ระบุพาหนะ
2680,2026,33.0,ชาย,ไม่ระบุ,เบตง,ยะลา,27/2/2026,ไม่ระบุ,เบตง,ยะลา,,,V039,คนเดินเท้า
2681,2026,63.0,ชาย,ไม่ระบุ,เมืองยะลา,ยะลา,2/3/2026,ไม่ระบุ,เมืองยะลา,ยะลา,,,V029,คนเดินเท้า
2682,2026,31.0,ชาย,ไม่ระบุ,โคกสำโรง,ลพบุรี,29/1/2026,ไม่ระบุ,โคกสำโรง,ลพบุรี,,,V099,คนเดินเท้า
2683,2026,31.0,ชาย,ไม่ระบุ,เมืองนครราชสีมา,นครราชสีมา,29/1/2026,ไม่ระบุ,เมืองนครราชสีมา,นครราชสีมา,,,V892,ไม่ระบุพาหนะ
2684,2026,57.0,ชาย,ไม่ระบุ,พยัคฆภูมิพิสัย,มหาสารคาม,17/1/2026,ไม่ระบุ,พยัคฆภูมิพิสัย,มหาสารคาม,,,V892,ไม่ระบุพาหนะ
2685,2026,85.0,ชาย,ไม่ระบุ,เมืองอุทัยธานี,อุทัยธานี,25/1/2026,ไม่ระบุ,เมืองอุทัยธานี,อุทัยธานี,,,V892,ไม่ระบุพาหนะ
2686,2026,72.0,ชาย,ไม่ระบุ,ถลาง,ภูเก็ต,25/1/2026,ไม่ระบุ,ถลาง,ภูเก็ต,,,V892,ไม่ระบุพาหนะ
2687,2026,45.0,หญิง,ไม่ระบุ,เมืองจันทบุรี,จันทบุรี,9/2/2026,ไม่ระบุ,เมืองจันทบุรี,จันทบุรี,,,V892,ไม่ระบุพาหนะ
2688,2026,80.0,ชาย,ไม่ระบุ,แม่สาย,เชียงราย,12/2/2026,ไม่ระบุ,แม่สาย,เชียงราย,,,V892,ไม่ระบุพาหนะ
2689,2026,77.0,ชาย,ไม่ระบุ,เมืองเพชรบุรี,เพชรบุรี,1/2/2026,ไม่ระบุ,เมืองเพชรบุรี,เพชรบุรี,,,V892,ไม่ระบุพาหนะ
2690,2026,40.0,ชาย,ไม่ระบุ,รือเสาะ,นราธิวาส,26/2/2026,ไม่ระบุ,รือเสาะ,นราธิวาส,,,V689,รถบรรทุกหนัก
2691,2026,33.0,หญิง,ไม่ระบุ,ไทรโยค,กาญจนบุรี,8/3/2026,ไม่ระบุ,ไทรโยค,กาญจนบุรี,,,V892,ไม่ระบุพาหนะ
2692,2026,17.0,ชาย,ไม่ระบุ,เมืองนครราชสีมา,นครราชสีมา,24/1/2026,ไม่ระบุ,เมืองนครราชสีมา,นครราชสีมา,,,V892,ไม่ระบุพาหนะ
2693,2026,66.0,หญิง,ไม่ระบุ,เมืองภูเก็ต,ภูเก็ต,22/1/2026,ไม่ระบุ,เมืองภูเก็ต,ภูเก็ต,,,V892,ไม่ระบุพาหนะ
2694,2026,18.0,ชาย,ไม่ระบุ,เมืองจันทบุรี,จันทบุรี,7/2/2026,ไม่ระบุ,เมืองจันทบุรี,จันทบุรี,,,V892,ไม่ระบุพาหนะ
2695,2026,57.0,ชาย,ไม่ระบุ,เมืองหนองบัวลำภู,หนองบัวลำภู,4/2/2026,ไม่ระบุ,เมืองหนองบัวลำภู,หนองบัวลำภู,,,V892,ไม่ระบุพาหนะ
2696,2026,41.0,ชาย,ไม่ระบุ,แม่สรวย,เชียงราย,16/2/2026,ไม่ระบุ,แม่สรวย,เชียงราย,,,V892,ไม่ระบุพาหนะ
2697,2026,66.0,ชาย,ไม่ระบุ,สันทราย,เชียงใหม่,15/3/2026,ไม่ระบุ,สันทราย,เชียงใหม่,,,V892,ไม่ระบุพาหนะ
2698,2026,64.0,ชาย,ไม่ระบุ,เมืองกำแพงเพชร,กำแพงเพชร,11/1/2026,ไม่ระบุ,เมืองกำแพงเพชร,กำแพงเพชร,,,V489,รถยนต์
2699,2026,23.0,ชาย,ไม่ระบุ,เมืองจันทบุรี,จันทบุรี,6/2/2026,ไม่ระบุ,เมืองจันทบุรี,จันทบุรี,,,V892,ไม่ระบุพาหนะ
2700,2026,63.0,หญิง,ไม่ระบุ,เวียงป่าเป้า,เชียงราย,14/2/2026,ไม่ระบุ,เวียงป่าเป้า,เชียงราย,,,V479,รถยนต์
2701,2026,21.0,ชาย,ไม่ระบุ,เมืองเพชรบุรี,เพชรบุรี,19/2/2026,ไม่ระบุ,เมืองเพชรบุรี,เพชรบุรี,,,V892,ไม่ระบุพาหนะ
2702,2026,40.0,ชาย,ไม่ระบุ,ค่ายบางระจัน,สิงห์บุรี,19/3/2026,ไม่ระบุ,ค่ายบางระจัน,สิงห์บุรี,,,V479,รถยนต์
2703,2026,23.0,ชาย,ไม่ระบุ,ปลวกแดง,ระยอง,12/3/2026,ไม่ระบุ,ปลวกแดง,ระยอง,,,V892,ไม่ระบุพาหนะ
2704,2026,52.0,ชาย,ไม่ระบุ,เมืองอุบลราชธานี,อุบลราชธานี,25/3/2026,ไม่ระบุ,เมืองอุบลราชธานี,อุบลราชธานี,,,V892,ไม่ระบุพาหนะ
2705,2026,30.0,ชาย,ไม่ระบุ,เมืองยะลา,ยะลา,24/3/2026,ไม่ระบุ,เมืองยะลา,ยะลา,,,V892,ไม่ระบุพาหนะ
2706,2026,52.0,ชาย,ไม่ระบุ,เมืองนครราชสีมา,นครราชสีมา,16/1/2026,ไม่ระบุ,เมืองนครราชสีมา,นครราชสีมา,,,V892,ไม่ระบุพาหนะ
2707,2026,25.0,ชาย,ไม่ระบุ,เมืองกำแพงเพชร,กำแพงเพชร,22/1/2026,ไม่ระบุ,เมืองกำแพงเพชร,กำแพงเพชร,,,V299,รถจักรยานยนต์
2708,2026,55.0,ชาย,ไม่ระบุ,เมืองภูเก็ต,ภูเก็ต,19/1/2026,ไม่ระบุ,เมืองภูเก็ต,ภูเก็ต,,,V892,ไม่ระบุพาหนะ
2709,2026,43.0,ชาย,ไม่ระบุ,เมืองจันทบุรี,จันทบุรี,15/2/2026,ไม่ระบุ,เมืองจันทบุรี,จันทบุรี,,,V892,ไม่ระบุพาหนะ
2710,2026,25.0,ชาย,ไม่ระบุ,แก่งคอย,สระบุรี,22/2/2026,ไม่ระบุ,แก่งคอย,สระบุรี,,,V892,ไม่ระบุพาหนะ
2711,2026,83.0,ชาย,ไม่ระบุ,พญาเม็งราย,เชียงราย,19/2/2026,ไม่ระบุ,พญาเม็งราย,เชียงราย,,,V892,ไม่ระบุพาหนะ
2712,2026,37.0,ชาย,ไม่ระบุ,บางสะพานน้อย,ประจวบคีรีขันธ์,26/2/2026,ไม่ระบุ,บางสะพานน้อย,ประจวบคีรีขันธ์,,,V892,ไม่ระบุพาหนะ
2713,2026,63.0,ชาย,ไม่ระบุ,เมืองนครราชสีมา,นครราชสีมา,20/3/2026,ไม่ระบุ,เมืองนครราชสีมา,นครราชสีมา,,,V892,ไม่ระบุพาหนะ
2714,2026,35.0,ชาย,ไม่ระบุ,เมืองอุบลราชธานี,อุบลราชธานี,27/3/2026,ไม่ระบุ,เมืองอุบลราชธานี,อุบลราชธานี,,,V284,รถจักรยานยนต์
2715,2026,35.0,ชาย,ไม่ระบุ,ฝาง,เชียงใหม่,19/3/2026,ไม่ระบุ,ฝาง,เชียงใหม่,,,V892,ไม่ระบุพาหนะ
2716,2026,58.0,หญิง,ไม่ระบุ,เมืองนครราชสีมา,นครราชสีมา,16/1/2026,ไม่ระบุ,เมืองนครราชสีมา,นครราชสีมา,,,V892,ไม่ระบุพาหนะ
2717,2026,16.0,ชาย,ไม่ระบุ,เมืองภูเก็ต,ภูเก็ต,26/1/2026,ไม่ระบุ,เมืองภูเก็ต,ภูเก็ต,,,V892,ไม่ระบุพาหนะ
2718,2026,68.0,ชาย,ไม่ระบุ,เขตบางกอกน้อย,กรุงเทพมหานคร,24/2/2026,ไม่ระบุ,เขตบางกอกน้อย,กรุงเทพมหานคร,,,V892,ไม่ระบุพาหนะ
2719,2026,46.0,ชาย,ไม่ระบุ,เมืองตราด,ตราด,20/2/2026,ไม่ระบุ,เมืองตราด,ตราด,,,V892,ไม่ระบุพาหนะ
2720,2026,32.0,ชาย,ไม่ระบุ,ชุมแพ,ขอนแก่น,18/2/2026,ไม่ระบุ,ชุมแพ,ขอนแก่น,,,V284,รถจักรยานยนต์
2721,2026,40.0,ชาย,ไม่ระบุ,บางสะพานน้อย,ประจวบคีรีขันธ์,26/2/2026,ไม่ระบุ,บางสะพานน้อย,ประจวบคีรีขันธ์,,,V892,ไม่ระบุพาหนะ
2722,2026,60.0,ชาย,ไม่ระบุ,เมืองนครราชสีมา,นครราชสีมา,23/3/2026,ไม่ระบุ,เมืองนครราชสีมา,นครราชสีมา,,,V892,ไม่ระบุพาหนะ
2723,2026,67.0,หญิง,ไม่ระบุ,กิ่งอำเภอเขาชะเมา,ระยอง,15/3/2026,ไม่ระบุ,กิ่งอำเภอเขาชะเมา,ระยอง,,,V892,ไม่ระบุพาหนะ
2724,2026,49.0,ชาย,ไม่ระบุ,เมืองอุบลราชธานี,อุบลราชธานี,26/3/2026,ไม่ระบุ,เมืองอุบลราชธานี,อุบลราชธานี,,,V284,รถจักรยานยนต์
2725,2026,14.0,หญิง,ไม่ระบุ,ฝาง,เชียงใหม่,7/3/2026,ไม่ระบุ,ฝาง,เชียงใหม่,,,V892,ไม่ระบุพาหนะ
2726,2026,67.0,ชาย,ไม่ระบุ,ศรีสวัสดิ์,กาญจนบุรี,9/3/2026,ไม่ระบุ,ศรีสวัสดิ์,กาญจนบุรี,,,V892,ไม่ระบุพาหนะ
2727,2026,14.0,ชาย,ไม่ระบุ,เมืองยะลา,ยะลา,31/3/2026,ไม่ระบุ,เมืองยะลา,ยะลา,,,V892,ไม่ระบุพาหนะ
2728,2026,37.0,ชาย,ไม่ระบุ,เมืองลพบุรี,ลพบุรี,29/1/2026,ไม่ระบุ,เมืองลพบุรี,ลพบุรี,,,V294,รถจักรยานยนต์
2729,2026,53.0,ชาย,ไม่ระบุ,เมืองนครราชสีมา,นครราชสีมา,16/1/2026,ไม่ระบุ,เมืองนครราชสีมา,นครราชสีมา,,,V892,ไม่ระบุพาหนะ
2730,2026,41.0,ชาย,ไม่ระบุ,เมืองภูเก็ต,ภูเก็ต,16/1/2026,ไม่ระบุ,เมืองภูเก็ต,ภูเก็ต,,,V892,ไม่ระบุพาหนะ
2731,2026,73.0,หญิง,ไม่ระบุ,เมืองตราด,ตราด,17/2/2026,ไม่ระบุ,เมืองตราด,ตราด,,,V892,ไม่ระบุพาหนะ
2732,2026,2.0,หญิง,ไม่ระบุ,ปราณบุรี,ประจวบคีรีขันธ์,14/2/2026,ไม่ระบุ,ปราณบุรี,ประจวบคีรีขันธ์,,,V892,ไม่ระบุพาหนะ
2733,2026,28.0,หญิง,ไม่ระบุ,กิ่งอำเภอนิคมพัฒนา,ระยอง,15/3/2026,ไม่ระบุ,กิ่งอำเภอนิคมพัฒนา,ระยอง,,,V892,ไม่ระบุพาหนะ
2734,2026,26.0,ชาย,ไม่ระบุ,ดอยสะเก็ด,เชียงใหม่,8/3/2026,ไม่ระบุ,ดอยสะเก็ด,เชียงใหม่,,,V892,ไม่ระบุพาหนะ
2735,2026,16.0,ชาย,ไม่ระบุ,ตากใบ,นราธิวาส,2/3/2026,ไม่ระบุ,ตากใบ,นราธิวาส,,,V892,ไม่ระบุพาหนะ
2736,2026,30.0,ชาย,ไม่ระบุ,เมืองลพบุรี,ลพบุรี,7/1/2026,ไม่ระบุ,เมืองลพบุรี,ลพบุรี,,,V279,รถจักรยานยนต์
2737,2026,56.0,หญิง,ไม่ระบุ,เมืองนครราชสีมา,นครราชสีมา,14/1/2026,ไม่ระบุ,เมืองนครราชสีมา,นครราชสีมา,,,V892,ไม่ระบุพาหนะ
2738,2026,68.0,ชาย,ไม่ระบุ,เมืองมหาสารคาม,มหาสารคาม,22/1/2026,ไม่ระบุ,เมืองมหาสารคาม,มหาสารคาม,,,V892,ไม่ระบุพาหนะ
2739,2026,35.0,ชาย,ไม่ระบุ,เมืองนครปฐม,นครปฐม,23/2/2026,ไม่ระบุ,เมืองนครปฐม,นครปฐม,,,V892,ไม่ระบุพาหนะ
2740,2026,42.0,ชาย,ไม่ระบุ,หนองเรือ,ขอนแก่น,13/2/2026,ไม่ระบุ,หนองเรือ,ขอนแก่น,,,V090,คนเดินเท้า
2741,2026,77.0,ชาย,ไม่ระบุ,เทิง,เชียงราย,22/2/2026,ไม่ระบุ,เทิง,เชียงราย,,,V892,ไม่ระบุพาหนะ
2742,2026,17.0,ชาย,ไม่ระบุ,กิ่งอำเภอนิคมพัฒนา,ระยอง,20/3/2026,ไม่ระบุ,กิ่งอำเภอนิคมพัฒนา,ระยอง,,,V892,ไม่ระบุพาหนะ
2743,2026,56.0,ชาย,ไม่ระบุ,เมืองอุบลราชธานี,อุบลราชธานี,30/3/2026,ไม่ระบุ,เมืองอุบลราชธานี,อุบลราชธานี,,,V892,ไม่ระบุพาหนะ
2744,2026,72.0,หญิง,ไม่ระบุ,ดอยสะเก็ด,เชียงใหม่,15/3/2026,ไม่ระบุ,ดอยสะเก็ด,เชียงใหม่,,,V892,ไม่ระบุพาหนะ
2745,2026,36.0,ชาย,ไม่ระบุ,ท่าม่วง,กาญจนบุรี,25/3/2026,ไม่ระบุ,ท่าม่วง,กาญจนบุรี,,,V892,ไม่ระบุพาหนะ
2746,2026,32.0,ชาย,ไม่ระบุ,ปางศิลาทอง,กำแพงเพชร,27/1/2026,ไม่ระบุ,ปางศิลาทอง,กำแพงเพชร,,,V499,รถยนต์
2747,2026,69.0,ชาย,ไม่ระบุ,สีชมพู,ขอนแก่น,15/2/2026,ไม่ระบุ,สีชมพู,ขอนแก่น,,,V849,ไม่ระบุพาหนะ
2748,2026,72.0,หญิง,ไม่ระบุ,เมืองเชียงราย,เชียงราย,20/2/2026,ไม่ระบุ,เมืองเชียงราย,เชียงราย,,,V892,ไม่ระบุพาหนะ
2749,2026,49.0,หญิง,ไม่ระบุ,เมืองประจวบคีรีขันธ์,ประจวบคีรีขันธ์,20/2/2026,ไม่ระบุ,เมืองประจวบคีรีขันธ์,ประจวบคีรีขันธ์,,,V299,รถจักรยานยนต์
2750,2026,52.0,ชาย,ไม่ระบุ,บ้านฉาง,ระยอง,7/3/2026,ไม่ระบุ,บ้านฉาง,ระยอง,,,V892,ไม่ระบุพาหนะ
2751,2026,45.0,หญิง,ไม่ระบุ,เมืองนครราชสีมา,นครราชสีมา,13/1/2026,ไม่ระบุ,เมืองนครราชสีมา,นครราชสีมา,,,V892,ไม่ระบุพาหนะ
2752,2026,50.0,ชาย,ไม่ระบุ,เมืองมหาสารคาม,มหาสารคาม,14/1/2026,ไม่ระบุ,เมืองมหาสารคาม,มหาสารคาม,,,V892,ไม่ระบุพาหนะ
2753,2026,69.0,ชาย,ไม่ระบุ,เมืองประจวบคีรีขันธ์,ประจวบคีรีขันธ์,9/2/2026,ไม่ระบุ,เมืองประจวบคีรีขันธ์,ประจวบคีรีขันธ์,,,V892,ไม่ระบุพาหนะ
2754,2026,25.0,หญิง,ไม่ระบุ,เมืองอุบลราชธานี,อุบลราชธานี,23/3/2026,ไม่ระบุ,เมืองอุบลราชธานี,อุบลราชธานี,,,V284,รถจักรยานยนต์
2755,2026,15.0,ชาย,ไม่ระบุ,เมืองเชียงใหม่,เชียงใหม่,23/3/2026,ไม่ระบุ,เมืองเชียงใหม่,เชียงใหม่,,,V892,ไม่ระบุพาหนะ
2756,2026,58.0,หญิง,ไม่ระบุ,เมืองนครราชสีมา,นครราชสีมา,12/1/2026,ไม่ระบุ,เมืองนครราชสีมา,นครราชสีมา,,,V892,ไม่ระบุพาหนะ
2757,2026,42.0,หญิง,ไม่ระบุ,เมืองเชียงราย,เชียงราย,25/2/2026,ไม่ระบุ,เมืองเชียงราย,เชียงราย,,,V892,ไม่ระบุพาหนะ
2758,2026,45.0,ชาย,ไม่ระบุ,วัฒนานคร,สระแก้ว,28/2/2026,ไม่ระบุ,วัฒนานคร,สระแก้ว,,,V031,คนเดินเท้า
2759,2026,70.0,ชาย,ไม่ระบุ,ปลวกแดง,ระยอง,20/3/2026,ไม่ระบุ,ปลวกแดง,ระยอง,,,V892,ไม่ระบุพาหนะ
2760,2026,22.0,ชาย,ไม่ระบุ,เมืองเชียงใหม่,เชียงใหม่,16/3/2026,ไม่ระบุ,เมืองเชียงใหม่,เชียงใหม่,,,V892,ไม่ระบุพาหนะ
2761,2026,76.0,ชาย,ไม่ระบุ,เมืองนราธิวาส,นราธิวาส,1/3/2026,ไม่ระบุ,เมืองนราธิวาส,นราธิวาส,,,V892,ไม่ระบุพาหนะ
2762,2026,40.0,ชาย,ไม่ระบุ,เมืองนครราชสีมา,นครราชสีมา,5/1/2026,ไม่ระบุ,เมืองนครราชสีมา,นครราชสีมา,,,V892,ไม่ระบุพาหนะ
2763,2026,77.0,ชาย,ไม่ระบุ,ทรายทองวัฒนา,กำแพงเพชร,11/1/2026,ไม่ระบุ,ทรายทองวัฒนา,กำแพงเพชร,,,V249,รถจักรยานยนต์
2764,2026,28.0,หญิง,ไม่ระบุ,เขตจตุจักร,กรุงเทพมหานคร,19/2/2026,ไม่ระบุ,เขตจตุจักร,กรุงเทพมหานคร,,,V892,ไม่ระบุพาหนะ
2765,2026,13.0,ชาย,ไม่ระบุ,เมืองสมุทรสาคร,สมุทรสาคร,9/2/2026,ไม่ระบุ,เมืองสมุทรสาคร,สมุทรสาคร,,,V892,ไม่ระบุพาหนะ
2766,2026,38.0,ชาย,ไม่ระบุ,น้ำพอง,ขอนแก่น,8/2/2026,ไม่ระบุ,น้ำพอง,ขอนแก่น,,,V274,รถจักรยานยนต์
2767,2026,54.0,ชาย,ไม่ระบุ,เมืองเชียงใหม่,เชียงใหม่,14/3/2026,ไม่ระบุ,เมืองเชียงใหม่,เชียงใหม่,,,V892,ไม่ระบุพาหนะ
2768,2026,63.0,ชาย,ไม่ระบุ,ท่ามะกา,กาญจนบุรี,19/3/2026,ไม่ระบุ,ท่ามะกา,กาญจนบุรี,,,V892,ไม่ระบุพาหนะ
2769,2026,60.0,ชาย,ไม่ระบุ,เมืองนครราชสีมา,นครราชสีมา,5/1/2026,ไม่ระบุ,เมืองนครราชสีมา,นครราชสีมา,,,V892,ไม่ระบุพาหนะ
2770,2026,72.0,ชาย,ไม่ระบุ,เกษตรวิสัย,ร้อยเอ็ด,23/1/2026,ไม่ระบุ,เกษตรวิสัย,ร้อยเอ็ด,,,V892,ไม่ระบุพาหนะ
2771,2026,86.0,ชาย,ไม่ระบุ,ทรายทองวัฒนา,กำแพงเพชร,18/1/2026,ไม่ระบุ,ทรายทองวัฒนา,กำแพงเพชร,,,V299,รถจักรยานยนต์
2772,2026,14.0,ชาย,ไม่ระบุ,เคียนซา,สุราษฎร์ธานี,2/1/2026,ไม่ระบุ,เคียนซา,สุราษฎร์ธานี,,,V299,รถจักรยานยนต์
2773,2026,19.0,ชาย,ไม่ระบุ,เขตจตุจักร,กรุงเทพมหานคร,11/2/2026,ไม่ระบุ,เขตจตุจักร,กรุงเทพมหานคร,,,V892,ไม่ระบุพาหนะ
2774,2026,5.0,ชาย,ไม่ระบุ,เมืองฉะเชิงเทรา,ฉะเชิงเทรา,23/2/2026,ไม่ระบุ,เมืองฉะเชิงเทรา,ฉะเชิงเทรา,,,V892,ไม่ระบุพาหนะ
2775,2026,28.0,ชาย,ไม่ระบุ,กระนวน,ขอนแก่น,19/2/2026,ไม่ระบุ,กระนวน,ขอนแก่น,,,V892,ไม่ระบุพาหนะ
2776,2026,54.0,ชาย,ไม่ระบุ,คลองลาน,กำแพงเพชร,29/3/2026,ไม่ระบุ,คลองลาน,กำแพงเพชร,,,V299,รถจักรยานยนต์
2777,2026,57.0,ชาย,ไม่ระบุ,เมืองอุบลราชธานี,อุบลราชธานี,5/3/2026,ไม่ระบุ,เมืองอุบลราชธานี,อุบลราชธานี,,,V299,รถจักรยานยนต์
2778,2026,22.0,ชาย,ไม่ระบุ,เมืองเชียงใหม่,เชียงใหม่,20/3/2026,ไม่ระบุ,เมืองเชียงใหม่,เชียงใหม่,,,V892,ไม่ระบุพาหนะ
2779,2026,27.0,ชาย,ไม่ระบุ,เมืองกำแพงเพชร,กำแพงเพชร,19/1/2026,ไม่ระบุ,เมืองกำแพงเพชร,กำแพงเพชร,,,V892,ไม่ระบุพาหนะ
2780,2026,53.0,ชาย,ไม่ระบุ,กิ่งอำเภอบ้านแฮด,ขอนแก่น,1/2/2026,ไม่ระบุ,กิ่งอำเภอบ้านแฮด,ขอนแก่น,,,V892,ไม่ระบุพาหนะ
2781,2026,76.0,ชาย,ไม่ระบุ,เมืองเชียงราย,เชียงราย,16/2/2026,ไม่ระบุ,เมืองเชียงราย,เชียงราย,,,V892,ไม่ระบุพาหนะ
2782,2026,47.0,ชาย,ไม่ระบุ,เมืองระยอง,ระยอง,18/3/2026,ไม่ระบุ,เมืองระยอง,ระยอง,,,V892,ไม่ระบุพาหนะ
2783,2026,42.0,ชาย,ไม่ระบุ,เมืองเชียงใหม่,เชียงใหม่,13/3/2026,ไม่ระบุ,เมืองเชียงใหม่,เชียงใหม่,,,V892,ไม่ระบุพาหนะ
2784,2026,35.0,ชาย,ไม่ระบุ,เมืองกาญจนบุรี,กาญจนบุรี,13/3/2026,ไม่ระบุ,เมืองกาญจนบุรี,กาญจนบุรี,,,V892,ไม่ระบุพาหนะ
2785,2026,71.0,หญิง,ไม่ระบุ,ชัยบาดาล,ลพบุรี,29/1/2026,ไม่ระบุ,ชัยบาดาล,ลพบุรี,,,V892,ไม่ระบุพาหนะ
2786,2026,55.0,ชาย,ไม่ระบุ,เมืองยโสธร,ยโสธร,3/1/2026,ไม่ระบุ,เมืองยโสธร,ยโสธร,,,V892,ไม่ระบุพาหนะ
2787,2026,30.0,ชาย,ไม่ระบุ,เมืองกำแพงเพชร,กำแพงเพชร,18/1/2026,ไม่ระบุ,เมืองกำแพงเพชร,กำแพงเพชร,,,V892,ไม่ระบุพาหนะ
2788,2026,39.0,หญิง,ไม่ระบุ,เวียงสระ,สุราษฎร์ธานี,8/1/2026,ไม่ระบุ,เวียงสระ,สุราษฎร์ธานี,,,V099,คนเดินเท้า
2789,2026,53.0,ชาย,ไม่ระบุ,เขตคลองเตย,กรุงเทพมหานคร,24/2/2026,ไม่ระบุ,เขตคลองเตย,กรุงเทพมหานคร,,,V892,ไม่ระบุพาหนะ
2790,2026,87.0,ชาย,ไม่ระบุ,ชะอวด,นครศรีธรรมราช,13/2/2026,ไม่ระบุ,ชะอวด,นครศรีธรรมราช,,,V892,ไม่ระบุพาหนะ
2791,2026,58.0,ชาย,ไม่ระบุ,เมืองระยอง,ระยอง,20/3/2026,ไม่ระบุ,เมืองระยอง,ระยอง,,,V892,ไม่ระบุพาหนะ
2792,2026,76.0,หญิง,ไม่ระบุ,เมืองอุบลราชธานี,อุบลราชธานี,13/3/2026,ไม่ระบุ,เมืองอุบลราชธานี,อุบลราชธานี,,,V892,ไม่ระบุพาหนะ
2793,2026,40.0,ชาย,ไม่ระบุ,เมืองเชียงใหม่,เชียงใหม่,1/3/2026,ไม่ระบุ,เมืองเชียงใหม่,เชียงใหม่,,,V892,ไม่ระบุพาหนะ
2794,2026,72.0,ชาย,ไม่ระบุ,เมืองกำแพงเพชร,กำแพงเพชร,18/1/2026,ไม่ระบุ,เมืองกำแพงเพชร,กำแพงเพชร,,,V892,ไม่ระบุพาหนะ
2795,2026,25.0,ชาย,ไม่ระบุ,เขตคลองเตย,กรุงเทพมหานคร,14/2/2026,ไม่ระบุ,เขตคลองเตย,กรุงเทพมหานคร,,,V892,ไม่ระบุพาหนะ
2796,2026,47.0,ชาย,ไม่ระบุ,บางน้ำเปรี้ยว,ฉะเชิงเทรา,3/2/2026,ไม่ระบุ,บางน้ำเปรี้ยว,ฉะเชิงเทรา,,,V892,ไม่ระบุพาหนะ
2797,2026,29.0,ชาย,ไม่ระบุ,มัญจาคีรี,ขอนแก่น,4/2/2026,ไม่ระบุ,มัญจาคีรี,ขอนแก่น,,,V279,รถจักรยานยนต์
2798,2026,13.0,หญิง,ไม่ระบุ,เมืองเชียงราย,เชียงราย,7/2/2026,ไม่ระบุ,เมืองเชียงราย,เชียงราย,,,V892,ไม่ระบุพาหนะ
2799,2026,37.0,ชาย,ไม่ระบุ,เมืองระยอง,ระยอง,6/3/2026,ไม่ระบุ,เมืองระยอง,ระยอง,,,V892,ไม่ระบุพาหนะ
2800,2026,18.0,ชาย,ไม่ระบุ,เมืองอุบลราชธานี,อุบลราชธานี,13/3/2026,ไม่ระบุ,เมืองอุบลราชธานี,อุบลราชธานี,,,V299,รถจักรยานยนต์
2801,2026,33.0,ชาย,ไม่ระบุ,เมืองเชียงใหม่,เชียงใหม่,1/3/2026,ไม่ระบุ,เมืองเชียงใหม่,เชียงใหม่,,,V892,ไม่ระบุพาหนะ
2802,2026,41.0,ชาย,ไม่ระบุ,เมืองกาญจนบุรี,กาญจนบุรี,22/3/2026,ไม่ระบุ,เมืองกาญจนบุรี,กาญจนบุรี,,,V892,ไม่ระบุพาหนะ
2803,2026,63.0,ชาย,ไม่ระบุ,เชียงยืน,มหาสารคาม,25/3/2026,ไม่ระบุ,เชียงยืน,มหาสารคาม,,,V294,รถจักรยานยนต์
2804,2026,65.0,ชาย,ไม่ระบุ,ชัยบาดาล,ลพบุรี,6/1/2026,ไม่ระบุ,ชัยบาดาล,ลพบุรี,,,V029,คนเดินเท้า
2805,2026,73.0,ชาย,ไม่ระบุ,เมืองร้อยเอ็ด,ร้อยเอ็ด,27/1/2026,ไม่ระบุ,เมืองร้อยเอ็ด,ร้อยเอ็ด,,,V294,รถจักรยานยนต์
2806,2026,55.0,หญิง,ไม่ระบุ,พนม,สุราษฎร์ธานี,15/1/2026,ไม่ระบุ,พนม,สุราษฎร์ธานี,,,V245,รถจักรยานยนต์
2807,2026,81.0,ชาย,ไม่ระบุ,แกลง,ระยอง,17/3/2026,ไม่ระบุ,แกลง,ระยอง,,,V239,รถจักรยานยนต์
2808,2026,75.0,ชาย,ไม่ระบุ,เมืองอุบลราชธานี,อุบลราชธานี,12/3/2026,ไม่ระบุ,เมืองอุบลราชธานี,อุบลราชธานี,,,V299,รถจักรยานยนต์
2809,2026,50.0,ชาย,ไม่ระบุ,เมืองกาญจนบุรี,กาญจนบุรี,22/3/2026,ไม่ระบุ,เมืองกาญจนบุรี,กาญจนบุรี,,,V892,ไม่ระบุพาหนะ
2810,2026,68.0,หญิง,ไม่ระบุ,บ้านกรวด,บุรีรัมย์,8/1/2026,ไม่ระบุ,บ้านกรวด,บุรีรัมย์,,,V289,รถจักรยานยนต์
2811,2026,28.0,ชาย,ไม่ระบุ,เกาะสมุย,สุราษฎร์ธานี,25/1/2026,ไม่ระบุ,เกาะสมุย,สุราษฎร์ธานี,,,V289,รถจักรยานยนต์
2812,2026,56.0,ชาย,ไม่ระบุ,เมืองเชียงราย,เชียงราย,7/2/2026,ไม่ระบุ,เมืองเชียงราย,เชียงราย,,,V892,ไม่ระบุพาหนะ
2813,2026,30.0,ชาย,ไม่ระบุ,ทุ่งสง,นครศรีธรรมราช,18/2/2026,ไม่ระบุ,ทุ่งสง,นครศรีธรรมราช,,,V499,รถยนต์
2814,2026,26.0,ชาย,ไม่ระบุ,เขตดุสิต,กรุงเทพมหานคร,13/3/2026,ไม่ระบุ,เขตดุสิต,กรุงเทพมหานคร,,,V892,ไม่ระบุพาหนะ
2815,2026,61.0,ชาย,ไม่ระบุ,แกลง,ระยอง,9/3/2026,ไม่ระบุ,แกลง,ระยอง,,,V892,ไม่ระบุพาหนะ
2816,2026,62.0,หญิง,ไม่ระบุ,เมืองอุบลราชธานี,อุบลราชธานี,11/3/2026,ไม่ระบุ,เมืองอุบลราชธานี,อุบลราชธานี,,,V284,รถจักรยานยนต์
2817,2026,24.0,ชาย,ไม่ระบุ,เมืองเชียงใหม่,เชียงใหม่,5/3/2026,ไม่ระบุ,เมืองเชียงใหม่,เชียงใหม่,,,V892,ไม่ระบุพาหนะ
2818,2026,60.0,ชาย,ไม่ระบุ,เมืองกาญจนบุรี,กาญจนบุรี,3/3/2026,ไม่ระบุ,เมืองกาญจนบุรี,กาญจนบุรี,,,V892,ไม่ระบุพาหนะ
2819,2026,42.0,ชาย,ไม่ระบุ,โพนทอง,ร้อยเอ็ด,31/3/2026,ไม่ระบุ,โพนทอง,ร้อยเอ็ด,,,V274,รถจักรยานยนต์
2820,2026,45.0,ชาย,ไม่ระบุ,เกาะสมุย,สุราษฎร์ธานี,13/1/2026,ไม่ระบุ,เกาะสมุย,สุราษฎร์ธานี,,,V099,คนเดินเท้า
2821,2026,7.0,ชาย,ไม่ระบุ,บางปะกง,ฉะเชิงเทรา,23/2/2026,ไม่ระบุ,บางปะกง,ฉะเชิงเทรา,,,V892,ไม่ระบุพาหนะ
2822,2026,13.0,ชาย,ไม่ระบุ,ร่อนพิบูลย์,นครศรีธรรมราช,6/2/2026,ไม่ระบุ,ร่อนพิบูลย์,นครศรีธรรมราช,,,V892,ไม่ระบุพาหนะ
2823,2026,22.0,ชาย,ไม่ระบุ,แกลง,ระยอง,5/3/2026,ไม่ระบุ,แกลง,ระยอง,,,V892,ไม่ระบุพาหนะ
2824,2026,37.0,ชาย,ไม่ระบุ,เมืองอุบลราชธานี,อุบลราชธานี,15/3/2026,ไม่ระบุ,เมืองอุบลราชธานี,อุบลราชธานี,,,V892,ไม่ระบุพาหนะ
2825,2026,64.0,ชาย,ไม่ระบุ,เมืองกาญจนบุรี,กาญจนบุรี,13/3/2026,ไม่ระบุ,เมืองกาญจนบุรี,กาญจนบุรี,,,V892,ไม่ระบุพาหนะ
2826,2026,59.0,ชาย,ไม่ระบุ,เมืองร้อยเอ็ด,ร้อยเอ็ด,19/3/2026,ไม่ระบุ,เมืองร้อยเอ็ด,ร้อยเอ็ด,,,V224,รถจักรยานยนต์
2827,2026,51.0,หญิง,ไม่ระบุ,เมืองกำแพงเพชร,กำแพงเพชร,6/1/2026,ไม่ระบุ,เมืองกำแพงเพชร,กำแพงเพชร,,,V299,รถจักรยานยนต์
2828,2026,25.0,หญิง,ไม่ระบุ,บางปะกง,ฉะเชิงเทรา,23/2/2026,ไม่ระบุ,บางปะกง,ฉะเชิงเทรา,,,V892,ไม่ระบุพาหนะ
2829,2026,29.0,ชาย,ไม่ระบุ,กิ่งอำเภอบ้านแฮด,ขอนแก่น,8/2/2026,ไม่ระบุ,กิ่งอำเภอบ้านแฮด,ขอนแก่น,,,V499,รถยนต์
2830,2026,29.0,ชาย,ไม่ระบุ,เมืองเชียงราย,เชียงราย,12/2/2026,ไม่ระบุ,เมืองเชียงราย,เชียงราย,,,V892,ไม่ระบุพาหนะ
2831,2026,64.0,ชาย,ไม่ระบุ,เมืองระยอง,ระยอง,24/3/2026,ไม่ระบุ,เมืองระยอง,ระยอง,,,V892,ไม่ระบุพาหนะ
2832,2026,15.0,ชาย,ไม่ระบุ,เมืองอุบลราชธานี,อุบลราชธานี,14/3/2026,ไม่ระบุ,เมืองอุบลราชธานี,อุบลราชธานี,,,V299,รถจักรยานยนต์
2833,2026,46.0,ชาย,ไม่ระบุ,ศรีสงคราม,นครพนม,31/3/2026,ไม่ระบุ,ศรีสงคราม,นครพนม,,,V499,รถยนต์
2834,2026,53.0,ชาย,ไม่ระบุ,เมืองกำแพงเพชร,กำแพงเพชร,6/1/2026,ไม่ระบุ,เมืองกำแพงเพชร,กำแพงเพชร,,,V892,ไม่ระบุพาหนะ
2835,2026,0.0,หญิง,ไม่ระบุ,บางปะกง,ฉะเชิงเทรา,23/2/2026,ไม่ระบุ,บางปะกง,ฉะเชิงเทรา,,,V892,ไม่ระบุพาหนะ
2836,2026,40.0,ชาย,ไม่ระบุ,เมืองเชียงราย,เชียงราย,11/2/2026,ไม่ระบุ,เมืองเชียงราย,เชียงราย,,,V892,ไม่ระบุพาหนะ
2837,2026,24.0,ชาย,ไม่ระบุ,เมืองระยอง,ระยอง,24/3/2026,ไม่ระบุ,เมืองระยอง,ระยอง,,,V892,ไม่ระบุพาหนะ
2838,2026,69.0,ชาย,ไม่ระบุ,ด่านช้าง,สุพรรณบุรี,4/3/2026,ไม่ระบุ,ด่านช้าง,สุพรรณบุรี,,,V289,รถจักรยานยนต์
2839,2026,43.0,ชาย,ไม่ระบุ,นาหว้า,นครพนม,27/3/2026,ไม่ระบุ,นาหว้า,นครพนม,,,V892,ไม่ระบุพาหนะ
2840,2026,75.0,ชาย,ไม่ระบุ,เมืองกำแพงเพชร,กำแพงเพชร,11/1/2026,ไม่ระบุ,เมืองกำแพงเพชร,กำแพงเพชร,,,V892,ไม่ระบุพาหนะ
2841,2026,60.0,ชาย,ไม่ระบุ,เขตบางแค,กรุงเทพมหานคร,12/2/2026,ไม่ระบุ,เขตบางแค,กรุงเทพมหานคร,,,V892,ไม่ระบุพาหนะ
2842,2026,27.0,ชาย,ไม่ระบุ,บางปะกง,ฉะเชิงเทรา,23/2/2026,ไม่ระบุ,บางปะกง,ฉะเชิงเทรา,,,V892,ไม่ระบุพาหนะ
2843,2026,86.0,ชาย,ไม่ระบุ,เมืองเชียงราย,เชียงราย,12/2/2026,ไม่ระบุ,เมืองเชียงราย,เชียงราย,,,V892,ไม่ระบุพาหนะ
2844,2026,49.0,ชาย,ไม่ระบุ,เขตปทุมวัน,กรุงเทพมหานคร,16/3/2026,ไม่ระบุ,เขตปทุมวัน,กรุงเทพมหานคร,,,V892,ไม่ระบุพาหนะ
2845,2026,59.0,หญิง,ไม่ระบุ,เมืองระยอง,ระยอง,24/3/2026,ไม่ระบุ,เมืองระยอง,ระยอง,,,V892,ไม่ระบุพาหนะ
2846,2026,46.0,ชาย,ไม่ระบุ,เมืองอุบลราชธานี,อุบลราชธานี,5/3/2026,ไม่ระบุ,เมืองอุบลราชธานี,อุบลราชธานี,,,V299,รถจักรยานยนต์
2847,2026,46.0,ชาย,ไม่ระบุ,โพนสวรรค์,นครพนม,28/3/2026,ไม่ระบุ,โพนสวรรค์,นครพนม,,,V892,ไม่ระบุพาหนะ
2848,2026,47.0,ชาย,ไม่ระบุ,อินทร์บุรี,สิงห์บุรี,13/1/2026,ไม่ระบุ,อินทร์บุรี,สิงห์บุรี,,,V284,รถจักรยานยนต์
2849,2026,85.0,ชาย,ไม่ระบุ,พลับพลาชัย,บุรีรัมย์,4/1/2026,ไม่ระบุ,พลับพลาชัย,บุรีรัมย์,,,V892,ไม่ระบุพาหนะ
2850,2026,63.0,ชาย,ไม่ระบุ,พนมสารคาม,ฉะเชิงเทรา,3/2/2026,ไม่ระบุ,พนมสารคาม,ฉะเชิงเทรา,,,V099,คนเดินเท้า
2851,2026,55.0,ชาย,ไม่ระบุ,จุฬาภรณ์,นครศรีธรรมราช,2/2/2026,ไม่ระบุ,จุฬาภรณ์,นครศรีธรรมราช,,,V892,ไม่ระบุพาหนะ
2852,2026,59.0,ชาย,ไม่ระบุ,เมืองระยอง,ระยอง,27/3/2026,ไม่ระบุ,เมืองระยอง,ระยอง,,,V892,ไม่ระบุพาหนะ
2853,2026,40.0,ชาย,ไม่ระบุ,เมืองอุบลราชธานี,อุบลราชธานี,4/3/2026,ไม่ระบุ,เมืองอุบลราชธานี,อุบลราชธานี,,,V892,ไม่ระบุพาหนะ
2854,2026,82.0,ชาย,ไม่ระบุ,เมืองชัยนาท,ชัยนาท,1/1/2026,ไม่ระบุ,เมืองชัยนาท,ชัยนาท,,,V892,ไม่ระบุพาหนะ
2855,2026,29.0,ชาย,ไม่ระบุ,ห้วยราช,บุรีรัมย์,3/1/2026,ไม่ระบุ,ห้วยราช,บุรีรัมย์,,,V289,รถจักรยานยนต์
2856,2026,64.0,ชาย,ไม่ระบุ,เมืองสรวง,ร้อยเอ็ด,23/1/2026,ไม่ระบุ,เมืองสรวง,ร้อยเอ็ด,,,V294,รถจักรยานยนต์
2857,2026,70.0,หญิง,ไม่ระบุ,เมืองกำแพงเพชร,กำแพงเพชร,11/1/2026,ไม่ระบุ,เมืองกำแพงเพชร,กำแพงเพชร,,,V892,ไม่ระบุพาหนะ
2858,2026,17.0,ชาย,ไม่ระบุ,เขตสายไหม,กรุงเทพมหานคร,16/2/2026,ไม่ระบุ,เขตสายไหม,กรุงเทพมหานคร,,,V892,ไม่ระบุพาหนะ
2859,2026,37.0,ชาย,ไม่ระบุ,พนมสารคาม,ฉะเชิงเทรา,19/2/2026,ไม่ระบุ,พนมสารคาม,ฉะเชิงเทรา,,,V892,ไม่ระบุพาหนะ
2860,2026,59.0,ชาย,ไม่ระบุ,เมืองขอนแก่น,ขอนแก่น,15/2/2026,ไม่ระบุ,เมืองขอนแก่น,ขอนแก่น,,,V892,ไม่ระบุพาหนะ
2861,2026,26.0,ชาย,ไม่ระบุ,เมืองระยอง,ระยอง,14/3/2026,ไม่ระบุ,เมืองระยอง,ระยอง,,,V892,ไม่ระบุพาหนะ
2862,2026,43.0,ชาย,ไม่ระบุ,เมืองอุบลราชธานี,อุบลราชธานี,7/3/2026,ไม่ระบุ,เมืองอุบลราชธานี,อุบลราชธานี,,,V299,รถจักรยานยนต์
2863,2026,76.0,ชาย,ไม่ระบุ,เมืองชุมพร,ชุมพร,17/1/2026,ไม่ระบุ,เมืองชุมพร,ชุมพร,,,V819,ไม่ระบุพาหนะ
2864,2026,77.0,ชาย,ไม่ระบุ,เมืองสุราษฎร์ธานี,สุราษฎร์ธานี,20/1/2026,ไม่ระบุ,เมืองสุราษฎร์ธานี,สุราษฎร์ธานี,,,V892,ไม่ระบุพาหนะ
2865,2026,46.0,ชาย,ไม่ระบุ,เมืองขอนแก่น,ขอนแก่น,26/2/2026,ไม่ระบุ,เมืองขอนแก่น,ขอนแก่น,,,V892,ไม่ระบุพาหนะ
2866,2026,33.0,ชาย,ไม่ระบุ,เมืองระยอง,ระยอง,17/3/2026,ไม่ระบุ,เมืองระยอง,ระยอง,,,V892,ไม่ระบุพาหนะ
2867,2026,58.0,ชาย,ไม่ระบุ,ลี้,ลำพูน,29/3/2026,ไม่ระบุ,ลี้,ลำพูน,,,V892,ไม่ระบุพาหนะ
2868,2026,70.0,ชาย,ไม่ระบุ,หางดง,เชียงใหม่,30/3/2026,ไม่ระบุ,หางดง,เชียงใหม่,,,V892,ไม่ระบุพาหนะ
2869,2026,47.0,ชาย,ไม่ระบุ,เมืองนครปฐม,นครปฐม,28/1/2026,ไม่ระบุ,เมืองนครปฐม,นครปฐม,,,V892,ไม่ระบุพาหนะ
2870,2026,66.0,ชาย,ไม่ระบุ,เมืองตาก,ตาก,5/1/2026,ไม่ระบุ,เมืองตาก,ตาก,,,V892,ไม่ระบุพาหนะ
2871,2026,57.0,ชาย,ไม่ระบุ,เมืองสุราษฎร์ธานี,สุราษฎร์ธานี,23/1/2026,ไม่ระบุ,เมืองสุราษฎร์ธานี,สุราษฎร์ธานี,,,V892,ไม่ระบุพาหนะ
2872,2026,8.0,ชาย,ไม่ระบุ,บางปะกง,ฉะเชิงเทรา,25/2/2026,ไม่ระบุ,บางปะกง,ฉะเชิงเทรา,,,V892,ไม่ระบุพาหนะ
2873,2026,41.0,ชาย,ไม่ระบุ,ศรีราชา,ชลบุรี,6/2/2026,ไม่ระบุ,ศรีราชา,ชลบุรี,,,V892,ไม่ระบุพาหนะ
2874,2026,50.0,ชาย,ไม่ระบุ,แม่ลาน้อย,แม่ฮ่องสอน,1/2/2026,ไม่ระบุ,แม่ลาน้อย,แม่ฮ่องสอน,,,V892,ไม่ระบุพาหนะ
2875,2026,56.0,ชาย,ไม่ระบุ,เมืองระยอง,ระยอง,17/3/2026,ไม่ระบุ,เมืองระยอง,ระยอง,,,V892,ไม่ระบุพาหนะ
2876,2026,37.0,ชาย,ไม่ระบุ,ทรายมูล,ยโสธร,3/3/2026,ไม่ระบุ,ทรายมูล,ยโสธร,,,V289,รถจักรยานยนต์
2877,2026,18.0,หญิง,ไม่ระบุ,อู่ทอง,สุพรรณบุรี,6/3/2026,ไม่ระบุ,อู่ทอง,สุพรรณบุรี,,,V892,ไม่ระบุพาหนะ
2878,2026,21.0,ชาย,ไม่ระบุ,เมืองเชียงใหม่,เชียงใหม่,27/3/2026,ไม่ระบุ,เมืองเชียงใหม่,เชียงใหม่,,,V892,ไม่ระบุพาหนะ
2879,2026,62.0,ชาย,ไม่ระบุ,ปะคำ,บุรีรัมย์,8/1/2026,ไม่ระบุ,ปะคำ,บุรีรัมย์,,,V892,ไม่ระบุพาหนะ
2880,2026,38.0,ชาย,ไม่ระบุ,เมืองสุราษฎร์ธานี,สุราษฎร์ธานี,10/1/2026,ไม่ระบุ,เมืองสุราษฎร์ธานี,สุราษฎร์ธานี,,,V892,ไม่ระบุพาหนะ
2881,2026,36.0,ชาย,ไม่ระบุ,บางปะกง,ฉะเชิงเทรา,20/2/2026,ไม่ระบุ,บางปะกง,ฉะเชิงเทรา,,,V299,รถจักรยานยนต์
2882,2026,63.0,ชาย,ไม่ระบุ,กระนวน,ขอนแก่น,11/2/2026,ไม่ระบุ,กระนวน,ขอนแก่น,,,V892,ไม่ระบุพาหนะ
2883,2026,29.0,หญิง,ไม่ระบุ,เมืองลำพูน,ลำพูน,16/3/2026,ไม่ระบุ,เมืองลำพูน,ลำพูน,,,V892,ไม่ระบุพาหนะ
2884,2026,18.0,ชาย,ไม่ระบุ,อู่ทอง,สุพรรณบุรี,6/3/2026,ไม่ระบุ,อู่ทอง,สุพรรณบุรี,,,V892,ไม่ระบุพาหนะ
2885,2026,40.0,ชาย,ไม่ระบุ,หางดง,เชียงใหม่,8/3/2026,ไม่ระบุ,หางดง,เชียงใหม่,,,V892,ไม่ระบุพาหนะ
2886,2026,77.0,ชาย,ไม่ระบุ,เมืองร้อยเอ็ด,ร้อยเอ็ด,21/1/2026,ไม่ระบุ,เมืองร้อยเอ็ด,ร้อยเอ็ด,,,V234,รถจักรยานยนต์
2887,2026,49.0,หญิง,ไม่ระบุ,เมืองสุราษฎร์ธานี,สุราษฎร์ธานี,11/1/2026,ไม่ระบุ,เมืองสุราษฎร์ธานี,สุราษฎร์ธานี,,,V892,ไม่ระบุพาหนะ
2888,2026,49.0,ชาย,ไม่ระบุ,กระนวน,ขอนแก่น,18/2/2026,ไม่ระบุ,กระนวน,ขอนแก่น,,,V892,ไม่ระบุพาหนะ
2889,2026,69.0,หญิง,ไม่ระบุ,เมืองระยอง,ระยอง,10/3/2026,ไม่ระบุ,เมืองระยอง,ระยอง,,,V892,ไม่ระบุพาหนะ
2890,2026,76.0,หญิง,ไม่ระบุ,เมืองยโสธร,ยโสธร,27/3/2026,ไม่ระบุ,เมืองยโสธร,ยโสธร,,,V299,รถจักรยานยนต์
2891,2026,33.0,หญิง,ไม่ระบุ,เมืองเชียงใหม่,เชียงใหม่,31/3/2026,ไม่ระบุ,เมืองเชียงใหม่,เชียงใหม่,,,V892,ไม่ระบุพาหนะ
2892,2026,15.0,ชาย,ไม่ระบุ,เมืองสุราษฎร์ธานี,สุราษฎร์ธานี,2/1/2026,ไม่ระบุ,เมืองสุราษฎร์ธานี,สุราษฎร์ธานี,,,V892,ไม่ระบุพาหนะ
2893,2026,40.0,ชาย,ไม่ระบุ,เมืองฉะเชิงเทรา,ฉะเชิงเทรา,21/2/2026,ไม่ระบุ,เมืองฉะเชิงเทรา,ฉะเชิงเทรา,,,V892,ไม่ระบุพาหนะ
2894,2026,45.0,ชาย,ไม่ระบุ,-,นครศรีธรรมราช,10/2/2026,ไม่ระบุ,-,นครศรีธรรมราช,,,V892,ไม่ระบุพาหนะ
2895,2026,64.0,หญิง,ไม่ระบุ,เมืองระยอง,ระยอง,5/3/2026,ไม่ระบุ,เมืองระยอง,ระยอง,,,V892,ไม่ระบุพาหนะ
2896,2026,40.0,หญิง,ไม่ระบุ,เมืองชัยนาท,ชัยนาท,26/1/2026,ไม่ระบุ,เมืองชัยนาท,ชัยนาท,,,V892,ไม่ระบุพาหนะ
2897,2026,69.0,หญิง,ไม่ระบุ,ประโคนชัย,บุรีรัมย์,8/1/2026,ไม่ระบุ,ประโคนชัย,บุรีรัมย์,,,V489,รถยนต์
2898,2026,62.0,หญิง,ไม่ระบุ,เมืองร้อยเอ็ด,ร้อยเอ็ด,9/1/2026,ไม่ระบุ,เมืองร้อยเอ็ด,ร้อยเอ็ด,,,V285,รถจักรยานยนต์
2899,2026,57.0,ชาย,ไม่ระบุ,แม่สอด,ตาก,8/1/2026,ไม่ระบุ,แม่สอด,ตาก,,,V892,ไม่ระบุพาหนะ
2900,2026,23.0,หญิง,ไม่ระบุ,เมืองสุราษฎร์ธานี,สุราษฎร์ธานี,6/1/2026,ไม่ระบุ,เมืองสุราษฎร์ธานี,สุราษฎร์ธานี,,,V892,ไม่ระบุพาหนะ
2901,2026,69.0,ชาย,ไม่ระบุ,เมืองฉะเชิงเทรา,ฉะเชิงเทรา,27/2/2026,ไม่ระบุ,เมืองฉะเชิงเทรา,ฉะเชิงเทรา,,,V892,ไม่ระบุพาหนะ
2902,2026,42.0,ชาย,ไม่ระบุ,เขตคลองสาน,กรุงเทพมหานคร,27/3/2026,ไม่ระบุ,เขตคลองสาน,กรุงเทพมหานคร,,,V892,ไม่ระบุพาหนะ
2903,2026,85.0,ชาย,ไม่ระบุ,เมืองระยอง,ระยอง,9/3/2026,ไม่ระบุ,เมืองระยอง,ระยอง,,,V892,ไม่ระบุพาหนะ
2904,2026,11.0,ชาย,ไม่ระบุ,เมืองยโสธร,ยโสธร,8/3/2026,ไม่ระบุ,เมืองยโสธร,ยโสธร,,,V892,ไม่ระบุพาหนะ
2905,2026,27.0,ชาย,ไม่ระบุ,เมืองลำพูน,ลำพูน,16/3/2026,ไม่ระบุ,เมืองลำพูน,ลำพูน,,,V892,ไม่ระบุพาหนะ
2906,2026,48.0,ชาย,ไม่ระบุ,บางปลาม้า,สุพรรณบุรี,31/3/2026,ไม่ระบุ,บางปลาม้า,สุพรรณบุรี,,,V479,รถยนต์
2907,2026,15.0,ชาย,ไม่ระบุ,เมืองตาก,ตาก,29/1/2026,ไม่ระบุ,เมืองตาก,ตาก,,,V892,ไม่ระบุพาหนะ
2908,2026,60.0,หญิง,ไม่ระบุ,เมืองสุราษฎร์ธานี,สุราษฎร์ธานี,12/1/2026,ไม่ระบุ,เมืองสุราษฎร์ธานี,สุราษฎร์ธานี,,,V892,ไม่ระบุพาหนะ
2909,2026,60.0,ชาย,ไม่ระบุ,เมืองฉะเชิงเทรา,ฉะเชิงเทรา,16/2/2026,ไม่ระบุ,เมืองฉะเชิงเทรา,ฉะเชิงเทรา,,,V892,ไม่ระบุพาหนะ
2910,2026,62.0,ชาย,ไม่ระบุ,เมืองขอนแก่น,ขอนแก่น,28/2/2026,ไม่ระบุ,เมืองขอนแก่น,ขอนแก่น,,,V892,ไม่ระบุพาหนะ
2911,2026,47.0,ชาย,ไม่ระบุ,เมืองนครสวรรค์,นครสวรรค์,19/2/2026,ไม่ระบุ,เมืองนครสวรรค์,นครสวรรค์,,,V892,ไม่ระบุพาหนะ
2912,2026,19.0,ชาย,ไม่ระบุ,เมืองนครศรีธรรมราช,นครศรีธรรมราช,20/2/2026,ไม่ระบุ,เมืองนครศรีธรรมราช,นครศรีธรรมราช,,,V892,ไม่ระบุพาหนะ
2913,2026,37.0,ชาย,ไม่ระบุ,เมืองลำพูน,ลำพูน,30/3/2026,ไม่ระบุ,เมืองลำพูน,ลำพูน,,,V892,ไม่ระบุพาหนะ
2914,2026,61.0,ชาย,ไม่ระบุ,สองพี่น้อง,สุพรรณบุรี,26/3/2026,ไม่ระบุ,สองพี่น้อง,สุพรรณบุรี,,,V234,รถจักรยานยนต์
2915,2026,24.0,ชาย,ไม่ระบุ,เมืองระนอง,ระนอง,17/1/2026,ไม่ระบุ,เมืองระนอง,ระนอง,,,V499,รถยนต์
2916,2026,56.0,ชาย,ไม่ระบุ,เมืองฉะเชิงเทรา,ฉะเชิงเทรา,3/2/2026,ไม่ระบุ,เมืองฉะเชิงเทรา,ฉะเชิงเทรา,,,V892,ไม่ระบุพาหนะ
2917,2026,78.0,ชาย,ไม่ระบุ,เมืองขอนแก่น,ขอนแก่น,26/2/2026,ไม่ระบุ,เมืองขอนแก่น,ขอนแก่น,,,V892,ไม่ระบุพาหนะ
2918,2026,83.0,ชาย,ไม่ระบุ,เมืองนครศรีธรรมราช,นครศรีธรรมราช,20/2/2026,ไม่ระบุ,เมืองนครศรีธรรมราช,นครศรีธรรมราช,,,V892,ไม่ระบุพาหนะ
2919,2026,51.0,หญิง,ไม่ระบุ,เมืองระยอง,ระยอง,15/3/2026,ไม่ระบุ,เมืองระยอง,ระยอง,,,V892,ไม่ระบุพาหนะ
2920,2026,49.0,ชาย,ไม่ระบุ,สองพี่น้อง,สุพรรณบุรี,26/3/2026,ไม่ระบุ,สองพี่น้อง,สุพรรณบุรี,,,V892,ไม่ระบุพาหนะ
2921,2026,35.0,ชาย,ไม่ระบุ,แม่สอด,ตาก,30/3/2026,ไม่ระบุ,แม่สอด,ตาก,,,V892,ไม่ระบุพาหนะ
2922,2026,83.0,หญิง,ไม่ระบุ,เมืองฉะเชิงเทรา,ฉะเชิงเทรา,3/2/2026,ไม่ระบุ,เมืองฉะเชิงเทรา,ฉะเชิงเทรา,,,V892,ไม่ระบุพาหนะ
2923,2026,24.0,ชาย,ไม่ระบุ,เมืองขอนแก่น,ขอนแก่น,5/2/2026,ไม่ระบุ,เมืองขอนแก่น,ขอนแก่น,,,V892,ไม่ระบุพาหนะ
2924,2026,46.0,ชาย,ไม่ระบุ,เมืองนครศรีธรรมราช,นครศรีธรรมราช,24/2/2026,ไม่ระบุ,เมืองนครศรีธรรมราช,นครศรีธรรมราช,,,V892,ไม่ระบุพาหนะ
2925,2026,48.0,ชาย,ไม่ระบุ,เมืองระยอง,ระยอง,14/3/2026,ไม่ระบุ,เมืองระยอง,ระยอง,,,V892,ไม่ระบุพาหนะ
2926,2026,55.0,หญิง,ไม่ระบุ,แก่งคอย,สระบุรี,22/1/2026,ไม่ระบุ,แก่งคอย,สระบุรี,,,V892,ไม่ระบุพาหนะ
2927,2026,57.0,ชาย,ไม่ระบุ,กมลาไสย,กาฬสินธุ์,12/1/2026,ไม่ระบุ,กมลาไสย,กาฬสินธุ์,,,V849,ไม่ระบุพาหนะ
2928,2026,15.0,ชาย,ไม่ระบุ,ศรีสำโรง,สุโขทัย,1/1/2026,ไม่ระบุ,ศรีสำโรง,สุโขทัย,,,V299,รถจักรยานยนต์
2929,2026,19.0,ชาย,ไม่ระบุ,เขตบางบอน,กรุงเทพมหานคร,20/2/2026,ไม่ระบุ,เขตบางบอน,กรุงเทพมหานคร,,,V892,ไม่ระบุพาหนะ
2930,2026,15.0,ชาย,ไม่ระบุ,เมืองฉะเชิงเทรา,ฉะเชิงเทรา,7/2/2026,ไม่ระบุ,เมืองฉะเชิงเทรา,ฉะเชิงเทรา,,,V892,ไม่ระบุพาหนะ
2931,2026,25.0,ชาย,ไม่ระบุ,เมืองนครศรีธรรมราช,นครศรีธรรมราช,27/2/2026,ไม่ระบุ,เมืองนครศรีธรรมราช,นครศรีธรรมราช,,,V892,ไม่ระบุพาหนะ
2932,2026,32.0,หญิง,ไม่ระบุ,เขตบางขุนเทียน,กรุงเทพมหานคร,20/3/2026,ไม่ระบุ,เขตบางขุนเทียน,กรุงเทพมหานคร,,,V892,ไม่ระบุพาหนะ
2933,2026,46.0,หญิง,ไม่ระบุ,เมืองระยอง,ระยอง,13/3/2026,ไม่ระบุ,เมืองระยอง,ระยอง,,,V892,ไม่ระบุพาหนะ
2934,2026,46.0,ชาย,ไม่ระบุ,งาว,ลำปาง,6/3/2026,ไม่ระบุ,งาว,ลำปาง,,,V849,ไม่ระบุพาหนะ
2935,2026,21.0,ชาย,ไม่ระบุ,สองพี่น้อง,สุพรรณบุรี,22/3/2026,ไม่ระบุ,สองพี่น้อง,สุพรรณบุรี,,,V299,รถจักรยานยนต์
2936,2026,25.0,ชาย,ไม่ระบุ,หนองแค,สระบุรี,21/1/2026,ไม่ระบุ,หนองแค,สระบุรี,,,V892,ไม่ระบุพาหนะ
2937,2026,52.0,หญิง,ไม่ระบุ,หนองกี่,บุรีรัมย์,5/1/2026,ไม่ระบุ,หนองกี่,บุรีรัมย์,,,V892,ไม่ระบุพาหนะ
2938,2026,48.0,ชาย,ไม่ระบุ,ศรีสำโรง,สุโขทัย,1/1/2026,ไม่ระบุ,ศรีสำโรง,สุโขทัย,,,V299,รถจักรยานยนต์
2939,2026,67.0,ชาย,ไม่ระบุ,เมืองระนอง,ระนอง,19/1/2026,ไม่ระบุ,เมืองระนอง,ระนอง,,,V892,ไม่ระบุพาหนะ
2940,2026,49.0,ชาย,ไม่ระบุ,สทิงพระ,สงขลา,17/2/2026,ไม่ระบุ,สทิงพระ,สงขลา,,,V486,รถยนต์
2941,2026,37.0,ชาย,ไม่ระบุ,เมืองนครศรีธรรมราช,นครศรีธรรมราช,11/2/2026,ไม่ระบุ,เมืองนครศรีธรรมราช,นครศรีธรรมราช,,,V299,รถจักรยานยนต์
2942,2026,32.0,ชาย,ไม่ระบุ,เขตบางขุนเทียน,กรุงเทพมหานคร,15/3/2026,ไม่ระบุ,เขตบางขุนเทียน,กรุงเทพมหานคร,,,V892,ไม่ระบุพาหนะ
2943,2026,30.0,หญิง,ไม่ระบุ,เมืองระยอง,ระยอง,5/3/2026,ไม่ระบุ,เมืองระยอง,ระยอง,,,V892,ไม่ระบุพาหนะ
2944,2026,52.0,ชาย,ไม่ระบุ,สองพี่น้อง,สุพรรณบุรี,15/3/2026,ไม่ระบุ,สองพี่น้อง,สุพรรณบุรี,,,V892,ไม่ระบุพาหนะ
2945,2026,48.0,ชาย,ไม่ระบุ,หนองแค,สระบุรี,19/1/2026,ไม่ระบุ,หนองแค,สระบุรี,,,V892,ไม่ระบุพาหนะ
2946,2026,32.0,ชาย,ไม่ระบุ,เมืองสุโขทัย,สุโขทัย,25/1/2026,ไม่ระบุ,เมืองสุโขทัย,สุโขทัย,,,V892,ไม่ระบุพาหนะ
2947,2026,71.0,หญิง,ไม่ระบุ,เมืองระนอง,ระนอง,14/1/2026,ไม่ระบุ,เมืองระนอง,ระนอง,,,V299,รถจักรยานยนต์
2948,2026,23.0,ชาย,ไม่ระบุ,บางพลี,สมุทรปราการ,19/2/2026,ไม่ระบุ,บางพลี,สมุทรปราการ,,,V892,ไม่ระบุพาหนะ
2949,2026,66.0,ชาย,ไม่ระบุ,เมืองภูเก็ต,ภูเก็ต,24/2/2026,ไม่ระบุ,เมืองภูเก็ต,ภูเก็ต,,,V892,ไม่ระบุพาหนะ
2950,2026,24.0,ชาย,ไม่ระบุ,เมืองนครศรีธรรมราช,นครศรีธรรมราช,9/2/2026,ไม่ระบุ,เมืองนครศรีธรรมราช,นครศรีธรรมราช,,,V892,ไม่ระบุพาหนะ
2951,2026,71.0,ชาย,ไม่ระบุ,เมืองสุพรรณบุรี,สุพรรณบุรี,1/3/2026,ไม่ระบุ,เมืองสุพรรณบุรี,สุพรรณบุรี,,,V892,ไม่ระบุพาหนะ
2952,2026,48.0,ชาย,ไม่ระบุ,เมืองพิษณุโลก,พิษณุโลก,30/3/2026,ไม่ระบุ,เมืองพิษณุโลก,พิษณุโลก,,,V892,ไม่ระบุพาหนะ
2953,2026,29.0,หญิง,ไม่ระบุ,หนองแค,สระบุรี,24/1/2026,ไม่ระบุ,หนองแค,สระบุรี,,,V892,ไม่ระบุพาหนะ
2954,2026,59.0,ชาย,ไม่ระบุ,บางพลี,สมุทรปราการ,20/2/2026,ไม่ระบุ,บางพลี,สมุทรปราการ,,,V892,ไม่ระบุพาหนะ
2955,2026,79.0,ชาย,ไม่ระบุ,เมืองนครศรีธรรมราช,นครศรีธรรมราช,13/2/2026,ไม่ระบุ,เมืองนครศรีธรรมราช,นครศรีธรรมราช,,,V892,ไม่ระบุพาหนะ
2956,2026,56.0,ชาย,ไม่ระบุ,เขตภาษีเจริญ,กรุงเทพมหานคร,29/3/2026,ไม่ระบุ,เขตภาษีเจริญ,กรุงเทพมหานคร,,,V892,ไม่ระบุพาหนะ
2957,2026,28.0,ชาย,ไม่ระบุ,แก่งหางแมว,จันทบุรี,23/3/2026,ไม่ระบุ,แก่งหางแมว,จันทบุรี,,,V892,ไม่ระบุพาหนะ
2958,2026,69.0,ชาย,ไม่ระบุ,ห้างฉัตร,ลำปาง,27/3/2026,ไม่ระบุ,ห้างฉัตร,ลำปาง,,,V892,ไม่ระบุพาหนะ
2959,2026,45.0,ชาย,ไม่ระบุ,หลังสวน,ชุมพร,16/1/2026,ไม่ระบุ,หลังสวน,ชุมพร,,,V892,ไม่ระบุพาหนะ
2960,2026,15.0,หญิง,ไม่ระบุ,เมืองปราจีนบุรี,ปราจีนบุรี,7/2/2026,ไม่ระบุ,เมืองปราจีนบุรี,ปราจีนบุรี,,,V892,ไม่ระบุพาหนะ
2961,2026,68.0,หญิง,ไม่ระบุ,ศรีธาตุ,อุดรธานี,13/2/2026,ไม่ระบุ,ศรีธาตุ,อุดรธานี,,,V892,ไม่ระบุพาหนะ
2962,2026,56.0,ชาย,ไม่ระบุ,นายายอาม,จันทบุรี,9/3/2026,ไม่ระบุ,นายายอาม,จันทบุรี,,,V892,ไม่ระบุพาหนะ
2963,2026,21.0,ชาย,ไม่ระบุ,ห้างฉัตร,ลำปาง,29/3/2026,ไม่ระบุ,ห้างฉัตร,ลำปาง,,,V892,ไม่ระบุพาหนะ
2964,2026,78.0,ชาย,ไม่ระบุ,เมืองสุพรรณบุรี,สุพรรณบุรี,4/3/2026,ไม่ระบุ,เมืองสุพรรณบุรี,สุพรรณบุรี,,,V892,ไม่ระบุพาหนะ
2965,2026,56.0,หญิง,ไม่ระบุ,กิ่งอำเภอนาคู,กาฬสินธุ์,28/1/2026,ไม่ระบุ,กิ่งอำเภอนาคู,กาฬสินธุ์,,,V439,รถยนต์
2966,2026,19.0,ชาย,ไม่ระบุ,บางกระทุ่ม,พิษณุโลก,1/1/2026,ไม่ระบุ,บางกระทุ่ม,พิษณุโลก,,,V892,ไม่ระบุพาหนะ
2967,2026,81.0,หญิง,ไม่ระบุ,กิ่งอำเภอบางเสาธง,สมุทรปราการ,4/2/2026,ไม่ระบุ,กิ่งอำเภอบางเสาธง,สมุทรปราการ,,,V892,ไม่ระบุพาหนะ
2968,2026,58.0,ชาย,ไม่ระบุ,กบินทร์บุรี,ปราจีนบุรี,2/2/2026,ไม่ระบุ,กบินทร์บุรี,ปราจีนบุรี,,,V892,ไม่ระบุพาหนะ
2969,2026,71.0,ชาย,ไม่ระบุ,เมืองนครศรีธรรมราช,นครศรีธรรมราช,4/2/2026,ไม่ระบุ,เมืองนครศรีธรรมราช,นครศรีธรรมราช,,,V892,ไม่ระบุพาหนะ
2970,2026,44.0,ชาย,ไม่ระบุ,โป่งน้ำร้อน,จันทบุรี,3/3/2026,ไม่ระบุ,โป่งน้ำร้อน,จันทบุรี,,,V279,รถจักรยานยนต์
2971,2026,41.0,ชาย,ไม่ระบุ,ห้างฉัตร,ลำปาง,5/3/2026,ไม่ระบุ,ห้างฉัตร,ลำปาง,,,V892,ไม่ระบุพาหนะ
2972,2026,54.0,ชาย,ไม่ระบุ,เมืองบุรีรัมย์,บุรีรัมย์,27/1/2026,ไม่ระบุ,เมืองบุรีรัมย์,บุรีรัมย์,,,V892,ไม่ระบุพาหนะ
2973,2026,50.0,ชาย,ไม่ระบุ,กิ่งอำเภอนาคู,กาฬสินธุ์,7/1/2026,ไม่ระบุ,กิ่งอำเภอนาคู,กาฬสินธุ์,,,V892,ไม่ระบุพาหนะ
2974,2026,61.0,ชาย,ไม่ระบุ,กบินทร์บุรี,ปราจีนบุรี,2/2/2026,ไม่ระบุ,กบินทร์บุรี,ปราจีนบุรี,,,V892,ไม่ระบุพาหนะ
2975,2026,55.0,หญิง,ไม่ระบุ,เมืองนครสวรรค์,นครสวรรค์,4/2/2026,ไม่ระบุ,เมืองนครสวรรค์,นครสวรรค์,,,V892,ไม่ระบุพาหนะ
2976,2026,65.0,ชาย,ไม่ระบุ,เมืองนครศรีธรรมราช,นครศรีธรรมราช,7/2/2026,ไม่ระบุ,เมืองนครศรีธรรมราช,นครศรีธรรมราช,,,V892,ไม่ระบุพาหนะ
2977,2026,10.0,หญิง,ไม่ระบุ,หนองใหญ่,ชลบุรี,14/3/2026,ไม่ระบุ,หนองใหญ่,ชลบุรี,,,V476,รถยนต์
2978,2026,54.0,ชาย,ไม่ระบุ,โป่งน้ำร้อน,จันทบุรี,29/3/2026,ไม่ระบุ,โป่งน้ำร้อน,จันทบุรี,,,V279,รถจักรยานยนต์
2979,2026,64.0,ชาย,ไม่ระบุ,ห้างฉัตร,ลำปาง,19/3/2026,ไม่ระบุ,ห้างฉัตร,ลำปาง,,,V892,ไม่ระบุพาหนะ
2980,2026,44.0,ชาย,ไม่ระบุ,เมืองสุพรรณบุรี,สุพรรณบุรี,6/3/2026,ไม่ระบุ,เมืองสุพรรณบุรี,สุพรรณบุรี,,,V892,ไม่ระบุพาหนะ
2981,2026,22.0,ชาย,ไม่ระบุ,เฉลิมพระเกียรติ,สระบุรี,13/1/2026,ไม่ระบุ,เฉลิมพระเกียรติ,สระบุรี,,,V892,ไม่ระบุพาหนะ
2982,2026,79.0,หญิง,ไม่ระบุ,เมืองบุรีรัมย์,บุรีรัมย์,17/1/2026,ไม่ระบุ,เมืองบุรีรัมย์,บุรีรัมย์,,,V892,ไม่ระบุพาหนะ
2983,2026,52.0,ชาย,ไม่ระบุ,วังทอง,พิษณุโลก,12/1/2026,ไม่ระบุ,วังทอง,พิษณุโลก,,,V892,ไม่ระบุพาหนะ
2984,2026,41.0,ชาย,ไม่ระบุ,กิ่งอำเภอบางเสาธง,สมุทรปราการ,2/2/2026,ไม่ระบุ,กิ่งอำเภอบางเสาธง,สมุทรปราการ,,,V892,ไม่ระบุพาหนะ
2985,2026,47.0,ชาย,ไม่ระบุ,กบินทร์บุรี,ปราจีนบุรี,1/2/2026,ไม่ระบุ,กบินทร์บุรี,ปราจีนบุรี,,,V892,ไม่ระบุพาหนะ
2986,2026,55.0,ชาย,ไม่ระบุ,เมืองนครศรีธรรมราช,นครศรีธรรมราช,9/2/2026,ไม่ระบุ,เมืองนครศรีธรรมราช,นครศรีธรรมราช,,,V892,ไม่ระบุพาหนะ
2987,2026,33.0,หญิง,ไม่ระบุ,กิ่งอำเภอเขาคิชฌกูฏ,จันทบุรี,10/3/2026,ไม่ระบุ,กิ่งอำเภอเขาคิชฌกูฏ,จันทบุรี,,,V294,รถจักรยานยนต์
2988,2026,69.0,ชาย,ไม่ระบุ,เมืองสุพรรณบุรี,สุพรรณบุรี,23/3/2026,ไม่ระบุ,เมืองสุพรรณบุรี,สุพรรณบุรี,,,V892,ไม่ระบุพาหนะ
2989,2026,74.0,หญิง,ไม่ระบุ,กำแพงแสน,นครปฐม,30/3/2026,ไม่ระบุ,กำแพงแสน,นครปฐม,,,V892,ไม่ระบุพาหนะ
2990,2026,16.0,หญิง,ไม่ระบุ,เฉลิมพระเกียรติ,สระบุรี,27/1/2026,ไม่ระบุ,เฉลิมพระเกียรติ,สระบุรี,,,V892,ไม่ระบุพาหนะ
2991,2026,52.0,ชาย,ไม่ระบุ,กุฉินารายณ์,กาฬสินธุ์,26/1/2026,ไม่ระบุ,กุฉินารายณ์,กาฬสินธุ์,,,V419,รถยนต์
2992,2026,85.0,ชาย,ไม่ระบุ,เมืองพิษณุโลก,พิษณุโลก,1/1/2026,ไม่ระบุ,เมืองพิษณุโลก,พิษณุโลก,,,V892,ไม่ระบุพาหนะ
2993,2026,33.0,ชาย,ไม่ระบุ,นาดี,ปราจีนบุรี,2/2/2026,ไม่ระบุ,นาดี,ปราจีนบุรี,,,V299,รถจักรยานยนต์
2994,2026,60.0,ชาย,ไม่ระบุ,โกรกพระ,นครสวรรค์,12/2/2026,ไม่ระบุ,โกรกพระ,นครสวรรค์,,,V299,รถจักรยานยนต์
2995,2026,69.0,หญิง,ไม่ระบุ,เมืองนครศรีธรรมราช,นครศรีธรรมราช,1/2/2026,ไม่ระบุ,เมืองนครศรีธรรมราช,นครศรีธรรมราช,,,V892,ไม่ระบุพาหนะ
2996,2026,63.0,ชาย,ไม่ระบุ,แม่ทะ,ลำปาง,2/3/2026,ไม่ระบุ,แม่ทะ,ลำปาง,,,V892,ไม่ระบุพาหนะ
2997,2026,84.0,หญิง,ไม่ระบุ,เมืองสุพรรณบุรี,สุพรรณบุรี,20/3/2026,ไม่ระบุ,เมืองสุพรรณบุรี,สุพรรณบุรี,,,V892,ไม่ระบุพาหนะ
2998,2026,61.0,ชาย,ไม่ระบุ,บางเลน,นครปฐม,30/3/2026,ไม่ระบุ,บางเลน,นครปฐม,,,V892,ไม่ระบุพาหนะ
2999,2026,22.0,ชาย,ไม่ระบุ,เฉลิมพระเกียรติ,สระบุรี,27/1/2026,ไม่ระบุ,เฉลิมพระเกียรติ,สระบุรี,,,V892,ไม่ระบุพาหนะ
3000,2026,51.0,ชาย,ไม่ระบุ,เมืองบุรีรัมย์,บุรีรัมย์,20/1/2026,ไม่ระบุ,เมืองบุรีรัมย์,บุรีรัมย์,,,V892,ไม่ระบุพาหนะ
3001,2026,29.0,ชาย,ไม่ระบุ,สามพราน,นครปฐม,25/1/2026,ไม่ระบุ,สามพราน,นครปฐม,,,V892,ไม่ระบุพาหนะ
3002,2026,31.0,ชาย,ไม่ระบุ,คลองท่อม,กระบี่,16/2/2026,ไม่ระบุ,คลองท่อม,กระบี่,,,V499,รถยนต์
3003,2026,82.0,ชาย,ไม่ระบุ,เมืองจันทบุรี,จันทบุรี,24/3/2026,ไม่ระบุ,เมืองจันทบุรี,จันทบุรี,,,V892,ไม่ระบุพาหนะ
3004,2026,29.0,ชาย,ไม่ระบุ,แม่เมาะ,ลำปาง,1/3/2026,ไม่ระบุ,แม่เมาะ,ลำปาง,,,V892,ไม่ระบุพาหนะ
3005,2026,19.0,ชาย,ไม่ระบุ,เมืองสุพรรณบุรี,สุพรรณบุรี,18/3/2026,ไม่ระบุ,เมืองสุพรรณบุรี,สุพรรณบุรี,,,V892,ไม่ระบุพาหนะ
3006,2026,19.0,ชาย,ไม่ระบุ,เมืองบุรีรัมย์,บุรีรัมย์,19/1/2026,ไม่ระบุ,เมืองบุรีรัมย์,บุรีรัมย์,,,V892,ไม่ระบุพาหนะ
3007,2026,86.0,ชาย,ไม่ระบุ,หนองกุงศรี,กาฬสินธุ์,25/1/2026,ไม่ระบุ,หนองกุงศรี,กาฬสินธุ์,,,V239,รถจักรยานยนต์
3008,2026,38.0,ชาย,ไม่ระบุ,น้ำโสม,อุดรธานี,6/2/2026,ไม่ระบุ,น้ำโสม,อุดรธานี,,,V299,รถจักรยานยนต์
3009,2026,40.0,ชาย,ไม่ระบุ,อ่าวลึก,กระบี่,11/2/2026,ไม่ระบุ,อ่าวลึก,กระบี่,,,V892,ไม่ระบุพาหนะ
3010,2026,60.0,ชาย,ไม่ระบุ,เขตบางแค,กรุงเทพมหานคร,1/3/2026,ไม่ระบุ,เขตบางแค,กรุงเทพมหานคร,,,V892,ไม่ระบุพาหนะ
3011,2026,72.0,ชาย,ไม่ระบุ,เมืองจันทบุรี,จันทบุรี,20/3/2026,ไม่ระบุ,เมืองจันทบุรี,จันทบุรี,,,V892,ไม่ระบุพาหนะ
3012,2026,63.0,ชาย,ไม่ระบุ,เมืองสุพรรณบุรี,สุพรรณบุรี,16/3/2026,ไม่ระบุ,เมืองสุพรรณบุรี,สุพรรณบุรี,,,V892,ไม่ระบุพาหนะ
3013,2026,22.0,ชาย,ไม่ระบุ,เมืองบุรีรัมย์,บุรีรัมย์,13/1/2026,ไม่ระบุ,เมืองบุรีรัมย์,บุรีรัมย์,,,V299,รถจักรยานยนต์
3014,2026,48.0,ชาย,ไม่ระบุ,-,ปราจีนบุรี,25/2/2026,ไม่ระบุ,-,ปราจีนบุรี,,,V892,ไม่ระบุพาหนะ
3015,2026,39.0,ชาย,ไม่ระบุ,ปลายพระยา,กระบี่,8/2/2026,ไม่ระบุ,ปลายพระยา,กระบี่,,,V892,ไม่ระบุพาหนะ
3016,2026,59.0,ชาย,ไม่ระบุ,เขตบางแค,กรุงเทพมหานคร,14/3/2026,ไม่ระบุ,เขตบางแค,กรุงเทพมหานคร,,,V892,ไม่ระบุพาหนะ
3017,2026,55.0,ชาย,ไม่ระบุ,เมืองจันทบุรี,จันทบุรี,28/3/2026,ไม่ระบุ,เมืองจันทบุรี,จันทบุรี,,,V892,ไม่ระบุพาหนะ
3018,2026,42.0,ชาย,ไม่ระบุ,เมืองนครศรีธรรมราช,นครศรีธรรมราช,30/3/2026,ไม่ระบุ,เมืองนครศรีธรรมราช,นครศรีธรรมราช,,,V892,ไม่ระบุพาหนะ
3019,2026,33.0,ชาย,ไม่ระบุ,พระพุทธบาท,สระบุรี,17/1/2026,ไม่ระบุ,พระพุทธบาท,สระบุรี,,,V892,ไม่ระบุพาหนะ
3020,2026,31.0,ชาย,ไม่ระบุ,เมืองชุมพร,ชุมพร,30/1/2026,ไม่ระบุ,เมืองชุมพร,ชุมพร,,,V892,ไม่ระบุพาหนะ
3021,2026,72.0,หญิง,ไม่ระบุ,บ้านสร้าง,ปราจีนบุรี,23/2/2026,ไม่ระบุ,บ้านสร้าง,ปราจีนบุรี,,,V892,ไม่ระบุพาหนะ
3022,2026,58.0,ชาย,ไม่ระบุ,หนองวัวซอ,อุดรธานี,8/2/2026,ไม่ระบุ,หนองวัวซอ,อุดรธานี,,,V892,ไม่ระบุพาหนะ
3023,2026,74.0,ชาย,ไม่ระบุ,เมืองกระบี่,กระบี่,14/2/2026,ไม่ระบุ,เมืองกระบี่,กระบี่,,,V892,ไม่ระบุพาหนะ
3024,2026,51.0,ชาย,ไม่ระบุ,เขตหลักสี่,กรุงเทพมหานคร,28/3/2026,ไม่ระบุ,เขตหลักสี่,กรุงเทพมหานคร,,,V892,ไม่ระบุพาหนะ
3025,2026,59.0,หญิง,ไม่ระบุ,เมืองจันทบุรี,จันทบุรี,29/3/2026,ไม่ระบุ,เมืองจันทบุรี,จันทบุรี,,,V892,ไม่ระบุพาหนะ
3026,2026,55.0,ชาย,ไม่ระบุ,เมืองลำปาง,ลำปาง,21/3/2026,ไม่ระบุ,เมืองลำปาง,ลำปาง,,,V892,ไม่ระบุพาหนะ
3027,2026,36.0,ชาย,ไม่ระบุ,เมืองนครปฐม,นครปฐม,27/3/2026,ไม่ระบุ,เมืองนครปฐม,นครปฐม,,,V892,ไม่ระบุพาหนะ
3028,2026,51.0,หญิง,ไม่ระบุ,ถลาง,ภูเก็ต,31/3/2026,ไม่ระบุ,ถลาง,ภูเก็ต,,,V892,ไม่ระบุพาหนะ
3029,2026,89.0,ชาย,ไม่ระบุ,พระพุทธบาท,สระบุรี,3/1/2026,ไม่ระบุ,พระพุทธบาท,สระบุรี,,,V299,รถจักรยานยนต์
3030,2026,43.0,ชาย,ไม่ระบุ,เมืองชุมพร,ชุมพร,28/1/2026,ไม่ระบุ,เมืองชุมพร,ชุมพร,,,V892,ไม่ระบุพาหนะ
3031,2026,44.0,ชาย,ไม่ระบุ,เมืองอุดรธานี,อุดรธานี,16/2/2026,ไม่ระบุ,เมืองอุดรธานี,อุดรธานี,,,V299,รถจักรยานยนต์
3032,2026,23.0,หญิง,ไม่ระบุ,เขตหลักสี่,กรุงเทพมหานคร,27/3/2026,ไม่ระบุ,เขตหลักสี่,กรุงเทพมหานคร,,,V892,ไม่ระบุพาหนะ
3033,2026,3.0,ชาย,ไม่ระบุ,เมืองจันทบุรี,จันทบุรี,12/3/2026,ไม่ระบุ,เมืองจันทบุรี,จันทบุรี,,,V892,ไม่ระบุพาหนะ
3034,2026,65.0,ชาย,ไม่ระบุ,กำแพงแสน,นครปฐม,12/3/2026,ไม่ระบุ,กำแพงแสน,นครปฐม,,,V892,ไม่ระบุพาหนะ
3035,2026,3.0,ชาย,ไม่ระบุ,เมืองชุมพร,ชุมพร,17/1/2026,ไม่ระบุ,เมืองชุมพร,ชุมพร,,,V892,ไม่ระบุพาหนะ
3036,2026,33.0,หญิง,ไม่ระบุ,เมืองอุดรธานี,อุดรธานี,21/2/2026,ไม่ระบุ,เมืองอุดรธานี,อุดรธานี,,,V892,ไม่ระบุพาหนะ
3037,2026,89.0,ชาย,ไม่ระบุ,เมืองกระบี่,กระบี่,6/2/2026,ไม่ระบุ,เมืองกระบี่,กระบี่,,,V892,ไม่ระบุพาหนะ
3038,2026,67.0,ชาย,ไม่ระบุ,เขตสายไหม,กรุงเทพมหานคร,6/3/2026,ไม่ระบุ,เขตสายไหม,กรุงเทพมหานคร,,,V892,ไม่ระบุพาหนะ
3039,2026,76.0,หญิง,ไม่ระบุ,เมืองจันทบุรี,จันทบุรี,11/3/2026,ไม่ระบุ,เมืองจันทบุรี,จันทบุรี,,,V892,ไม่ระบุพาหนะ
3040,2026,71.0,ชาย,ไม่ระบุ,เทพสถิต,ชัยภูมิ,8/3/2026,ไม่ระบุ,เทพสถิต,ชัยภูมิ,,,V892,ไม่ระบุพาหนะ
3041,2026,32.0,ชาย,ไม่ระบุ,เมืองลำปาง,ลำปาง,24/3/2026,ไม่ระบุ,เมืองลำปาง,ลำปาง,,,V892,ไม่ระบุพาหนะ
3042,2026,16.0,ชาย,ไม่ระบุ,นครชัยศรี,นครปฐม,28/3/2026,ไม่ระบุ,นครชัยศรี,นครปฐม,,,V892,ไม่ระบุพาหนะ
3043,2026,82.0,ชาย,ไม่ระบุ,เมืองสระบุรี,สระบุรี,21/1/2026,ไม่ระบุ,เมืองสระบุรี,สระบุรี,,,V892,ไม่ระบุพาหนะ
3044,2026,53.0,ชาย,ไม่ระบุ,เมืองกาฬสินธุ์,กาฬสินธุ์,2/1/2026,ไม่ระบุ,เมืองกาฬสินธุ์,กาฬสินธุ์,,,V892,ไม่ระบุพาหนะ
3045,2026,46.0,ชาย,ไม่ระบุ,ปากเกร็ด,นนทบุรี,9/2/2026,ไม่ระบุ,ปากเกร็ด,นนทบุรี,,,V892,ไม่ระบุพาหนะ
3046,2026,55.0,ชาย,ไม่ระบุ,นาดี,ปราจีนบุรี,3/2/2026,ไม่ระบุ,นาดี,ปราจีนบุรี,,,V892,ไม่ระบุพาหนะ
3047,2026,38.0,ชาย,ไม่ระบุ,เมืองกระบี่,กระบี่,20/2/2026,ไม่ระบุ,เมืองกระบี่,กระบี่,,,V892,ไม่ระบุพาหนะ
3048,2026,68.0,หญิง,ไม่ระบุ,เมืองจันทบุรี,จันทบุรี,12/3/2026,ไม่ระบุ,เมืองจันทบุรี,จันทบุรี,,,V892,ไม่ระบุพาหนะ
3049,2026,57.0,ชาย,ไม่ระบุ,เมืองลำปาง,ลำปาง,29/3/2026,ไม่ระบุ,เมืองลำปาง,ลำปาง,,,V892,ไม่ระบุพาหนะ
3050,2026,20.0,ชาย,ไม่ระบุ,นครชัยศรี,นครปฐม,22/3/2026,ไม่ระบุ,นครชัยศรี,นครปฐม,,,V892,ไม่ระบุพาหนะ
3051,2026,48.0,ชาย,ไม่ระบุ,เกาะสมุย,สุราษฎร์ธานี,21/3/2026,ไม่ระบุ,เกาะสมุย,สุราษฎร์ธานี,,,V892,ไม่ระบุพาหนะ
3052,2026,79.0,ชาย,ไม่ระบุ,เมืองสระบุรี,สระบุรี,20/1/2026,ไม่ระบุ,เมืองสระบุรี,สระบุรี,,,V892,ไม่ระบุพาหนะ
3053,2026,47.0,หญิง,ไม่ระบุ,เมืองพิษณุโลก,พิษณุโลก,19/1/2026,ไม่ระบุ,เมืองพิษณุโลก,พิษณุโลก,,,V892,ไม่ระบุพาหนะ
3054,2026,46.0,ชาย,ไม่ระบุ,กบินทร์บุรี,ปราจีนบุรี,8/2/2026,ไม่ระบุ,กบินทร์บุรี,ปราจีนบุรี,,,V892,ไม่ระบุพาหนะ
3055,2026,35.0,ชาย,ไม่ระบุ,ลาดยาว,นครสวรรค์,23/2/2026,ไม่ระบุ,ลาดยาว,นครสวรรค์,,,V892,ไม่ระบุพาหนะ
3056,2026,46.0,ชาย,ไม่ระบุ,เมืองจันทบุรี,จันทบุรี,5/3/2026,ไม่ระบุ,เมืองจันทบุรี,จันทบุรี,,,V892,ไม่ระบุพาหนะ
3057,2026,38.0,ชาย,ไม่ระบุ,เมืองชัยภูมิ,ชัยภูมิ,30/3/2026,ไม่ระบุ,เมืองชัยภูมิ,ชัยภูมิ,,,V892,ไม่ระบุพาหนะ
3058,2026,25.0,ชาย,ไม่ระบุ,เมืองลำปาง,ลำปาง,15/3/2026,ไม่ระบุ,เมืองลำปาง,ลำปาง,,,V892,ไม่ระบุพาหนะ
3059,2026,25.0,ชาย,ไม่ระบุ,นครชัยศรี,นครปฐม,1/3/2026,ไม่ระบุ,นครชัยศรี,นครปฐม,,,V892,ไม่ระบุพาหนะ
3060,2026,46.0,ชาย,ไม่ระบุ,กบินทร์บุรี,ปราจีนบุรี,6/2/2026,ไม่ระบุ,กบินทร์บุรี,ปราจีนบุรี,,,V892,ไม่ระบุพาหนะ
3061,2026,18.0,ชาย,ไม่ระบุ,เมืองกระบี่,กระบี่,7/2/2026,ไม่ระบุ,เมืองกระบี่,กระบี่,,,V892,ไม่ระบุพาหนะ
3062,2026,20.0,ชาย,ไม่ระบุ,เมืองจันทบุรี,จันทบุรี,15/3/2026,ไม่ระบุ,เมืองจันทบุรี,จันทบุรี,,,V892,ไม่ระบุพาหนะ
3063,2026,37.0,ชาย,ไม่ระบุ,เมืองลำปาง,ลำปาง,18/3/2026,ไม่ระบุ,เมืองลำปาง,ลำปาง,,,V892,ไม่ระบุพาหนะ
3064,2026,84.0,หญิง,ไม่ระบุ,เมืองสุราษฎร์ธานี,สุราษฎร์ธานี,27/3/2026,ไม่ระบุ,เมืองสุราษฎร์ธานี,สุราษฎร์ธานี,,,V892,ไม่ระบุพาหนะ
3065,2026,40.0,ชาย,ไม่ระบุ,เมืองสระบุรี,สระบุรี,28/1/2026,ไม่ระบุ,เมืองสระบุรี,สระบุรี,,,V892,ไม่ระบุพาหนะ
3066,2026,24.0,ชาย,ไม่ระบุ,เมืองพิษณุโลก,พิษณุโลก,19/1/2026,ไม่ระบุ,เมืองพิษณุโลก,พิษณุโลก,,,V892,ไม่ระบุพาหนะ
3067,2026,63.0,ชาย,ไม่ระบุ,กบินทร์บุรี,ปราจีนบุรี,10/2/2026,ไม่ระบุ,กบินทร์บุรี,ปราจีนบุรี,,,V892,ไม่ระบุพาหนะ
3068,2026,27.0,ชาย,ไม่ระบุ,เมืองอุดรธานี,อุดรธานี,2/2/2026,ไม่ระบุ,เมืองอุดรธานี,อุดรธานี,,,V892,ไม่ระบุพาหนะ
3069,2026,38.0,หญิง,ไม่ระบุ,เขตบางนา,กรุงเทพมหานคร,21/3/2026,ไม่ระบุ,เขตบางนา,กรุงเทพมหานคร,,,V892,ไม่ระบุพาหนะ
3070,2026,48.0,ชาย,ไม่ระบุ,เมืองจันทบุรี,จันทบุรี,13/3/2026,ไม่ระบุ,เมืองจันทบุรี,จันทบุรี,,,V892,ไม่ระบุพาหนะ
3071,2026,42.0,ชาย,ไม่ระบุ,เมืองชัยภูมิ,ชัยภูมิ,6/3/2026,ไม่ระบุ,เมืองชัยภูมิ,ชัยภูมิ,,,V892,ไม่ระบุพาหนะ
3072,2026,51.0,ชาย,ไม่ระบุ,เมืองลำปาง,ลำปาง,19/3/2026,ไม่ระบุ,เมืองลำปาง,ลำปาง,,,V892,ไม่ระบุพาหนะ
3073,2026,47.0,ชาย,ไม่ระบุ,บางเลน,นครปฐม,17/3/2026,ไม่ระบุ,บางเลน,นครปฐม,,,V892,ไม่ระบุพาหนะ
3074,2026,35.0,หญิง,ไม่ระบุ,เมืองชุมพร,ชุมพร,31/3/2026,ไม่ระบุ,เมืองชุมพร,ชุมพร,,,V892,ไม่ระบุพาหนะ
3075,2026,37.0,ชาย,ไม่ระบุ,เมืองสระบุรี,สระบุรี,26/1/2026,ไม่ระบุ,เมืองสระบุรี,สระบุรี,,,V892,ไม่ระบุพาหนะ
3076,2026,78.0,ชาย,ไม่ระบุ,วาริชภูมิ,สกลนคร,6/1/2026,ไม่ระบุ,วาริชภูมิ,สกลนคร,,,V284,รถจักรยานยนต์
3077,2026,75.0,ชาย,ไม่ระบุ,เมืองนนทบุรี,นนทบุรี,23/2/2026,ไม่ระบุ,เมืองนนทบุรี,นนทบุรี,,,V892,ไม่ระบุพาหนะ
3078,2026,40.0,ชาย,ไม่ระบุ,กบินทร์บุรี,ปราจีนบุรี,11/2/2026,ไม่ระบุ,กบินทร์บุรี,ปราจีนบุรี,,,V892,ไม่ระบุพาหนะ
3079,2026,73.0,ชาย,ไม่ระบุ,เมืองเลย,เลย,8/2/2026,ไม่ระบุ,เมืองเลย,เลย,,,V892,ไม่ระบุพาหนะ
3080,2026,73.0,ชาย,ไม่ระบุ,ท้ายเหมือง,พังงา,5/2/2026,ไม่ระบุ,ท้ายเหมือง,พังงา,,,V299,รถจักรยานยนต์
3081,2026,34.0,ชาย,ไม่ระบุ,เขตบางนา,กรุงเทพมหานคร,16/3/2026,ไม่ระบุ,เขตบางนา,กรุงเทพมหานคร,,,V892,ไม่ระบุพาหนะ
3082,2026,67.0,ชาย,ไม่ระบุ,เมืองจันทบุรี,จันทบุรี,5/3/2026,ไม่ระบุ,เมืองจันทบุรี,จันทบุรี,,,V892,ไม่ระบุพาหนะ
3083,2026,52.0,ชาย,ไม่ระบุ,เมืองชัยภูมิ,ชัยภูมิ,7/3/2026,ไม่ระบุ,เมืองชัยภูมิ,ชัยภูมิ,,,V892,ไม่ระบุพาหนะ
3084,2026,78.0,ชาย,ไม่ระบุ,เมืองอุตรดิตถ์,อุตรดิตถ์,5/3/2026,ไม่ระบุ,เมืองอุตรดิตถ์,อุตรดิตถ์,,,V892,ไม่ระบุพาหนะ
3085,2026,46.0,หญิง,ไม่ระบุ,เมืองสระบุรี,สระบุรี,14/1/2026,ไม่ระบุ,เมืองสระบุรี,สระบุรี,,,V892,ไม่ระบุพาหนะ
3086,2026,78.0,ชาย,ไม่ระบุ,วานรนิวาส,สกลนคร,21/1/2026,ไม่ระบุ,วานรนิวาส,สกลนคร,,,V892,ไม่ระบุพาหนะ
3087,2026,52.0,หญิง,ไม่ระบุ,รัตภูมิ,สงขลา,11/1/2026,ไม่ระบุ,รัตภูมิ,สงขลา,,,V892,ไม่ระบุพาหนะ
3088,2026,44.0,หญิง,ไม่ระบุ,เมืองภูเก็ต,ภูเก็ต,6/2/2026,ไม่ระบุ,เมืองภูเก็ต,ภูเก็ต,,,V892,ไม่ระบุพาหนะ
3089,2026,13.0,ชาย,ไม่ระบุ,เมืองจันทบุรี,จันทบุรี,5/3/2026,ไม่ระบุ,เมืองจันทบุรี,จันทบุรี,,,V892,ไม่ระบุพาหนะ
3090,2026,62.0,ชาย,ไม่ระบุ,เมืองชัยภูมิ,ชัยภูมิ,16/3/2026,ไม่ระบุ,เมืองชัยภูมิ,ชัยภูมิ,,,V892,ไม่ระบุพาหนะ
3091,2026,33.0,หญิง,ไม่ระบุ,หนองใหญ่,ชลบุรี,2/3/2026,ไม่ระบุ,หนองใหญ่,ชลบุรี,,,V495,รถยนต์
3092,2026,18.0,ชาย,ไม่ระบุ,สามพราน,นครปฐม,26/3/2026,ไม่ระบุ,สามพราน,นครปฐม,,,V892,ไม่ระบุพาหนะ
3093,2026,52.0,ชาย,ไม่ระบุ,กิ่งอำเภอมะนัง,สตูล,28/3/2026,ไม่ระบุ,กิ่งอำเภอมะนัง,สตูล,,,V686,รถบรรทุกหนัก
3094,2026,66.0,ชาย,ไม่ระบุ,เมืองสกลนคร,สกลนคร,19/1/2026,ไม่ระบุ,เมืองสกลนคร,สกลนคร,,,V225,รถจักรยานยนต์
3095,2026,48.0,ชาย,ไม่ระบุ,ปากพลี,นครนายก,9/2/2026,ไม่ระบุ,ปากพลี,นครนายก,,,V892,ไม่ระบุพาหนะ
3096,2026,34.0,ชาย,ไม่ระบุ,กะทู้,ภูเก็ต,27/2/2026,ไม่ระบุ,กะทู้,ภูเก็ต,,,V892,ไม่ระบุพาหนะ
3097,2026,40.0,ชาย,ไม่ระบุ,เมืองตราด,ตราด,23/3/2026,ไม่ระบุ,เมืองตราด,ตราด,,,V892,ไม่ระบุพาหนะ
3098,2026,24.0,ชาย,ไม่ระบุ,ชานุมาน,อำนาจเจริญ,20/3/2026,ไม่ระบุ,ชานุมาน,อำนาจเจริญ,,,V892,ไม่ระบุพาหนะ
3099,2026,47.0,ชาย,ไม่ระบุ,ลับแล,อุตรดิตถ์,12/3/2026,ไม่ระบุ,ลับแล,อุตรดิตถ์,,,V892,ไม่ระบุพาหนะ
3100,2026,45.0,ชาย,ไม่ระบุ,เมืองสระบุรี,สระบุรี,14/1/2026,ไม่ระบุ,เมืองสระบุรี,สระบุรี,,,V892,ไม่ระบุพาหนะ
3101,2026,51.0,ชาย,ไม่ระบุ,เมืองนนทบุรี,นนทบุรี,6/2/2026,ไม่ระบุ,เมืองนนทบุรี,นนทบุรี,,,V892,ไม่ระบุพาหนะ
3102,2026,26.0,ชาย,ไม่ระบุ,บ้านนา,นครนายก,13/2/2026,ไม่ระบุ,บ้านนา,นครนายก,,,V892,ไม่ระบุพาหนะ
3103,2026,17.0,ชาย,ไม่ระบุ,ด่านซ้าย,เลย,22/2/2026,ไม่ระบุ,ด่านซ้าย,เลย,,,V299,รถจักรยานยนต์
3104,2026,53.0,ชาย,ไม่ระบุ,ทองแสนขัน,อุตรดิตถ์,8/3/2026,ไม่ระบุ,ทองแสนขัน,อุตรดิตถ์,,,V892,ไม่ระบุพาหนะ
3105,2026,58.0,ชาย,ไม่ระบุ,เมืองสกลนคร,สกลนคร,22/1/2026,ไม่ระบุ,เมืองสกลนคร,สกลนคร,,,V284,รถจักรยานยนต์
3106,2026,34.0,ชาย,ไม่ระบุ,เมืองพิษณุโลก,พิษณุโลก,1/1/2026,ไม่ระบุ,เมืองพิษณุโลก,พิษณุโลก,,,V892,ไม่ระบุพาหนะ
3107,2026,16.0,ชาย,ไม่ระบุ,เมืองนนทบุรี,นนทบุรี,9/2/2026,ไม่ระบุ,เมืองนนทบุรี,นนทบุรี,,,V892,ไม่ระบุพาหนะ
3108,2026,66.0,หญิง,ไม่ระบุ,องครักษ์,นครนายก,3/2/2026,ไม่ระบุ,องครักษ์,นครนายก,,,V892,ไม่ระบุพาหนะ
3109,2026,16.0,ชาย,ไม่ระบุ,ลานสัก,อุทัยธานี,7/2/2026,ไม่ระบุ,ลานสัก,อุทัยธานี,,,V274,รถจักรยานยนต์
3110,2026,80.0,ชาย,ไม่ระบุ,เมืองภูเก็ต,ภูเก็ต,11/2/2026,ไม่ระบุ,เมืองภูเก็ต,ภูเก็ต,,,V892,ไม่ระบุพาหนะ
3111,2026,36.0,ชาย,ไม่ระบุ,เขตทุ่งครุ,กรุงเทพมหานคร,24/3/2026,ไม่ระบุ,เขตทุ่งครุ,กรุงเทพมหานคร,,,V892,ไม่ระบุพาหนะ
3112,2026,42.0,ชาย,ไม่ระบุ,ทองแสนขัน,อุตรดิตถ์,19/3/2026,ไม่ระบุ,ทองแสนขัน,อุตรดิตถ์,,,V892,ไม่ระบุพาหนะ
3113,2026,31.0,ชาย,ไม่ระบุ,สามพราน,นครปฐม,5/3/2026,ไม่ระบุ,สามพราน,นครปฐม,,,V892,ไม่ระบุพาหนะ
3114,2026,54.0,ชาย,ไม่ระบุ,เมืองสระบุรี,สระบุรี,17/1/2026,ไม่ระบุ,เมืองสระบุรี,สระบุรี,,,V892,ไม่ระบุพาหนะ
3115,2026,48.0,ชาย,ไม่ระบุ,เมืองสกลนคร,สกลนคร,17/1/2026,ไม่ระบุ,เมืองสกลนคร,สกลนคร,,,V892,ไม่ระบุพาหนะ
3116,2026,54.0,ชาย,ไม่ระบุ,เมืองสกลนคร,สกลนคร,26/1/2026,ไม่ระบุ,เมืองสกลนคร,สกลนคร,,,V892,ไม่ระบุพาหนะ
3117,2026,18.0,ชาย,ไม่ระบุ,เมืองพิษณุโลก,พิษณุโลก,7/1/2026,ไม่ระบุ,เมืองพิษณุโลก,พิษณุโลก,,,V892,ไม่ระบุพาหนะ
3118,2026,70.0,ชาย,ไม่ระบุ,หาดใหญ่,สงขลา,5/1/2026,ไม่ระบุ,หาดใหญ่,สงขลา,,,V892,ไม่ระบุพาหนะ
3119,2026,39.0,ชาย,ไม่ระบุ,เมืองนนทบุรี,นนทบุรี,8/2/2026,ไม่ระบุ,เมืองนนทบุรี,นนทบุรี,,,V892,ไม่ระบุพาหนะ
3120,2026,35.0,ชาย,ไม่ระบุ,องครักษ์,นครนายก,21/2/2026,ไม่ระบุ,องครักษ์,นครนายก,,,V892,ไม่ระบุพาหนะ
3121,2026,61.0,ชาย,ไม่ระบุ,เมืองอุทัยธานี,อุทัยธานี,12/2/2026,ไม่ระบุ,เมืองอุทัยธานี,อุทัยธานี,,,V299,รถจักรยานยนต์
3122,2026,75.0,ชาย,ไม่ระบุ,เมืองตราด,ตราด,15/3/2026,ไม่ระบุ,เมืองตราด,ตราด,,,V892,ไม่ระบุพาหนะ
3123,2026,43.0,ชาย,ไม่ระบุ,เมืองอุตรดิตถ์,อุตรดิตถ์,2/3/2026,ไม่ระบุ,เมืองอุตรดิตถ์,อุตรดิตถ์,,,V892,ไม่ระบุพาหนะ
3124,2026,83.0,ชาย,ไม่ระบุ,หาดใหญ่,สงขลา,11/1/2026,ไม่ระบุ,หาดใหญ่,สงขลา,,,V892,ไม่ระบุพาหนะ
3125,2026,55.0,ชาย,ไม่ระบุ,เมืองนครนายก,นครนายก,11/2/2026,ไม่ระบุ,เมืองนครนายก,นครนายก,,,V294,รถจักรยานยนต์
3126,2026,27.0,ชาย,ไม่ระบุ,วังสะพุง,เลย,20/2/2026,ไม่ระบุ,วังสะพุง,เลย,,,V892,ไม่ระบุพาหนะ
3127,2026,27.0,ชาย,ไม่ระบุ,เมืองอุทัยธานี,อุทัยธานี,17/2/2026,ไม่ระบุ,เมืองอุทัยธานี,อุทัยธานี,,,V840,ไม่ระบุพาหนะ
3128,2026,32.0,ชาย,ไม่ระบุ,เมืองภูเก็ต,ภูเก็ต,2/2/2026,ไม่ระบุ,เมืองภูเก็ต,ภูเก็ต,,,V892,ไม่ระบุพาหนะ
3129,2026,54.0,ชาย,ไม่ระบุ,เมืองตราด,ตราด,29/3/2026,ไม่ระบุ,เมืองตราด,ตราด,,,V892,ไม่ระบุพาหนะ
3130,2026,36.0,หญิง,ไม่ระบุ,เมืองสกลนคร,สกลนคร,8/3/2026,ไม่ระบุ,เมืองสกลนคร,สกลนคร,,,V892,ไม่ระบุพาหนะ
3131,2026,57.0,ชาย,ไม่ระบุ,สามพราน,นครปฐม,14/3/2026,ไม่ระบุ,สามพราน,นครปฐม,,,V892,ไม่ระบุพาหนะ
3132,2026,17.0,หญิง,ไม่ระบุ,เมืองสระบุรี,สระบุรี,16/1/2026,ไม่ระบุ,เมืองสระบุรี,สระบุรี,,,V892,ไม่ระบุพาหนะ
3133,2026,24.0,ชาย,ไม่ระบุ,โพนนาแก้ว,สกลนคร,25/1/2026,ไม่ระบุ,โพนนาแก้ว,สกลนคร,,,V892,ไม่ระบุพาหนะ
3134,2026,65.0,ชาย,ไม่ระบุ,เมืองนนทบุรี,นนทบุรี,6/2/2026,ไม่ระบุ,เมืองนนทบุรี,นนทบุรี,,,V892,ไม่ระบุพาหนะ
3135,2026,37.0,หญิง,ไม่ระบุ,เมืองอุทัยธานี,อุทัยธานี,12/2/2026,ไม่ระบุ,เมืองอุทัยธานี,อุทัยธานี,,,V892,ไม่ระบุพาหนะ
3136,2026,57.0,ชาย,ไม่ระบุ,เมืองภูเก็ต,ภูเก็ต,8/2/2026,ไม่ระบุ,เมืองภูเก็ต,ภูเก็ต,,,V892,ไม่ระบุพาหนะ
3137,2026,6.0,ชาย,ไม่ระบุ,เมืองสมุทรปราการ,สมุทรปราการ,12/3/2026,ไม่ระบุ,เมืองสมุทรปราการ,สมุทรปราการ,,,V892,ไม่ระบุพาหนะ
3138,2026,38.0,ชาย,ไม่ระบุ,เมืองฉะเชิงเทรา,ฉะเชิงเทรา,25/3/2026,ไม่ระบุ,เมืองฉะเชิงเทรา,ฉะเชิงเทรา,,,V299,รถจักรยานยนต์
3139,2026,51.0,หญิง,ไม่ระบุ,โซ่พิสัย,บึงกาฬ,7/3/2026,ไม่ระบุ,โซ่พิสัย,บึงกาฬ,,,V299,รถจักรยานยนต์
3140,2026,33.0,ชาย,ไม่ระบุ,เมืองอุตรดิตถ์,อุตรดิตถ์,5/3/2026,ไม่ระบุ,เมืองอุตรดิตถ์,อุตรดิตถ์,,,V892,ไม่ระบุพาหนะ
3141,2026,39.0,ชาย,ไม่ระบุ,ดอนตูม,นครปฐม,26/3/2026,ไม่ระบุ,ดอนตูม,นครปฐม,,,V892,ไม่ระบุพาหนะ
3142,2026,34.0,ชาย,ไม่ระบุ,ระแงะ,นราธิวาส,31/3/2026,ไม่ระบุ,ระแงะ,นราธิวาส,,,V299,รถจักรยานยนต์
3143,2026,54.0,หญิง,ไม่ระบุ,เมืองสระบุรี,สระบุรี,7/1/2026,ไม่ระบุ,เมืองสระบุรี,สระบุรี,,,V892,ไม่ระบุพาหนะ
3144,2026,64.0,ชาย,ไม่ระบุ,เมืองสงขลา,สงขลา,12/1/2026,ไม่ระบุ,เมืองสงขลา,สงขลา,,,V892,ไม่ระบุพาหนะ
3145,2026,35.0,ชาย,ไม่ระบุ,เมืองนนทบุรี,นนทบุรี,5/2/2026,ไม่ระบุ,เมืองนนทบุรี,นนทบุรี,,,V892,ไม่ระบุพาหนะ
3146,2026,58.0,หญิง,ไม่ระบุ,เขาฉกรรจ์,สระแก้ว,3/2/2026,ไม่ระบุ,เขาฉกรรจ์,สระแก้ว,,,V892,ไม่ระบุพาหนะ
3147,2026,62.0,ชาย,ไม่ระบุ,วังสะพุง,เลย,20/2/2026,ไม่ระบุ,วังสะพุง,เลย,,,V499,รถยนต์
3148,2026,50.0,หญิง,ไม่ระบุ,เมืองภูเก็ต,ภูเก็ต,20/2/2026,ไม่ระบุ,เมืองภูเก็ต,ภูเก็ต,,,V892,ไม่ระบุพาหนะ
3149,2026,64.0,ชาย,ไม่ระบุ,โซ่พิสัย,บึงกาฬ,1/3/2026,ไม่ระบุ,โซ่พิสัย,บึงกาฬ,,,V229,รถจักรยานยนต์
3150,2026,1.0,หญิง,ไม่ระบุ,เมืองอุตรดิตถ์,อุตรดิตถ์,1/3/2026,ไม่ระบุ,เมืองอุตรดิตถ์,อุตรดิตถ์,,,V892,ไม่ระบุพาหนะ
3151,2026,40.0,ชาย,ไม่ระบุ,ดอนตูม,นครปฐม,4/3/2026,ไม่ระบุ,ดอนตูม,นครปฐม,,,V892,ไม่ระบุพาหนะ
3152,2026,46.0,ชาย,ไม่ระบุ,เมืองนราธิวาส,นราธิวาส,27/3/2026,ไม่ระบุ,เมืองนราธิวาส,นราธิวาส,,,V892,ไม่ระบุพาหนะ
3153,2026,18.0,ชาย,ไม่ระบุ,สว่างแดนดิน,สกลนคร,6/1/2026,ไม่ระบุ,สว่างแดนดิน,สกลนคร,,,V892,ไม่ระบุพาหนะ
3154,2026,83.0,ชาย,ไม่ระบุ,เมืองสงขลา,สงขลา,11/1/2026,ไม่ระบุ,เมืองสงขลา,สงขลา,,,V892,ไม่ระบุพาหนะ
3155,2026,51.0,ชาย,ไม่ระบุ,เมืองนนทบุรี,นนทบุรี,1/2/2026,ไม่ระบุ,เมืองนนทบุรี,นนทบุรี,,,V892,ไม่ระบุพาหนะ
3156,2026,78.0,ชาย,ไม่ระบุ,เมืองภูเก็ต,ภูเก็ต,20/2/2026,ไม่ระบุ,เมืองภูเก็ต,ภูเก็ต,,,V099,คนเดินเท้า
3157,2026,39.0,ชาย,ไม่ระบุ,บางบัวทอง,นนทบุรี,31/3/2026,ไม่ระบุ,บางบัวทอง,นนทบุรี,,,V892,ไม่ระบุพาหนะ
3158,2026,54.0,หญิง,ไม่ระบุ,เซกา,บึงกาฬ,8/3/2026,ไม่ระบุ,เซกา,บึงกาฬ,,,V892,ไม่ระบุพาหนะ
3159,2026,59.0,ชาย,ไม่ระบุ,เมืองอุตรดิตถ์,อุตรดิตถ์,13/3/2026,ไม่ระบุ,เมืองอุตรดิตถ์,อุตรดิตถ์,,,V892,ไม่ระบุพาหนะ
3160,2026,63.0,หญิง,ไม่ระบุ,ดอนตูม,นครปฐม,15/3/2026,ไม่ระบุ,ดอนตูม,นครปฐม,,,V892,ไม่ระบุพาหนะ
3161,2026,65.0,ชาย,ไม่ระบุ,เมืองสระบุรี,สระบุรี,8/1/2026,ไม่ระบุ,เมืองสระบุรี,สระบุรี,,,V892,ไม่ระบุพาหนะ
3162,2026,19.0,ชาย,ไม่ระบุ,เมืองสุรินทร์,สุรินทร์,28/1/2026,ไม่ระบุ,เมืองสุรินทร์,สุรินทร์,,,V284,รถจักรยานยนต์
3163,2026,46.0,ชาย,ไม่ระบุ,ทับคล้อ,พิจิตร,26/1/2026,ไม่ระบุ,ทับคล้อ,พิจิตร,,,V892,ไม่ระบุพาหนะ
3164,2026,65.0,ชาย,ไม่ระบุ,เมืองสงขลา,สงขลา,17/1/2026,ไม่ระบุ,เมืองสงขลา,สงขลา,,,V892,ไม่ระบุพาหนะ
3165,2026,39.0,ชาย,ไม่ระบุ,เมืองสระแก้ว,สระแก้ว,23/2/2026,ไม่ระบุ,เมืองสระแก้ว,สระแก้ว,,,V274,รถจักรยานยนต์
3166,2026,27.0,หญิง,ไม่ระบุ,เมืองภูเก็ต,ภูเก็ต,12/2/2026,ไม่ระบุ,เมืองภูเก็ต,ภูเก็ต,,,V892,ไม่ระบุพาหนะ
3167,2026,55.0,ชาย,ไม่ระบุ,เซกา,บึงกาฬ,15/3/2026,ไม่ระบุ,เซกา,บึงกาฬ,,,V224,รถจักรยานยนต์
3168,2026,72.0,ชาย,ไม่ระบุ,เมืองอุตรดิตถ์,อุตรดิตถ์,28/3/2026,ไม่ระบุ,เมืองอุตรดิตถ์,อุตรดิตถ์,,,V892,ไม่ระบุพาหนะ
3169,2026,62.0,หญิง,ไม่ระบุ,นครชัยศรี,นครปฐม,8/3/2026,ไม่ระบุ,นครชัยศรี,นครปฐม,,,V892,ไม่ระบุพาหนะ
3170,2026,38.0,ชาย,ไม่ระบุ,เมืองสระบุรี,สระบุรี,7/1/2026,ไม่ระบุ,เมืองสระบุรี,สระบุรี,,,V892,ไม่ระบุพาหนะ
3171,2026,44.0,ชาย,ไม่ระบุ,เมืองสุรินทร์,สุรินทร์,22/1/2026,ไม่ระบุ,เมืองสุรินทร์,สุรินทร์,,,V892,ไม่ระบุพาหนะ
3172,2026,61.0,หญิง,ไม่ระบุ,เมืองภูเก็ต,ภูเก็ต,19/2/2026,ไม่ระบุ,เมืองภูเก็ต,ภูเก็ต,,,V892,ไม่ระบุพาหนะ
3173,2026,21.0,ชาย,ไม่ระบุ,เมืองระยอง,ระยอง,29/3/2026,ไม่ระบุ,เมืองระยอง,ระยอง,,,V892,ไม่ระบุพาหนะ
3174,2026,54.0,ชาย,ไม่ระบุ,ศรีวิไล,บึงกาฬ,20/3/2026,ไม่ระบุ,ศรีวิไล,บึงกาฬ,,,V299,รถจักรยานยนต์
3175,2026,28.0,ชาย,ไม่ระบุ,เมืองอุตรดิตถ์,อุตรดิตถ์,24/3/2026,ไม่ระบุ,เมืองอุตรดิตถ์,อุตรดิตถ์,,,V892,ไม่ระบุพาหนะ
3176,2026,32.0,ชาย,ไม่ระบุ,เมืองนครปฐม,นครปฐม,30/3/2026,ไม่ระบุ,เมืองนครปฐม,นครปฐม,,,V892,ไม่ระบุพาหนะ
3177,2026,41.0,ชาย,ไม่ระบุ,เมืองสงขลา,สงขลา,15/1/2026,ไม่ระบุ,เมืองสงขลา,สงขลา,,,V892,ไม่ระบุพาหนะ
3178,2026,30.0,หญิง,ไม่ระบุ,คลองหลวง,ปทุมธานี,16/2/2026,ไม่ระบุ,คลองหลวง,ปทุมธานี,,,V892,ไม่ระบุพาหนะ
3179,2026,24.0,หญิง,ไม่ระบุ,เมืองนครราชสีมา,นครราชสีมา,17/2/2026,ไม่ระบุ,เมืองนครราชสีมา,นครราชสีมา,,,V892,ไม่ระบุพาหนะ
3180,2026,54.0,ชาย,ไม่ระบุ,ปากชม,เลย,21/2/2026,ไม่ระบุ,ปากชม,เลย,,,V892,ไม่ระบุพาหนะ
3181,2026,54.0,ชาย,ไม่ระบุ,เมืองศรีสะเกษ,ศรีสะเกษ,20/3/2026,ไม่ระบุ,เมืองศรีสะเกษ,ศรีสะเกษ,,,V892,ไม่ระบุพาหนะ
3182,2026,37.0,ชาย,ไม่ระบุ,บางปะกง,ฉะเชิงเทรา,2/3/2026,ไม่ระบุ,บางปะกง,ฉะเชิงเทรา,,,V892,ไม่ระบุพาหนะ
3183,2026,16.0,ชาย,ไม่ระบุ,บึงโขงหลง,บึงกาฬ,22/3/2026,ไม่ระบุ,บึงโขงหลง,บึงกาฬ,,,V892,ไม่ระบุพาหนะ
3184,2026,33.0,หญิง,ไม่ระบุ,เมืองนครปฐม,นครปฐม,28/3/2026,ไม่ระบุ,เมืองนครปฐม,นครปฐม,,,V892,ไม่ระบุพาหนะ
3185,2026,58.0,ชาย,ไม่ระบุ,เมืองกำแพงเพชร,กำแพงเพชร,13/2/2026,ไม่ระบุ,เมืองกำแพงเพชร,กำแพงเพชร,,,V645,รถบรรทุกหนัก
3186,2026,21.0,หญิง,ไม่ระบุ,บางปะกง,ฉะเชิงเทรา,20/3/2026,ไม่ระบุ,บางปะกง,ฉะเชิงเทรา,,,V892,ไม่ระบุพาหนะ
3187,2026,76.0,ชาย,ไม่ระบุ,บึงโขงหลง,บึงกาฬ,12/3/2026,ไม่ระบุ,บึงโขงหลง,บึงกาฬ,,,V139,รถจักรยาน
3188,2026,28.0,ชาย,ไม่ระบุ,เมืองนครปฐม,นครปฐม,28/3/2026,ไม่ระบุ,เมืองนครปฐม,นครปฐม,,,V892,ไม่ระบุพาหนะ
3189,2026,43.0,ชาย,ไม่ระบุ,เมืองสุรินทร์,สุรินทร์,26/1/2026,ไม่ระบุ,เมืองสุรินทร์,สุรินทร์,,,V234,รถจักรยานยนต์
3190,2026,31.0,ชาย,ไม่ระบุ,เมืองสกลนคร,สกลนคร,17/1/2026,ไม่ระบุ,เมืองสกลนคร,สกลนคร,,,V284,รถจักรยานยนต์
3191,2026,56.0,ชาย,ไม่ระบุ,เมืองสงขลา,สงขลา,27/1/2026,ไม่ระบุ,เมืองสงขลา,สงขลา,,,V892,ไม่ระบุพาหนะ
3192,2026,55.0,ชาย,ไม่ระบุ,เมืองนครราชสีมา,นครราชสีมา,12/2/2026,ไม่ระบุ,เมืองนครราชสีมา,นครราชสีมา,,,V892,ไม่ระบุพาหนะ
3193,2026,20.0,หญิง,ไม่ระบุ,เมืองสุราษฎร์ธานี,สุราษฎร์ธานี,2/2/2026,ไม่ระบุ,เมืองสุราษฎร์ธานี,สุราษฎร์ธานี,,,V892,ไม่ระบุพาหนะ
3194,2026,53.0,ชาย,ไม่ระบุ,เซกา,บึงกาฬ,9/3/2026,ไม่ระบุ,เซกา,บึงกาฬ,,,V499,รถยนต์
3195,2026,16.0,ชาย,ไม่ระบุ,เมืองนครปฐม,นครปฐม,29/3/2026,ไม่ระบุ,เมืองนครปฐม,นครปฐม,,,V892,ไม่ระบุพาหนะ
3196,2026,25.0,ชาย,ไม่ระบุ,เมืองสกลนคร,สกลนคร,26/1/2026,ไม่ระบุ,เมืองสกลนคร,สกลนคร,,,V892,ไม่ระบุพาหนะ
3197,2026,76.0,หญิง,ไม่ระบุ,หนองเสือ,ปทุมธานี,25/2/2026,ไม่ระบุ,หนองเสือ,ปทุมธานี,,,V892,ไม่ระบุพาหนะ
3198,2026,40.0,ชาย,ไม่ระบุ,เมืองนครราชสีมา,นครราชสีมา,14/2/2026,ไม่ระบุ,เมืองนครราชสีมา,นครราชสีมา,,,V892,ไม่ระบุพาหนะ
3199,2026,41.0,ชาย,ไม่ระบุ,ปางศิลาทอง,กำแพงเพชร,11/2/2026,ไม่ระบุ,ปางศิลาทอง,กำแพงเพชร,,,V244,รถจักรยานยนต์
3200,2026,77.0,ชาย,ไม่ระบุ,เมืองบึงกาฬ,บึงกาฬ,24/3/2026,ไม่ระบุ,เมืองบึงกาฬ,บึงกาฬ,,,V299,รถจักรยานยนต์
3201,2026,20.0,ชาย,ไม่ระบุ,หนองใหญ่,ชลบุรี,6/1/2026,ไม่ระบุ,หนองใหญ่,ชลบุรี,,,V892,ไม่ระบุพาหนะ
3202,2026,35.0,ชาย,ไม่ระบุ,เมืองสุรินทร์,สุรินทร์,2/1/2026,ไม่ระบุ,เมืองสุรินทร์,สุรินทร์,,,V487,รถยนต์
3203,2026,68.0,ชาย,ไม่ระบุ,เมืองสกลนคร,สกลนคร,23/1/2026,ไม่ระบุ,เมืองสกลนคร,สกลนคร,,,V892,ไม่ระบุพาหนะ
3204,2026,21.0,หญิง,ไม่ระบุ,เขตทวีวัฒนา,กรุงเทพมหานคร,31/1/2026,ไม่ระบุ,เขตทวีวัฒนา,กรุงเทพมหานคร,,,V892,ไม่ระบุพาหนะ
3205,2026,71.0,ชาย,ไม่ระบุ,ลาดหลุมแก้ว,ปทุมธานี,7/2/2026,ไม่ระบุ,ลาดหลุมแก้ว,ปทุมธานี,,,V892,ไม่ระบุพาหนะ
3206,2026,64.0,ชาย,ไม่ระบุ,เมืองนครราชสีมา,นครราชสีมา,10/2/2026,ไม่ระบุ,เมืองนครราชสีมา,นครราชสีมา,,,V892,ไม่ระบุพาหนะ
3207,2026,71.0,ชาย,ไม่ระบุ,เขตทวีวัฒนา,กรุงเทพมหานคร,31/1/2026,ไม่ระบุ,เขตทวีวัฒนา,กรุงเทพมหานคร,,,V892,ไม่ระบุพาหนะ
3208,2026,30.0,ชาย,ไม่ระบุ,ลำลูกกา,ปทุมธานี,2/2/2026,ไม่ระบุ,ลำลูกกา,ปทุมธานี,,,V892,ไม่ระบุพาหนะ
3209,2026,31.0,ชาย,ไม่ระบุ,เมืองนครราชสีมา,นครราชสีมา,12/2/2026,ไม่ระบุ,เมืองนครราชสีมา,นครราชสีมา,,,V892,ไม่ระบุพาหนะ
3210,2026,62.0,ชาย,ไม่ระบุ,ปางศิลาทอง,กำแพงเพชร,21/2/2026,ไม่ระบุ,ปางศิลาทอง,กำแพงเพชร,,,V840,ไม่ระบุพาหนะ
3211,2026,36.0,ชาย,ไม่ระบุ,บางพลี,สมุทรปราการ,28/3/2026,ไม่ระบุ,บางพลี,สมุทรปราการ,,,V892,ไม่ระบุพาหนะ
3212,2026,18.0,ชาย,ไม่ระบุ,พนมสารคาม,ฉะเชิงเทรา,2/3/2026,ไม่ระบุ,พนมสารคาม,ฉะเชิงเทรา,,,V892,ไม่ระบุพาหนะ
3213,2026,26.0,ชาย,ไม่ระบุ,เมืองนครปฐม,นครปฐม,6/3/2026,ไม่ระบุ,เมืองนครปฐม,นครปฐม,,,V892,ไม่ระบุพาหนะ
3214,2026,61.0,ชาย,ไม่ระบุ,เมืองสกลนคร,สกลนคร,4/1/2026,ไม่ระบุ,เมืองสกลนคร,สกลนคร,,,V284,รถจักรยานยนต์
3215,2026,64.0,ชาย,ไม่ระบุ,หาดใหญ่,สงขลา,27/1/2026,ไม่ระบุ,หาดใหญ่,สงขลา,,,V892,ไม่ระบุพาหนะ
3216,2026,31.0,หญิง,ไม่ระบุ,สามโคก,ปทุมธานี,11/2/2026,ไม่ระบุ,สามโคก,ปทุมธานี,,,V892,ไม่ระบุพาหนะ
3217,2026,68.0,ชาย,ไม่ระบุ,เมืองสุราษฎร์ธานี,สุราษฎร์ธานี,3/2/2026,ไม่ระบุ,เมืองสุราษฎร์ธานี,สุราษฎร์ธานี,,,V892,ไม่ระบุพาหนะ
3218,2026,26.0,ชาย,ไม่ระบุ,บางพลี,สมุทรปราการ,19/3/2026,ไม่ระบุ,บางพลี,สมุทรปราการ,,,V892,ไม่ระบุพาหนะ
3219,2026,26.0,ชาย,ไม่ระบุ,พนมสารคาม,ฉะเชิงเทรา,11/3/2026,ไม่ระบุ,พนมสารคาม,ฉะเชิงเทรา,,,V892,ไม่ระบุพาหนะ
3220,2026,23.0,ชาย,ไม่ระบุ,เมืองสมุทรสาคร,สมุทรสาคร,6/3/2026,ไม่ระบุ,เมืองสมุทรสาคร,สมุทรสาคร,,,V892,ไม่ระบุพาหนะ
3221,2026,30.0,ชาย,ไม่ระบุ,พานทอง,ชลบุรี,26/1/2026,ไม่ระบุ,พานทอง,ชลบุรี,,,V892,ไม่ระบุพาหนะ
3222,2026,28.0,ชาย,ไม่ระบุ,ขุขันธ์,ศรีสะเกษ,10/1/2026,ไม่ระบุ,ขุขันธ์,ศรีสะเกษ,,,V299,รถจักรยานยนต์
3223,2026,27.0,ชาย,ไม่ระบุ,เมืองสกลนคร,สกลนคร,10/1/2026,ไม่ระบุ,เมืองสกลนคร,สกลนคร,,,V892,ไม่ระบุพาหนะ
3224,2026,32.0,ชาย,ไม่ระบุ,หล่มสัก,เพชรบูรณ์,8/1/2026,ไม่ระบุ,หล่มสัก,เพชรบูรณ์,,,V892,ไม่ระบุพาหนะ
3225,2026,69.0,ชาย,ไม่ระบุ,หาดใหญ่,สงขลา,19/1/2026,ไม่ระบุ,หาดใหญ่,สงขลา,,,V892,ไม่ระบุพาหนะ
3226,2026,37.0,ชาย,ไม่ระบุ,คลองขลุง,กำแพงเพชร,15/2/2026,ไม่ระบุ,คลองขลุง,กำแพงเพชร,,,V284,รถจักรยานยนต์
3227,2026,74.0,ชาย,ไม่ระบุ,บางพลี,สมุทรปราการ,12/3/2026,ไม่ระบุ,บางพลี,สมุทรปราการ,,,V892,ไม่ระบุพาหนะ
3228,2026,64.0,หญิง,ไม่ระบุ,บางน้ำเปรี้ยว,ฉะเชิงเทรา,28/3/2026,ไม่ระบุ,บางน้ำเปรี้ยว,ฉะเชิงเทรา,,,V892,ไม่ระบุพาหนะ
3229,2026,75.0,ชาย,ไม่ระบุ,เมืองแพร่,แพร่,8/3/2026,ไม่ระบุ,เมืองแพร่,แพร่,,,V892,ไม่ระบุพาหนะ
3230,2026,58.0,ชาย,ไม่ระบุ,เมืองสมุทรสาคร,สมุทรสาคร,11/3/2026,ไม่ระบุ,เมืองสมุทรสาคร,สมุทรสาคร,,,V892,ไม่ระบุพาหนะ
3231,2026,68.0,หญิง,ไม่ระบุ,หาดใหญ่,สงขลา,21/1/2026,ไม่ระบุ,หาดใหญ่,สงขลา,,,V892,ไม่ระบุพาหนะ
3232,2026,33.0,ชาย,ไม่ระบุ,เมืองปทุมธานี,ปทุมธานี,20/2/2026,ไม่ระบุ,เมืองปทุมธานี,ปทุมธานี,,,V892,ไม่ระบุพาหนะ
3233,2026,60.0,ชาย,ไม่ระบุ,กิ่งอำเภอสระใคร,หนองคาย,22/2/2026,ไม่ระบุ,กิ่งอำเภอสระใคร,หนองคาย,,,V892,ไม่ระบุพาหนะ
3234,2026,17.0,ชาย,ไม่ระบุ,คลองขลุง,กำแพงเพชร,21/2/2026,ไม่ระบุ,คลองขลุง,กำแพงเพชร,,,V284,รถจักรยานยนต์
3235,2026,26.0,ชาย,ไม่ระบุ,บางพลี,สมุทรปราการ,11/3/2026,ไม่ระบุ,บางพลี,สมุทรปราการ,,,V892,ไม่ระบุพาหนะ
3236,2026,74.0,ชาย,ไม่ระบุ,บางคล้า,ฉะเชิงเทรา,19/3/2026,ไม่ระบุ,บางคล้า,ฉะเชิงเทรา,,,V892,ไม่ระบุพาหนะ
3237,2026,75.0,ชาย,ไม่ระบุ,เมืองหนองบัวลำภู,หนองบัวลำภู,6/3/2026,ไม่ระบุ,เมืองหนองบัวลำภู,หนองบัวลำภู,,,V439,รถยนต์
3238,2026,82.0,ชาย,ไม่ระบุ,เมืองแพร่,แพร่,9/3/2026,ไม่ระบุ,เมืองแพร่,แพร่,,,V892,ไม่ระบุพาหนะ
3239,2026,36.0,ชาย,ไม่ระบุ,เมืองสมุทรสาคร,สมุทรสาคร,11/3/2026,ไม่ระบุ,เมืองสมุทรสาคร,สมุทรสาคร,,,V892,ไม่ระบุพาหนะ
3240,2026,35.0,ชาย,ไม่ระบุ,พานทอง,ชลบุรี,25/1/2026,ไม่ระบุ,พานทอง,ชลบุรี,,,V892,ไม่ระบุพาหนะ
3241,2026,37.0,ชาย,ไม่ระบุ,เมืองนครพนม,นครพนม,18/1/2026,ไม่ระบุ,เมืองนครพนม,นครพนม,,,V892,ไม่ระบุพาหนะ
3242,2026,68.0,ชาย,ไม่ระบุ,หาดใหญ่,สงขลา,24/1/2026,ไม่ระบุ,หาดใหญ่,สงขลา,,,V892,ไม่ระบุพาหนะ
3243,2026,74.0,ชาย,ไม่ระบุ,คลองขลุง,กำแพงเพชร,5/2/2026,ไม่ระบุ,คลองขลุง,กำแพงเพชร,,,V224,รถจักรยานยนต์
3244,2026,47.0,ชาย,ไม่ระบุ,พุนพิน,สุราษฎร์ธานี,5/2/2026,ไม่ระบุ,พุนพิน,สุราษฎร์ธานี,,,V449,รถยนต์
3245,2026,66.0,หญิง,ไม่ระบุ,บางพลี,สมุทรปราการ,15/3/2026,ไม่ระบุ,บางพลี,สมุทรปราการ,,,V892,ไม่ระบุพาหนะ
3246,2026,51.0,ชาย,ไม่ระบุ,เมืองฉะเชิงเทรา,ฉะเชิงเทรา,24/3/2026,ไม่ระบุ,เมืองฉะเชิงเทรา,ฉะเชิงเทรา,,,V892,ไม่ระบุพาหนะ
3247,2026,70.0,หญิง,ไม่ระบุ,เมืองหนองบัวลำภู,หนองบัวลำภู,17/3/2026,ไม่ระบุ,เมืองหนองบัวลำภู,หนองบัวลำภู,,,V099,คนเดินเท้า
3248,2026,67.0,ชาย,ไม่ระบุ,เมืองแพร่,แพร่,17/3/2026,ไม่ระบุ,เมืองแพร่,แพร่,,,V892,ไม่ระบุพาหนะ
3249,2026,39.0,ชาย,ไม่ระบุ,พานทอง,ชลบุรี,24/1/2026,ไม่ระบุ,พานทอง,ชลบุรี,,,V892,ไม่ระบุพาหนะ
3250,2026,70.0,ชาย,ไม่ระบุ,อุทุมพรพิสัย,ศรีสะเกษ,26/1/2026,ไม่ระบุ,อุทุมพรพิสัย,ศรีสะเกษ,,,V892,ไม่ระบุพาหนะ
3251,2026,19.0,ชาย,ไม่ระบุ,หาดใหญ่,สงขลา,24/1/2026,ไม่ระบุ,หาดใหญ่,สงขลา,,,V892,ไม่ระบุพาหนะ
3252,2026,38.0,ชาย,ไม่ระบุ,ธัญบุรี,ปทุมธานี,12/2/2026,ไม่ระบุ,ธัญบุรี,ปทุมธานี,,,V892,ไม่ระบุพาหนะ
3253,2026,44.0,ชาย,ไม่ระบุ,เมืองกำแพงเพชร,กำแพงเพชร,14/2/2026,ไม่ระบุ,เมืองกำแพงเพชร,กำแพงเพชร,,,V499,รถยนต์
3254,2026,22.0,ชาย,ไม่ระบุ,บ้านตาขุน,สุราษฎร์ธานี,4/2/2026,ไม่ระบุ,บ้านตาขุน,สุราษฎร์ธานี,,,V892,ไม่ระบุพาหนะ
3255,2026,25.0,ชาย,ไม่ระบุ,บางพลี,สมุทรปราการ,1/3/2026,ไม่ระบุ,บางพลี,สมุทรปราการ,,,V892,ไม่ระบุพาหนะ
3256,2026,28.0,ชาย,ไม่ระบุ,เมืองฉะเชิงเทรา,ฉะเชิงเทรา,23/3/2026,ไม่ระบุ,เมืองฉะเชิงเทรา,ฉะเชิงเทรา,,,V892,ไม่ระบุพาหนะ
3257,2026,22.0,ชาย,ไม่ระบุ,หนองเรือ,ขอนแก่น,19/3/2026,ไม่ระบุ,หนองเรือ,ขอนแก่น,,,V892,ไม่ระบุพาหนะ
3258,2026,73.0,ชาย,ไม่ระบุ,เมืองแพร่,แพร่,22/3/2026,ไม่ระบุ,เมืองแพร่,แพร่,,,V892,ไม่ระบุพาหนะ
3259,2026,13.0,ชาย,ไม่ระบุ,ศรีเทพ,เพชรบูรณ์,16/1/2026,ไม่ระบุ,ศรีเทพ,เพชรบูรณ์,,,V892,ไม่ระบุพาหนะ
3260,2026,29.0,หญิง,ไม่ระบุ,คลองหลวง,ปทุมธานี,23/2/2026,ไม่ระบุ,คลองหลวง,ปทุมธานี,,,V892,ไม่ระบุพาหนะ
3261,2026,15.0,ชาย,ไม่ระบุ,พิมาย,นครราชสีมา,7/2/2026,ไม่ระบุ,พิมาย,นครราชสีมา,,,V892,ไม่ระบุพาหนะ
3262,2026,50.0,ชาย,ไม่ระบุ,โพนพิสัย,หนองคาย,5/2/2026,ไม่ระบุ,โพนพิสัย,หนองคาย,,,V892,ไม่ระบุพาหนะ
3263,2026,48.0,ชาย,ไม่ระบุ,เมืองกำแพงเพชร,กำแพงเพชร,3/2/2026,ไม่ระบุ,เมืองกำแพงเพชร,กำแพงเพชร,,,V892,ไม่ระบุพาหนะ
3264,2026,32.0,ชาย,ไม่ระบุ,เกาะสมุย,สุราษฎร์ธานี,22/2/2026,ไม่ระบุ,เกาะสมุย,สุราษฎร์ธานี,,,V099,คนเดินเท้า
3265,2026,33.0,ชาย,ไม่ระบุ,บางพลี,สมุทรปราการ,3/3/2026,ไม่ระบุ,บางพลี,สมุทรปราการ,,,V892,ไม่ระบุพาหนะ
3266,2026,19.0,ชาย,ไม่ระบุ,เมืองฉะเชิงเทรา,ฉะเชิงเทรา,21/3/2026,ไม่ระบุ,เมืองฉะเชิงเทรา,ฉะเชิงเทรา,,,V892,ไม่ระบุพาหนะ
3267,2026,72.0,ชาย,ไม่ระบุ,เมืองแพร่,แพร่,2/3/2026,ไม่ระบุ,เมืองแพร่,แพร่,,,V892,ไม่ระบุพาหนะ
3268,2026,20.0,ชาย,ไม่ระบุ,พิมาย,นครราชสีมา,21/2/2026,ไม่ระบุ,พิมาย,นครราชสีมา,,,V892,ไม่ระบุพาหนะ
3269,2026,59.0,หญิง,ไม่ระบุ,เมืองกำแพงเพชร,กำแพงเพชร,2/2/2026,ไม่ระบุ,เมืองกำแพงเพชร,กำแพงเพชร,,,V892,ไม่ระบุพาหนะ
3270,2026,29.0,ชาย,ไม่ระบุ,พุนพิน,สุราษฎร์ธานี,14/2/2026,ไม่ระบุ,พุนพิน,สุราษฎร์ธานี,,,V892,ไม่ระบุพาหนะ
3271,2026,55.0,ชาย,ไม่ระบุ,เมืองฉะเชิงเทรา,ฉะเชิงเทรา,14/3/2026,ไม่ระบุ,เมืองฉะเชิงเทรา,ฉะเชิงเทรา,,,V892,ไม่ระบุพาหนะ
3272,2026,30.0,ชาย,ไม่ระบุ,ห้วยเม็ก,กาฬสินธุ์,11/3/2026,ไม่ระบุ,ห้วยเม็ก,กาฬสินธุ์,,,V039,คนเดินเท้า
3273,2026,66.0,หญิง,ไม่ระบุ,เมืองแพร่,แพร่,1/3/2026,ไม่ระบุ,เมืองแพร่,แพร่,,,V892,ไม่ระบุพาหนะ
3274,2026,16.0,หญิง,ไม่ระบุ,สัตหีบ,ชลบุรี,8/1/2026,ไม่ระบุ,สัตหีบ,ชลบุรี,,,V892,ไม่ระบุพาหนะ
3275,2026,27.0,หญิง,ไม่ระบุ,หาดใหญ่,สงขลา,3/1/2026,ไม่ระบุ,หาดใหญ่,สงขลา,,,V892,ไม่ระบุพาหนะ
3276,2026,63.0,หญิง,ไม่ระบุ,ชุมพวง,นครราชสีมา,16/2/2026,ไม่ระบุ,ชุมพวง,นครราชสีมา,,,V049,คนเดินเท้า
3277,2026,74.0,ชาย,ไม่ระบุ,เมืองหนองคาย,หนองคาย,25/2/2026,ไม่ระบุ,เมืองหนองคาย,หนองคาย,,,V289,รถจักรยานยนต์
3278,2026,28.0,ชาย,ไม่ระบุ,เมืองสมุทรปราการ,สมุทรปราการ,21/3/2026,ไม่ระบุ,เมืองสมุทรปราการ,สมุทรปราการ,,,V892,ไม่ระบุพาหนะ
3279,2026,34.0,ชาย,ไม่ระบุ,เมืองฉะเชิงเทรา,ฉะเชิงเทรา,8/3/2026,ไม่ระบุ,เมืองฉะเชิงเทรา,ฉะเชิงเทรา,,,V892,ไม่ระบุพาหนะ
3280,2026,37.0,ชาย,ไม่ระบุ,พล,ขอนแก่น,22/3/2026,ไม่ระบุ,พล,ขอนแก่น,,,V299,รถจักรยานยนต์
3281,2026,66.0,หญิง,ไม่ระบุ,บ้านแพ้ว,สมุทรสาคร,24/3/2026,ไม่ระบุ,บ้านแพ้ว,สมุทรสาคร,,,V021,คนเดินเท้า
3282,2026,52.0,ชาย,ไม่ระบุ,สัตหีบ,ชลบุรี,14/1/2026,ไม่ระบุ,สัตหีบ,ชลบุรี,,,V892,ไม่ระบุพาหนะ
3283,2026,44.0,หญิง,ไม่ระบุ,ธัญบุรี,ปทุมธานี,18/2/2026,ไม่ระบุ,ธัญบุรี,ปทุมธานี,,,V892,ไม่ระบุพาหนะ
3284,2026,23.0,ชาย,ไม่ระบุ,แม่สอด,ตาก,11/2/2026,ไม่ระบุ,แม่สอด,ตาก,,,V892,ไม่ระบุพาหนะ
3285,2026,21.0,ชาย,ไม่ระบุ,เมืองสุราษฎร์ธานี,สุราษฎร์ธานี,6/2/2026,ไม่ระบุ,เมืองสุราษฎร์ธานี,สุราษฎร์ธานี,,,V892,ไม่ระบุพาหนะ
3286,2026,17.0,ชาย,ไม่ระบุ,เมืองปราจีนบุรี,ปราจีนบุรี,19/3/2026,ไม่ระบุ,เมืองปราจีนบุรี,ปราจีนบุรี,,,V892,ไม่ระบุพาหนะ
3287,2026,45.0,หญิง,ไม่ระบุ,เวียงสา,น่าน,26/3/2026,ไม่ระบุ,เวียงสา,น่าน,,,V892,ไม่ระบุพาหนะ
3288,2026,47.0,หญิง,ไม่ระบุ,บ้านแพ้ว,สมุทรสาคร,23/3/2026,ไม่ระบุ,บ้านแพ้ว,สมุทรสาคร,,,V892,ไม่ระบุพาหนะ
3289,2026,68.0,หญิง,ไม่ระบุ,หาดใหญ่,สงขลา,6/1/2026,ไม่ระบุ,หาดใหญ่,สงขลา,,,V892,ไม่ระบุพาหนะ
3290,2026,16.0,ชาย,ไม่ระบุ,เมืองปทุมธานี,ปทุมธานี,19/2/2026,ไม่ระบุ,เมืองปทุมธานี,ปทุมธานี,,,V892,ไม่ระบุพาหนะ
3291,2026,19.0,ชาย,ไม่ระบุ,เมืองสุราษฎร์ธานี,สุราษฎร์ธานี,10/2/2026,ไม่ระบุ,เมืองสุราษฎร์ธานี,สุราษฎร์ธานี,,,V892,ไม่ระบุพาหนะ
3292,2026,62.0,ชาย,ไม่ระบุ,พระยืน,ขอนแก่น,14/3/2026,ไม่ระบุ,พระยืน,ขอนแก่น,,,V892,ไม่ระบุพาหนะ
3293,2026,54.0,ชาย,ไม่ระบุ,เวียงสา,น่าน,2/3/2026,ไม่ระบุ,เวียงสา,น่าน,,,V892,ไม่ระบุพาหนะ
3294,2026,44.0,ชาย,ไม่ระบุ,ปรางค์กู่,ศรีสะเกษ,12/1/2026,ไม่ระบุ,ปรางค์กู่,ศรีสะเกษ,,,V892,ไม่ระบุพาหนะ
3295,2026,45.0,ชาย,ไม่ระบุ,โพนสวรรค์,นครพนม,5/1/2026,ไม่ระบุ,โพนสวรรค์,นครพนม,,,V847,ไม่ระบุพาหนะ
3296,2026,44.0,ชาย,ไม่ระบุ,บึงสามพัน,เพชรบูรณ์,11/1/2026,ไม่ระบุ,บึงสามพัน,เพชรบูรณ์,,,V892,ไม่ระบุพาหนะ
3297,2026,57.0,หญิง,ไม่ระบุ,หาดใหญ่,สงขลา,14/1/2026,ไม่ระบุ,หาดใหญ่,สงขลา,,,V892,ไม่ระบุพาหนะ
3298,2026,38.0,ชาย,ไม่ระบุ,หนองบุนนาก,นครราชสีมา,19/2/2026,ไม่ระบุ,หนองบุนนาก,นครราชสีมา,,,V892,ไม่ระบุพาหนะ
3299,2026,63.0,ชาย,ไม่ระบุ,ศรีราชา,ชลบุรี,28/2/2026,ไม่ระบุ,ศรีราชา,ชลบุรี,,,V892,ไม่ระบุพาหนะ
3300,2026,42.0,ชาย,ไม่ระบุ,ท่าสองยาง,ตาก,12/2/2026,ไม่ระบุ,ท่าสองยาง,ตาก,,,V892,ไม่ระบุพาหนะ
3301,2026,67.0,ชาย,ไม่ระบุ,เมืองปราจีนบุรี,ปราจีนบุรี,11/3/2026,ไม่ระบุ,เมืองปราจีนบุรี,ปราจีนบุรี,,,V892,ไม่ระบุพาหนะ
3302,2026,49.0,ชาย,ไม่ระบุ,พระยืน,ขอนแก่น,14/3/2026,ไม่ระบุ,พระยืน,ขอนแก่น,,,V892,ไม่ระบุพาหนะ
3303,2026,60.0,หญิง,ไม่ระบุ,เมืองสมุทรสาคร,สมุทรสาคร,22/3/2026,ไม่ระบุ,เมืองสมุทรสาคร,สมุทรสาคร,,,V892,ไม่ระบุพาหนะ
3304,2026,59.0,ชาย,ไม่ระบุ,ธาตุพนม,นครพนม,22/1/2026,ไม่ระบุ,ธาตุพนม,นครพนม,,,V892,ไม่ระบุพาหนะ
3305,2026,35.0,ชาย,ไม่ระบุ,น้ำหนาว,เพชรบูรณ์,23/1/2026,ไม่ระบุ,น้ำหนาว,เพชรบูรณ์,,,V892,ไม่ระบุพาหนะ
3306,2026,33.0,ชาย,ไม่ระบุ,หาดใหญ่,สงขลา,6/1/2026,ไม่ระบุ,หาดใหญ่,สงขลา,,,V892,ไม่ระบุพาหนะ
3307,2026,13.0,ชาย,ไม่ระบุ,เมืองปทุมธานี,ปทุมธานี,22/2/2026,ไม่ระบุ,เมืองปทุมธานี,ปทุมธานี,,,V892,ไม่ระบุพาหนะ
3308,2026,71.0,ชาย,ไม่ระบุ,แกดำ,มหาสารคาม,17/2/2026,ไม่ระบุ,แกดำ,มหาสารคาม,,,V892,ไม่ระบุพาหนะ
3309,2026,17.0,ชาย,ไม่ระบุ,เมืองสุราษฎร์ธานี,สุราษฎร์ธานี,23/2/2026,ไม่ระบุ,เมืองสุราษฎร์ธานี,สุราษฎร์ธานี,,,V892,ไม่ระบุพาหนะ
3310,2026,47.0,ชาย,ไม่ระบุ,กบินทร์บุรี,ปราจีนบุรี,18/3/2026,ไม่ระบุ,กบินทร์บุรี,ปราจีนบุรี,,,V892,ไม่ระบุพาหนะ
3311,2026,68.0,ชาย,ไม่ระบุ,ปง,พะเยา,5/3/2026,ไม่ระบุ,ปง,พะเยา,,,V892,ไม่ระบุพาหนะ
3312,2026,44.0,หญิง,ไม่ระบุ,หาดใหญ่,สงขลา,2/1/2026,ไม่ระบุ,หาดใหญ่,สงขลา,,,V892,ไม่ระบุพาหนะ
3313,2026,14.0,ชาย,ไม่ระบุ,เมืองปทุมธานี,ปทุมธานี,7/2/2026,ไม่ระบุ,เมืองปทุมธานี,ปทุมธานี,,,V892,ไม่ระบุพาหนะ
3314,2026,49.0,หญิง,ไม่ระบุ,เมืองสุราษฎร์ธานี,สุราษฎร์ธานี,27/2/2026,ไม่ระบุ,เมืองสุราษฎร์ธานี,สุราษฎร์ธานี,,,V892,ไม่ระบุพาหนะ
3315,2026,59.0,ชาย,ไม่ระบุ,ประจันตคาม,ปราจีนบุรี,5/3/2026,ไม่ระบุ,ประจันตคาม,ปราจีนบุรี,,,V892,ไม่ระบุพาหนะ
3316,2026,18.0,หญิง,ไม่ระบุ,เมืองพะเยา,พะเยา,3/3/2026,ไม่ระบุ,เมืองพะเยา,พะเยา,,,V892,ไม่ระบุพาหนะ
3317,2026,41.0,ชาย,ไม่ระบุ,เมืองสมุทรสาคร,สมุทรสาคร,10/3/2026,ไม่ระบุ,เมืองสมุทรสาคร,สมุทรสาคร,,,V892,ไม่ระบุพาหนะ
3318,2026,56.0,ชาย,ไม่ระบุ,กิ่งอำเภอเกาะจันทร์,ชลบุรี,17/1/2026,ไม่ระบุ,กิ่งอำเภอเกาะจันทร์,ชลบุรี,,,V892,ไม่ระบุพาหนะ
3319,2026,44.0,ชาย,ไม่ระบุ,กันทรลักษ์,ศรีสะเกษ,6/1/2026,ไม่ระบุ,กันทรลักษ์,ศรีสะเกษ,,,V892,ไม่ระบุพาหนะ
3320,2026,24.0,ชาย,ไม่ระบุ,เมืองนนทบุรี,นนทบุรี,23/1/2026,ไม่ระบุ,เมืองนนทบุรี,นนทบุรี,,,V892,ไม่ระบุพาหนะ
3321,2026,27.0,ชาย,ไม่ระบุ,นครหลวง,พระนครศรีอยุธยา,9/2/2026,ไม่ระบุ,นครหลวง,พระนครศรีอยุธยา,,,V892,ไม่ระบุพาหนะ
3322,2026,32.0,ชาย,ไม่ระบุ,ท่าลี่,เลย,25/2/2026,ไม่ระบุ,ท่าลี่,เลย,,,V499,รถยนต์
3323,2026,28.0,ชาย,ไม่ระบุ,เมืองสุราษฎร์ธานี,สุราษฎร์ธานี,7/2/2026,ไม่ระบุ,เมืองสุราษฎร์ธานี,สุราษฎร์ธานี,,,V892,ไม่ระบุพาหนะ
3324,2026,55.0,ชาย,ไม่ระบุ,กบินทร์บุรี,ปราจีนบุรี,13/3/2026,ไม่ระบุ,กบินทร์บุรี,ปราจีนบุรี,,,V892,ไม่ระบุพาหนะ
3325,2026,39.0,ชาย,ไม่ระบุ,กิ่งอำเภอบ้านแฮด,ขอนแก่น,5/3/2026,ไม่ระบุ,กิ่งอำเภอบ้านแฮด,ขอนแก่น,,,V892,ไม่ระบุพาหนะ
3326,2026,45.0,ชาย,ไม่ระบุ,เมืองสมุทรสงคราม,สมุทรสงคราม,2/3/2026,ไม่ระบุ,เมืองสมุทรสงคราม,สมุทรสงคราม,,,V892,ไม่ระบุพาหนะ
3327,2026,25.0,ชาย,ไม่ระบุ,ศรีราชา,ชลบุรี,27/1/2026,ไม่ระบุ,ศรีราชา,ชลบุรี,,,V892,ไม่ระบุพาหนะ
3328,2026,16.0,ชาย,ไม่ระบุ,บึงสามพัน,เพชรบูรณ์,3/1/2026,ไม่ระบุ,บึงสามพัน,เพชรบูรณ์,,,V892,ไม่ระบุพาหนะ
3329,2026,16.0,ชาย,ไม่ระบุ,รัตภูมิ,สงขลา,12/1/2026,ไม่ระบุ,รัตภูมิ,สงขลา,,,V892,ไม่ระบุพาหนะ
3330,2026,18.0,ชาย,ไม่ระบุ,โชคชัย,นครราชสีมา,11/2/2026,ไม่ระบุ,โชคชัย,นครราชสีมา,,,V892,ไม่ระบุพาหนะ
3331,2026,61.0,หญิง,ไม่ระบุ,เวียงเก่า,ขอนแก่น,27/3/2026,ไม่ระบุ,เวียงเก่า,ขอนแก่น,,,V892,ไม่ระบุพาหนะ
3332,2026,72.0,ชาย,ไม่ระบุ,เมืองพะเยา,พะเยา,12/3/2026,ไม่ระบุ,เมืองพะเยา,พะเยา,,,V892,ไม่ระบุพาหนะ
3333,2026,58.0,ชาย,ไม่ระบุ,เมืองชัยภูมิ,ชัยภูมิ,21/3/2026,ไม่ระบุ,เมืองชัยภูมิ,ชัยภูมิ,,,V892,ไม่ระบุพาหนะ
3334,2026,31.0,ชาย,ไม่ระบุ,เมืองศรีสะเกษ,ศรีสะเกษ,21/1/2026,ไม่ระบุ,เมืองศรีสะเกษ,ศรีสะเกษ,,,V289,รถจักรยานยนต์
3335,2026,59.0,ชาย,ไม่ระบุ,หนองไผ่,เพชรบูรณ์,26/1/2026,ไม่ระบุ,หนองไผ่,เพชรบูรณ์,,,V892,ไม่ระบุพาหนะ
3336,2026,14.0,ชาย,ไม่ระบุ,รัตภูมิ,สงขลา,12/1/2026,ไม่ระบุ,รัตภูมิ,สงขลา,,,V892,ไม่ระบุพาหนะ
3337,2026,15.0,หญิง,ไม่ระบุ,เมืองตาก,ตาก,6/2/2026,ไม่ระบุ,เมืองตาก,ตาก,,,V892,ไม่ระบุพาหนะ
3338,2026,45.0,หญิง,ไม่ระบุ,เมืองสุราษฎร์ธานี,สุราษฎร์ธานี,20/2/2026,ไม่ระบุ,เมืองสุราษฎร์ธานี,สุราษฎร์ธานี,,,V892,ไม่ระบุพาหนะ
3339,2026,52.0,หญิง,ไม่ระบุ,นาดี,ปราจีนบุรี,22/3/2026,ไม่ระบุ,นาดี,ปราจีนบุรี,,,V892,ไม่ระบุพาหนะ
3340,2026,54.0,ชาย,ไม่ระบุ,เมืองขอนแก่น,ขอนแก่น,21/3/2026,ไม่ระบุ,เมืองขอนแก่น,ขอนแก่น,,,V284,รถจักรยานยนต์
3341,2026,38.0,ชาย,ไม่ระบุ,เมืองสมุทรสงคราม,สมุทรสงคราม,18/3/2026,ไม่ระบุ,เมืองสมุทรสงคราม,สมุทรสงคราม,,,V892,ไม่ระบุพาหนะ
3342,2026,72.0,หญิง,ไม่ระบุ,เมืองศรีสะเกษ,ศรีสะเกษ,20/1/2026,ไม่ระบุ,เมืองศรีสะเกษ,ศรีสะเกษ,,,V299,รถจักรยานยนต์
3343,2026,24.0,ชาย,ไม่ระบุ,กิ่งอำเภอชื่นชม,มหาสารคาม,20/2/2026,ไม่ระบุ,กิ่งอำเภอชื่นชม,มหาสารคาม,,,V892,ไม่ระบุพาหนะ
3344,2026,0.0,หญิง,ไม่ระบุ,เมืองสุราษฎร์ธานี,สุราษฎร์ธานี,17/2/2026,ไม่ระบุ,เมืองสุราษฎร์ธานี,สุราษฎร์ธานี,,,V892,ไม่ระบุพาหนะ
3345,2026,30.0,ชาย,ไม่ระบุ,นาดี,ปราจีนบุรี,13/3/2026,ไม่ระบุ,นาดี,ปราจีนบุรี,,,V892,ไม่ระบุพาหนะ
3346,2026,50.0,ชาย,ไม่ระบุ,เมืองขอนแก่น,ขอนแก่น,11/3/2026,ไม่ระบุ,เมืองขอนแก่น,ขอนแก่น,,,V299,รถจักรยานยนต์
3347,2026,80.0,ชาย,ไม่ระบุ,เมืองพะเยา,พะเยา,12/3/2026,ไม่ระบุ,เมืองพะเยา,พะเยา,,,V892,ไม่ระบุพาหนะ
3348,2026,59.0,หญิง,ไม่ระบุ,เมืองชลบุรี,ชลบุรี,2/1/2026,ไม่ระบุ,เมืองชลบุรี,ชลบุรี,,,V892,ไม่ระบุพาหนะ
3349,2026,25.0,ชาย,ไม่ระบุ,เมืองศรีสะเกษ,ศรีสะเกษ,18/1/2026,ไม่ระบุ,เมืองศรีสะเกษ,ศรีสะเกษ,,,V229,รถจักรยานยนต์
3350,2026,82.0,ชาย,ไม่ระบุ,เมืองสตูล,สตูล,7/1/2026,ไม่ระบุ,เมืองสตูล,สตูล,,,V892,ไม่ระบุพาหนะ
3351,2026,34.0,ชาย,ไม่ระบุ,กบินทร์บุรี,ปราจีนบุรี,26/3/2026,ไม่ระบุ,กบินทร์บุรี,ปราจีนบุรี,,,V892,ไม่ระบุพาหนะ
3352,2026,27.0,ชาย,ไม่ระบุ,เมืองพะเยา,พะเยา,28/3/2026,ไม่ระบุ,เมืองพะเยา,พะเยา,,,V892,ไม่ระบุพาหนะ
3353,2026,48.0,ชาย,ไม่ระบุ,เมืองศรีสะเกษ,ศรีสะเกษ,17/1/2026,ไม่ระบุ,เมืองศรีสะเกษ,ศรีสะเกษ,,,V299,รถจักรยานยนต์
3354,2026,29.0,ชาย,ไม่ระบุ,เมืองมุกดาหาร,มุกดาหาร,21/1/2026,ไม่ระบุ,เมืองมุกดาหาร,มุกดาหาร,,,V289,รถจักรยานยนต์
3355,2026,15.0,ชาย,ไม่ระบุ,เมืองสมุทรปราการ,สมุทรปราการ,28/2/2026,ไม่ระบุ,เมืองสมุทรปราการ,สมุทรปราการ,,,V892,ไม่ระบุพาหนะ
3356,2026,35.0,ชาย,ไม่ระบุ,เมืองมหาสารคาม,มหาสารคาม,23/2/2026,ไม่ระบุ,เมืองมหาสารคาม,มหาสารคาม,,,V892,ไม่ระบุพาหนะ
3357,2026,80.0,ชาย,ไม่ระบุ,บ้านด่านลานหอย,สุโขทัย,16/2/2026,ไม่ระบุ,บ้านด่านลานหอย,สุโขทัย,,,V892,ไม่ระบุพาหนะ
3358,2026,19.0,ชาย,ไม่ระบุ,ปักธงชัย,นครราชสีมา,27/2/2026,ไม่ระบุ,ปักธงชัย,นครราชสีมา,,,V244,รถจักรยานยนต์
3359,2026,64.0,ชาย,ไม่ระบุ,เมืองชัยภูมิ,ชัยภูมิ,11/3/2026,ไม่ระบุ,เมืองชัยภูมิ,ชัยภูมิ,,,V892,ไม่ระบุพาหนะ
3360,2026,73.0,หญิง,ไม่ระบุ,เมืองนครนายก,นครนายก,25/3/2026,ไม่ระบุ,เมืองนครนายก,นครนายก,,,V892,ไม่ระบุพาหนะ
3361,2026,43.0,ชาย,ไม่ระบุ,เมืองชลบุรี,ชลบุรี,16/1/2026,ไม่ระบุ,เมืองชลบุรี,ชลบุรี,,,V892,ไม่ระบุพาหนะ
3362,2026,62.0,ชาย,ไม่ระบุ,เมืองศรีสะเกษ,ศรีสะเกษ,9/1/2026,ไม่ระบุ,เมืองศรีสะเกษ,ศรีสะเกษ,,,V892,ไม่ระบุพาหนะ
3363,2026,41.0,หญิง,ไม่ระบุ,จอมทอง,เชียงใหม่,11/1/2026,ไม่ระบุ,จอมทอง,เชียงใหม่,,,V274,รถจักรยานยนต์
3364,2026,41.0,ชาย,ไม่ระบุ,หล่มสัก,เพชรบูรณ์,11/1/2026,ไม่ระบุ,หล่มสัก,เพชรบูรณ์,,,V892,ไม่ระบุพาหนะ
3365,2026,64.0,หญิง,ไม่ระบุ,เสนา,พระนครศรีอยุธยา,7/2/2026,ไม่ระบุ,เสนา,พระนครศรีอยุธยา,,,V299,รถจักรยานยนต์
3366,2026,33.0,ชาย,ไม่ระบุ,ปากช่อง,นครราชสีมา,13/2/2026,ไม่ระบุ,ปากช่อง,นครราชสีมา,,,V284,รถจักรยานยนต์
3367,2026,23.0,ชาย,ไม่ระบุ,เขตพระนคร,กรุงเทพมหานคร,16/3/2026,ไม่ระบุ,เขตพระนคร,กรุงเทพมหานคร,,,V099,คนเดินเท้า
3368,2026,52.0,ชาย,ไม่ระบุ,สีชมพู,ขอนแก่น,3/3/2026,ไม่ระบุ,สีชมพู,ขอนแก่น,,,V892,ไม่ระบุพาหนะ
3369,2026,48.0,ชาย,ไม่ระบุ,ชะอำ,เพชรบุรี,12/3/2026,ไม่ระบุ,ชะอำ,เพชรบุรี,,,V892,ไม่ระบุพาหนะ
3370,2026,17.0,ชาย,ไม่ระบุ,เมืองชลบุรี,ชลบุรี,16/1/2026,ไม่ระบุ,เมืองชลบุรี,ชลบุรี,,,V892,ไม่ระบุพาหนะ
3371,2026,42.0,ชาย,ไม่ระบุ,เมืองศรีสะเกษ,ศรีสะเกษ,13/1/2026,ไม่ระบุ,เมืองศรีสะเกษ,ศรีสะเกษ,,,V892,ไม่ระบุพาหนะ
3372,2026,23.0,ชาย,ไม่ระบุ,แม่ริม,เชียงใหม่,5/1/2026,ไม่ระบุ,แม่ริม,เชียงใหม่,,,V892,ไม่ระบุพาหนะ
3373,2026,76.0,ชาย,ไม่ระบุ,เมืองมหาสารคาม,มหาสารคาม,14/2/2026,ไม่ระบุ,เมืองมหาสารคาม,มหาสารคาม,,,V499,รถยนต์
3374,2026,53.0,หญิง,ไม่ระบุ,คีรีมาศ,สุโขทัย,18/2/2026,ไม่ระบุ,คีรีมาศ,สุโขทัย,,,V489,รถยนต์
3375,2026,64.0,ชาย,ไม่ระบุ,กระบุรี,ระนอง,17/2/2026,ไม่ระบุ,กระบุรี,ระนอง,,,V029,คนเดินเท้า
3376,2026,22.0,ชาย,ไม่ระบุ,เมืองชลบุรี,ชลบุรี,31/1/2026,ไม่ระบุ,เมืองชลบุรี,ชลบุรี,,,V892,ไม่ระบุพาหนะ
3377,2026,63.0,ชาย,ไม่ระบุ,แม่ริม,เชียงใหม่,9/1/2026,ไม่ระบุ,แม่ริม,เชียงใหม่,,,V892,ไม่ระบุพาหนะ
3378,2026,62.0,ชาย,ไม่ระบุ,เมืองเพชรบูรณ์,เพชรบูรณ์,24/1/2026,ไม่ระบุ,เมืองเพชรบูรณ์,เพชรบูรณ์,,,V892,ไม่ระบุพาหนะ
3379,2026,51.0,หญิง,ไม่ระบุ,อุทัย,พระนครศรีอยุธยา,20/2/2026,ไม่ระบุ,อุทัย,พระนครศรีอยุธยา,,,V892,ไม่ระบุพาหนะ
3380,2026,37.0,ชาย,ไม่ระบุ,เมืองมหาสารคาม,มหาสารคาม,2/2/2026,ไม่ระบุ,เมืองมหาสารคาม,มหาสารคาม,,,V892,ไม่ระบุพาหนะ
3381,2026,69.0,ชาย,ไม่ระบุ,กระบุรี,ระนอง,16/2/2026,ไม่ระบุ,กระบุรี,ระนอง,,,V892,ไม่ระบุพาหนะ
3382,2026,56.0,ชาย,ไม่ระบุ,เมืองบุรีรัมย์,บุรีรัมย์,28/3/2026,ไม่ระบุ,เมืองบุรีรัมย์,บุรีรัมย์,,,V892,ไม่ระบุพาหนะ
3383,2026,88.0,ชาย,ไม่ระบุ,แม่ริม,เชียงใหม่,1/1/2026,ไม่ระบุ,แม่ริม,เชียงใหม่,,,V892,ไม่ระบุพาหนะ
3384,2026,45.0,หญิง,ไม่ระบุ,เมืองเพชรบูรณ์,เพชรบูรณ์,27/1/2026,ไม่ระบุ,เมืองเพชรบูรณ์,เพชรบูรณ์,,,V892,ไม่ระบุพาหนะ
3385,2026,86.0,ชาย,ไม่ระบุ,เมืองนครราชสีมา,นครราชสีมา,5/2/2026,ไม่ระบุ,เมืองนครราชสีมา,นครราชสีมา,,,V892,ไม่ระบุพาหนะ
3386,2026,30.0,ชาย,ไม่ระบุ,เมืองแพร่,แพร่,14/3/2026,ไม่ระบุ,เมืองแพร่,แพร่,,,V892,ไม่ระบุพาหนะ
3387,2026,29.0,ชาย,ไม่ระบุ,บางละมุง,ชลบุรี,1/1/2026,ไม่ระบุ,บางละมุง,ชลบุรี,,,V892,ไม่ระบุพาหนะ
3388,2026,52.0,หญิง,ไม่ระบุ,เมืองศรีสะเกษ,ศรีสะเกษ,6/1/2026,ไม่ระบุ,เมืองศรีสะเกษ,ศรีสะเกษ,,,V892,ไม่ระบุพาหนะ
3389,2026,70.0,หญิง,ไม่ระบุ,เมืองเพชรบูรณ์,เพชรบูรณ์,17/1/2026,ไม่ระบุ,เมืองเพชรบูรณ์,เพชรบูรณ์,,,V892,ไม่ระบุพาหนะ
3390,2026,50.0,หญิง,ไม่ระบุ,เมืองนครราชสีมา,นครราชสีมา,9/2/2026,ไม่ระบุ,เมืองนครราชสีมา,นครราชสีมา,,,V892,ไม่ระบุพาหนะ
3391,2026,60.0,ชาย,ไม่ระบุ,ธัญบุรี,ปทุมธานี,31/3/2026,ไม่ระบุ,ธัญบุรี,ปทุมธานี,,,V892,ไม่ระบุพาหนะ
3392,2026,66.0,หญิง,ไม่ระบุ,เมืองขอนแก่น,ขอนแก่น,2/3/2026,ไม่ระบุ,เมืองขอนแก่น,ขอนแก่น,,,V892,ไม่ระบุพาหนะ
3393,2026,56.0,ชาย,ไม่ระบุ,เชียงของ,เชียงราย,1/3/2026,ไม่ระบุ,เชียงของ,เชียงราย,,,V892,ไม่ระบุพาหนะ
3394,2026,35.0,ชาย,ไม่ระบุ,บ้านบึง,ชลบุรี,11/1/2026,ไม่ระบุ,บ้านบึง,ชลบุรี,,,V892,ไม่ระบุพาหนะ
3395,2026,59.0,ชาย,ไม่ระบุ,เมืองศรีสะเกษ,ศรีสะเกษ,9/1/2026,ไม่ระบุ,เมืองศรีสะเกษ,ศรีสะเกษ,,,V892,ไม่ระบุพาหนะ
3396,2026,45.0,หญิง,ไม่ระบุ,แม่ริม,เชียงใหม่,11/1/2026,ไม่ระบุ,แม่ริม,เชียงใหม่,,,V892,ไม่ระบุพาหนะ
3397,2026,18.0,ชาย,ไม่ระบุ,เมืองเพชรบูรณ์,เพชรบูรณ์,20/1/2026,ไม่ระบุ,เมืองเพชรบูรณ์,เพชรบูรณ์,,,V892,ไม่ระบุพาหนะ
3398,2026,61.0,หญิง,ไม่ระบุ,บางปะอิน,พระนครศรีอยุธยา,10/2/2026,ไม่ระบุ,บางปะอิน,พระนครศรีอยุธยา,,,V892,ไม่ระบุพาหนะ
3399,2026,52.0,ชาย,ไม่ระบุ,เมืองนครราชสีมา,นครราชสีมา,10/2/2026,ไม่ระบุ,เมืองนครราชสีมา,นครราชสีมา,,,V892,ไม่ระบุพาหนะ
3400,2026,33.0,หญิง,ไม่ระบุ,เมืองมหาสารคาม,มหาสารคาม,3/2/2026,ไม่ระบุ,เมืองมหาสารคาม,มหาสารคาม,,,V892,ไม่ระบุพาหนะ
3401,2026,68.0,ชาย,ไม่ระบุ,พะโต๊ะ,ชุมพร,6/2/2026,ไม่ระบุ,พะโต๊ะ,ชุมพร,,,V892,ไม่ระบุพาหนะ
3402,2026,75.0,ชาย,ไม่ระบุ,เมืองกระบี่,กระบี่,6/3/2026,ไม่ระบุ,เมืองกระบี่,กระบี่,,,V892,ไม่ระบุพาหนะ
3403,2026,28.0,ชาย,ไม่ระบุ,บางละมุง,ชลบุรี,14/1/2026,ไม่ระบุ,บางละมุง,ชลบุรี,,,V299,รถจักรยานยนต์
3404,2026,74.0,ชาย,ไม่ระบุ,เมืองศรีสะเกษ,ศรีสะเกษ,5/1/2026,ไม่ระบุ,เมืองศรีสะเกษ,ศรีสะเกษ,,,V892,ไม่ระบุพาหนะ
3405,2026,22.0,ชาย,ไม่ระบุ,เมืองเพชรบูรณ์,เพชรบูรณ์,6/1/2026,ไม่ระบุ,เมืองเพชรบูรณ์,เพชรบูรณ์,,,V892,ไม่ระบุพาหนะ
3406,2026,15.0,ชาย,ไม่ระบุ,เมืองตรัง,ตรัง,26/1/2026,ไม่ระบุ,เมืองตรัง,ตรัง,,,V294,รถจักรยานยนต์
3407,2026,82.0,หญิง,ไม่ระบุ,ภาชี,พระนครศรีอยุธยา,13/2/2026,ไม่ระบุ,ภาชี,พระนครศรีอยุธยา,,,V892,ไม่ระบุพาหนะ
3408,2026,77.0,ชาย,ไม่ระบุ,เมืองนครราชสีมา,นครราชสีมา,9/2/2026,ไม่ระบุ,เมืองนครราชสีมา,นครราชสีมา,,,V892,ไม่ระบุพาหนะ
3409,2026,35.0,ชาย,ไม่ระบุ,เมืองระยอง,ระยอง,24/2/2026,ไม่ระบุ,เมืองระยอง,ระยอง,,,V892,ไม่ระบุพาหนะ
3410,2026,16.0,ชาย,ไม่ระบุ,เมืองประจวบคีรีขันธ์,ประจวบคีรีขันธ์,4/3/2026,ไม่ระบุ,เมืองประจวบคีรีขันธ์,ประจวบคีรีขันธ์,,,V892,ไม่ระบุพาหนะ
3411,2026,57.0,หญิง,ไม่ระบุ,บางละมุง,ชลบุรี,13/1/2026,ไม่ระบุ,บางละมุง,ชลบุรี,,,V892,ไม่ระบุพาหนะ
3412,2026,50.0,ชาย,ไม่ระบุ,เมืองศรีสะเกษ,ศรีสะเกษ,6/1/2026,ไม่ระบุ,เมืองศรีสะเกษ,ศรีสะเกษ,,,V892,ไม่ระบุพาหนะ
3413,2026,70.0,ชาย,ไม่ระบุ,เมืองระยอง,ระยอง,26/2/2026,ไม่ระบุ,เมืองระยอง,ระยอง,,,V892,ไม่ระบุพาหนะ
3414,2026,45.0,หญิง,ไม่ระบุ,บางปะอิน,พระนครศรีอยุธยา,31/3/2026,ไม่ระบุ,บางปะอิน,พระนครศรีอยุธยา,,,V892,ไม่ระบุพาหนะ
3415,2026,36.0,ชาย,ไม่ระบุ,โนนสะอาด,อุดรธานี,19/3/2026,ไม่ระบุ,โนนสะอาด,อุดรธานี,,,V499,รถยนต์
3416,2026,16.0,ชาย,ไม่ระบุ,บางละมุง,ชลบุรี,1/1/2026,ไม่ระบุ,บางละมุง,ชลบุรี,,,V892,ไม่ระบุพาหนะ
3417,2026,45.0,หญิง,ไม่ระบุ,เมือง,ราชบุรี,14/1/2026,ไม่ระบุ,เมือง,ราชบุรี,,,V059,คนเดินเท้า
3418,2026,37.0,ชาย,ไม่ระบุ,บางแก้ว,พัทลุง,23/1/2026,ไม่ระบุ,บางแก้ว,พัทลุง,,,V819,ไม่ระบุพาหนะ
3419,2026,46.0,หญิง,ไม่ระบุ,พระนครศรีอยุธยา,พระนครศรีอยุธยา,8/2/2026,ไม่ระบุ,พระนครศรีอยุธยา,พระนครศรีอยุธยา,,,V892,ไม่ระบุพาหนะ
3420,2026,16.0,ชาย,ไม่ระบุ,ปะทิว,ชุมพร,14/2/2026,ไม่ระบุ,ปะทิว,ชุมพร,,,V234,รถจักรยานยนต์
3421,2026,37.0,ชาย,ไม่ระบุ,ศรีมหาโพธิ,ปราจีนบุรี,11/3/2026,ไม่ระบุ,ศรีมหาโพธิ,ปราจีนบุรี,,,V892,ไม่ระบุพาหนะ
3422,2026,53.0,ชาย,ไม่ระบุ,เมืองเพชรบุรี,เพชรบุรี,16/3/2026,ไม่ระบุ,เมืองเพชรบุรี,เพชรบุรี,,,V892,ไม่ระบุพาหนะ
3423,2026,81.0,ชาย,ไม่ระบุ,ศรีราชา,ชลบุรี,9/1/2026,ไม่ระบุ,ศรีราชา,ชลบุรี,,,V892,ไม่ระบุพาหนะ
3424,2026,59.0,ชาย,ไม่ระบุ,เขาชัยสน,พัทลุง,16/1/2026,ไม่ระบุ,เขาชัยสน,พัทลุง,,,V892,ไม่ระบุพาหนะ
3425,2026,19.0,ชาย,ไม่ระบุ,เมืองร้อยเอ็ด,ร้อยเอ็ด,7/2/2026,ไม่ระบุ,เมืองร้อยเอ็ด,ร้อยเอ็ด,,,V475,รถยนต์
3426,2026,36.0,หญิง,ไม่ระบุ,เมืองชุมพร,ชุมพร,17/2/2026,ไม่ระบุ,เมืองชุมพร,ชุมพร,,,V892,ไม่ระบุพาหนะ
3427,2026,37.0,ชาย,ไม่ระบุ,ชัยบาดาล,ลพบุรี,31/3/2026,ไม่ระบุ,ชัยบาดาล,ลพบุรี,,,V239,รถจักรยานยนต์
3428,2026,65.0,ชาย,ไม่ระบุ,ศรีราชา,ชลบุรี,4/1/2026,ไม่ระบุ,ศรีราชา,ชลบุรี,,,V892,ไม่ระบุพาหนะ
3429,2026,42.0,ชาย,ไม่ระบุ,หางดง,เชียงใหม่,11/1/2026,ไม่ระบุ,หางดง,เชียงใหม่,,,V892,ไม่ระบุพาหนะ
3430,2026,54.0,ชาย,ไม่ระบุ,พระนครศรีอยุธยา,พระนครศรีอยุธยา,2/2/2026,ไม่ระบุ,พระนครศรีอยุธยา,พระนครศรีอยุธยา,,,V892,ไม่ระบุพาหนะ
3431,2026,34.0,ชาย,ไม่ระบุ,เมืองนครราชสีมา,นครราชสีมา,24/2/2026,ไม่ระบุ,เมืองนครราชสีมา,นครราชสีมา,,,V892,ไม่ระบุพาหนะ
3432,2026,48.0,ชาย,ไม่ระบุ,พนมไพร,ร้อยเอ็ด,8/2/2026,ไม่ระบุ,พนมไพร,ร้อยเอ็ด,,,V225,รถจักรยานยนต์
3433,2026,69.0,ชาย,ไม่ระบุ,เมืองเพชรบุรี,เพชรบุรี,30/3/2026,ไม่ระบุ,เมืองเพชรบุรี,เพชรบุรี,,,V892,ไม่ระบุพาหนะ
3434,2026,26.0,ชาย,ไม่ระบุ,ศรีราชา,ชลบุรี,1/1/2026,ไม่ระบุ,ศรีราชา,ชลบุรี,,,V892,ไม่ระบุพาหนะ
3435,2026,55.0,ชาย,ไม่ระบุ,เดชอุดม,อุบลราชธานี,5/1/2026,ไม่ระบุ,เดชอุดม,อุบลราชธานี,,,V499,รถยนต์
3436,2026,46.0,หญิง,ไม่ระบุ,เมืองนครราชสีมา,นครราชสีมา,21/2/2026,ไม่ระบุ,เมืองนครราชสีมา,นครราชสีมา,,,V892,ไม่ระบุพาหนะ
3437,2026,13.0,ชาย,ไม่ระบุ,เขตจอมทอง,กรุงเทพมหานคร,28/3/2026,ไม่ระบุ,เขตจอมทอง,กรุงเทพมหานคร,,,V892,ไม่ระบุพาหนะ
3438,2026,21.0,ชาย,ไม่ระบุ,เมืองสระบุรี,สระบุรี,31/3/2026,ไม่ระบุ,เมืองสระบุรี,สระบุรี,,,V892,ไม่ระบุพาหนะ
3439,2026,23.0,ชาย,ไม่ระบุ,หนองหาน,อุดรธานี,13/3/2026,ไม่ระบุ,หนองหาน,อุดรธานี,,,V239,รถจักรยานยนต์
3440,2026,18.0,ชาย,ไม่ระบุ,แม่สรวย,เชียงราย,9/3/2026,ไม่ระบุ,แม่สรวย,เชียงราย,,,V892,ไม่ระบุพาหนะ
3441,2026,43.0,ชาย,ไม่ระบุ,เมืองเพชรบุรี,เพชรบุรี,2/3/2026,ไม่ระบุ,เมืองเพชรบุรี,เพชรบุรี,,,V892,ไม่ระบุพาหนะ
3442,2026,54.0,หญิง,ไม่ระบุ,ศรีราชา,ชลบุรี,2/1/2026,ไม่ระบุ,ศรีราชา,ชลบุรี,,,V892,ไม่ระบุพาหนะ
3443,2026,67.0,ชาย,ไม่ระบุ,เมืองอ่างทอง,อ่างทอง,7/2/2026,ไม่ระบุ,เมืองอ่างทอง,อ่างทอง,,,V892,ไม่ระบุพาหนะ
3444,2026,40.0,ชาย,ไม่ระบุ,เมืองนครราชสีมา,นครราชสีมา,22/2/2026,ไม่ระบุ,เมืองนครราชสีมา,นครราชสีมา,,,V892,ไม่ระบุพาหนะ
3445,2026,37.0,หญิง,ไม่ระบุ,ลำลูกกา,ปทุมธานี,6/2/2026,ไม่ระบุ,ลำลูกกา,ปทุมธานี,,,V892,ไม่ระบุพาหนะ
3446,2026,65.0,ชาย,ไม่ระบุ,สทิงพระ,สงขลา,23/2/2026,ไม่ระบุ,สทิงพระ,สงขลา,,,V299,รถจักรยานยนต์
3447,2026,30.0,ชาย,ไม่ระบุ,เมืองสระบุรี,สระบุรี,26/3/2026,ไม่ระบุ,เมืองสระบุรี,สระบุรี,,,V892,ไม่ระบุพาหนะ
3448,2026,60.0,ชาย,ไม่ระบุ,หนองหาน,อุดรธานี,12/3/2026,ไม่ระบุ,หนองหาน,อุดรธานี,,,V099,คนเดินเท้า
3449,2026,36.0,ชาย,ไม่ระบุ,เมืองเพชรบุรี,เพชรบุรี,1/3/2026,ไม่ระบุ,เมืองเพชรบุรี,เพชรบุรี,,,V892,ไม่ระบุพาหนะ
3450,2026,29.0,ชาย,ไม่ระบุ,ศรีราชา,ชลบุรี,25/1/2026,ไม่ระบุ,ศรีราชา,ชลบุรี,,,V892,ไม่ระบุพาหนะ
3451,2026,37.0,ชาย,ไม่ระบุ,ตระการพืชผล,อุบลราชธานี,6/1/2026,ไม่ระบุ,ตระการพืชผล,อุบลราชธานี,,,V892,ไม่ระบุพาหนะ
3452,2026,57.0,ชาย,ไม่ระบุ,เมืองชลบุรี,ชลบุรี,15/2/2026,ไม่ระบุ,เมืองชลบุรี,ชลบุรี,,,V892,ไม่ระบุพาหนะ
3453,2026,44.0,ชาย,ไม่ระบุ,เมืองนครราชสีมา,นครราชสีมา,22/2/2026,ไม่ระบุ,เมืองนครราชสีมา,นครราชสีมา,,,V892,ไม่ระบุพาหนะ
3454,2026,21.0,ชาย,ไม่ระบุ,ศรีสัชนาลัย,สุโขทัย,19/2/2026,ไม่ระบุ,ศรีสัชนาลัย,สุโขทัย,,,V892,ไม่ระบุพาหนะ
3455,2026,62.0,ชาย,ไม่ระบุ,จะนะ,สงขลา,19/2/2026,ไม่ระบุ,จะนะ,สงขลา,,,V289,รถจักรยานยนต์
3456,2026,71.0,ชาย,ไม่ระบุ,ไทรน้อย,นนทบุรี,9/3/2026,ไม่ระบุ,ไทรน้อย,นนทบุรี,,,V892,ไม่ระบุพาหนะ
3457,2026,65.0,ชาย,ไม่ระบุ,เมืองชลบุรี,ชลบุรี,31/3/2026,ไม่ระบุ,เมืองชลบุรี,ชลบุรี,,,V299,รถจักรยานยนต์
3458,2026,61.0,หญิง,ไม่ระบุ,เมืองเพชรบุรี,เพชรบุรี,1/3/2026,ไม่ระบุ,เมืองเพชรบุรี,เพชรบุรี,,,V892,ไม่ระบุพาหนะ
3459,2026,33.0,หญิง,ไม่ระบุ,ศรีราชา,ชลบุรี,12/1/2026,ไม่ระบุ,ศรีราชา,ชลบุรี,,,V892,ไม่ระบุพาหนะ
3460,2026,28.0,ชาย,ไม่ระบุ,โพธาราม,ราชบุรี,22/1/2026,ไม่ระบุ,โพธาราม,ราชบุรี,,,V099,คนเดินเท้า
3461,2026,75.0,ชาย,ไม่ระบุ,เมืองพัทลุง,พัทลุง,9/1/2026,ไม่ระบุ,เมืองพัทลุง,พัทลุง,,,V892,ไม่ระบุพาหนะ
3462,2026,30.0,ชาย,ไม่ระบุ,เมืองนครราชสีมา,นครราชสีมา,22/2/2026,ไม่ระบุ,เมืองนครราชสีมา,นครราชสีมา,,,V892,ไม่ระบุพาหนะ
3463,2026,49.0,ชาย,ไม่ระบุ,นาทวี,สงขลา,22/2/2026,ไม่ระบุ,นาทวี,สงขลา,,,V892,ไม่ระบุพาหนะ
3464,2026,20.0,ชาย,ไม่ระบุ,-,นนทบุรี,27/3/2026,ไม่ระบุ,-,นนทบุรี,,,V892,ไม่ระบุพาหนะ
3465,2026,47.0,ชาย,ไม่ระบุ,ปลวกแดง,ระยอง,29/3/2026,ไม่ระบุ,ปลวกแดง,ระยอง,,,V892,ไม่ระบุพาหนะ
3466,2026,28.0,ชาย,ไม่ระบุ,แม่สรวย,เชียงราย,19/3/2026,ไม่ระบุ,แม่สรวย,เชียงราย,,,V892,ไม่ระบุพาหนะ
3467,2026,52.0,หญิง,ไม่ระบุ,เมืองเพชรบุรี,เพชรบุรี,9/3/2026,ไม่ระบุ,เมืองเพชรบุรี,เพชรบุรี,,,V892,ไม่ระบุพาหนะ
3468,2026,58.0,ชาย,ไม่ระบุ,เมืองเชียงใหม่,เชียงใหม่,18/1/2026,ไม่ระบุ,เมืองเชียงใหม่,เชียงใหม่,,,V892,ไม่ระบุพาหนะ
3469,2026,21.0,ชาย,ไม่ระบุ,เมือง,ราชบุรี,30/1/2026,ไม่ระบุ,เมือง,ราชบุรี,,,V892,ไม่ระบุพาหนะ
3470,2026,51.0,ชาย,ไม่ระบุ,เมืองพัทลุง,พัทลุง,5/1/2026,ไม่ระบุ,เมืองพัทลุง,พัทลุง,,,V892,ไม่ระบุพาหนะ
3471,2026,62.0,ชาย,ไม่ระบุ,เมืองสระบุรี,สระบุรี,15/2/2026,ไม่ระบุ,เมืองสระบุรี,สระบุรี,,,V892,ไม่ระบุพาหนะ
3472,2026,55.0,ชาย,ไม่ระบุ,เมืองนครราชสีมา,นครราชสีมา,23/2/2026,ไม่ระบุ,เมืองนครราชสีมา,นครราชสีมา,,,V892,ไม่ระบุพาหนะ
3473,2026,23.0,ชาย,ไม่ระบุ,เมืองนครศรีธรรมราช,นครศรีธรรมราช,21/2/2026,ไม่ระบุ,เมืองนครศรีธรรมราช,นครศรีธรรมราช,,,V892,ไม่ระบุพาหนะ
3474,2026,40.0,ชาย,ไม่ระบุ,เมืองระยอง,ระยอง,27/3/2026,ไม่ระบุ,เมืองระยอง,ระยอง,,,V892,ไม่ระบุพาหนะ
3475,2026,79.0,ชาย,ไม่ระบุ,เมืองเพชรบุรี,เพชรบุรี,15/3/2026,ไม่ระบุ,เมืองเพชรบุรี,เพชรบุรี,,,V892,ไม่ระบุพาหนะ
3476,2026,25.0,ชาย,ไม่ระบุ,เมืองระยอง,ระยอง,16/1/2026,ไม่ระบุ,เมืองระยอง,ระยอง,,,V892,ไม่ระบุพาหนะ
3477,2026,52.0,ชาย,ไม่ระบุ,กิ่งอำเภอเหล่าเสือโก้ก,อุบลราชธานี,1/1/2026,ไม่ระบุ,กิ่งอำเภอเหล่าเสือโก้ก,อุบลราชธานี,,,V284,รถจักรยานยนต์
3478,2026,31.0,ชาย,ไม่ระบุ,เมืองเชียงใหม่,เชียงใหม่,24/1/2026,ไม่ระบุ,เมืองเชียงใหม่,เชียงใหม่,,,V892,ไม่ระบุพาหนะ
3479,2026,36.0,หญิง,ไม่ระบุ,ระโนด,สงขลา,9/2/2026,ไม่ระบุ,ระโนด,สงขลา,,,V892,ไม่ระบุพาหนะ
3480,2026,40.0,ชาย,ไม่ระบุ,บางใหญ่,นนทบุรี,12/3/2026,ไม่ระบุ,บางใหญ่,นนทบุรี,,,V892,ไม่ระบุพาหนะ
3481,2026,31.0,ชาย,ไม่ระบุ,เมืองระยอง,ระยอง,31/3/2026,ไม่ระบุ,เมืองระยอง,ระยอง,,,V892,ไม่ระบุพาหนะ
3482,2026,38.0,ชาย,ไม่ระบุ,เขตปทุมวัน,กรุงเทพมหานคร,17/1/2026,ไม่ระบุ,เขตปทุมวัน,กรุงเทพมหานคร,,,V892,ไม่ระบุพาหนะ
3483,2026,68.0,ชาย,ไม่ระบุ,แกลง,ระยอง,25/1/2026,ไม่ระบุ,แกลง,ระยอง,,,V892,ไม่ระบุพาหนะ
3484,2026,28.0,ชาย,ไม่ระบุ,กิ่งอำเภอสว่างวีระวงศ์,อุบลราชธานี,17/1/2026,ไม่ระบุ,กิ่งอำเภอสว่างวีระวงศ์,อุบลราชธานี,,,V892,ไม่ระบุพาหนะ
3485,2026,37.0,หญิง,ไม่ระบุ,เมืองเชียงใหม่,เชียงใหม่,18/1/2026,ไม่ระบุ,เมืองเชียงใหม่,เชียงใหม่,,,V892,ไม่ระบุพาหนะ
3486,2026,66.0,ชาย,ไม่ระบุ,เมือง,ราชบุรี,28/1/2026,ไม่ระบุ,เมือง,ราชบุรี,,,V892,ไม่ระบุพาหนะ
3487,2026,26.0,หญิง,ไม่ระบุ,ปากเกร็ด,นนทบุรี,16/3/2026,ไม่ระบุ,ปากเกร็ด,นนทบุรี,,,V892,ไม่ระบุพาหนะ
3488,2026,21.0,ชาย,ไม่ระบุ,เมืองระยอง,ระยอง,31/3/2026,ไม่ระบุ,เมืองระยอง,ระยอง,,,V892,ไม่ระบุพาหนะ
3489,2026,43.0,ชาย,ไม่ระบุ,บ้านผือ,อุดรธานี,25/3/2026,ไม่ระบุ,บ้านผือ,อุดรธานี,,,V892,ไม่ระบุพาหนะ
3490,2026,32.0,ชาย,ไม่ระบุ,ปลวกแดง,ระยอง,18/1/2026,ไม่ระบุ,ปลวกแดง,ระยอง,,,V892,ไม่ระบุพาหนะ
3491,2026,87.0,ชาย,ไม่ระบุ,เมือง,ราชบุรี,24/1/2026,ไม่ระบุ,เมือง,ราชบุรี,,,V892,ไม่ระบุพาหนะ
3492,2026,79.0,ชาย,ไม่ระบุ,ละหานทราย,บุรีรัมย์,17/2/2026,ไม่ระบุ,ละหานทราย,บุรีรัมย์,,,V234,รถจักรยานยนต์
3493,2026,51.0,ชาย,ไม่ระบุ,เสลภูมิ,ร้อยเอ็ด,22/2/2026,ไม่ระบุ,เสลภูมิ,ร้อยเอ็ด,,,V285,รถจักรยานยนต์
3494,2026,18.0,ชาย,ไม่ระบุ,ปากเกร็ด,นนทบุรี,20/3/2026,ไม่ระบุ,ปากเกร็ด,นนทบุรี,,,V892,ไม่ระบุพาหนะ
3495,2026,17.0,ชาย,ไม่ระบุ,วัฒนานคร,สระแก้ว,3/3/2026,ไม่ระบุ,วัฒนานคร,สระแก้ว,,,V299,รถจักรยานยนต์
3496,2026,76.0,หญิง,ไม่ระบุ,แม่สาย,เชียงราย,28/3/2026,ไม่ระบุ,แม่สาย,เชียงราย,,,V892,ไม่ระบุพาหนะ
3497,2026,56.0,ชาย,ไม่ระบุ,เขตพระโขนง,กรุงเทพมหานคร,25/1/2026,ไม่ระบุ,เขตพระโขนง,กรุงเทพมหานคร,,,V892,ไม่ระบุพาหนะ
3498,2026,49.0,หญิง,ไม่ระบุ,กิ่งอำเภอเขาชะเมา,ระยอง,11/1/2026,ไม่ระบุ,กิ่งอำเภอเขาชะเมา,ระยอง,,,V892,ไม่ระบุพาหนะ
3499,2026,50.0,ชาย,ไม่ระบุ,เมือง,ราชบุรี,27/1/2026,ไม่ระบุ,เมือง,ราชบุรี,,,V892,ไม่ระบุพาหนะ
3500,2026,52.0,หญิง,ไม่ระบุ,ท่าหลวง,ลพบุรี,23/2/2026,ไม่ระบุ,ท่าหลวง,ลพบุรี,,,V892,ไม่ระบุพาหนะ
3501,2026,58.0,ชาย,ไม่ระบุ,ประโคนชัย,บุรีรัมย์,22/2/2026,ไม่ระบุ,ประโคนชัย,บุรีรัมย์,,,V299,รถจักรยานยนต์
3502,2026,48.0,ชาย,ไม่ระบุ,เมืองสงขลา,สงขลา,6/2/2026,ไม่ระบุ,เมืองสงขลา,สงขลา,,,V892,ไม่ระบุพาหนะ
3503,2026,43.0,ชาย,ไม่ระบุ,บางกรวย,นนทบุรี,7/3/2026,ไม่ระบุ,บางกรวย,นนทบุรี,,,V892,ไม่ระบุพาหนะ
3504,2026,4.0,ชาย,ไม่ระบุ,กิ่งอำเภอวังสมบูรณ์,สระแก้ว,19/3/2026,ไม่ระบุ,กิ่งอำเภอวังสมบูรณ์,สระแก้ว,,,V892,ไม่ระบุพาหนะ
3505,2026,21.0,หญิง,ไม่ระบุ,บ้านผือ,อุดรธานี,25/3/2026,ไม่ระบุ,บ้านผือ,อุดรธานี,,,V299,รถจักรยานยนต์
3506,2026,51.0,หญิง,ไม่ระบุ,แม่จัน,เชียงราย,30/3/2026,ไม่ระบุ,แม่จัน,เชียงราย,,,V892,ไม่ระบุพาหนะ
3507,2026,38.0,ชาย,ไม่ระบุ,กุยบุรี,ประจวบคีรีขันธ์,13/3/2026,ไม่ระบุ,กุยบุรี,ประจวบคีรีขันธ์,,,V892,ไม่ระบุพาหนะ
3508,2026,57.0,ชาย,ไม่ระบุ,กิ่งอำเภอเขาชะเมา,ระยอง,11/1/2026,ไม่ระบุ,กิ่งอำเภอเขาชะเมา,ระยอง,,,V892,ไม่ระบุพาหนะ
3509,2026,54.0,ชาย,ไม่ระบุ,เมือง,ราชบุรี,26/1/2026,ไม่ระบุ,เมือง,ราชบุรี,,,V892,ไม่ระบุพาหนะ
3510,2026,86.0,หญิง,ไม่ระบุ,พนมไพร,ร้อยเอ็ด,13/2/2026,ไม่ระบุ,พนมไพร,ร้อยเอ็ด,,,V039,คนเดินเท้า
3511,2026,69.0,ชาย,ไม่ระบุ,เมืองสงขลา,สงขลา,7/2/2026,ไม่ระบุ,เมืองสงขลา,สงขลา,,,V892,ไม่ระบุพาหนะ
3512,2026,45.0,ชาย,ไม่ระบุ,-,นนทบุรี,3/3/2026,ไม่ระบุ,-,นนทบุรี,,,V299,รถจักรยานยนต์
3513,2026,17.0,ชาย,ไม่ระบุ,เขาฉกรรจ์,สระแก้ว,15/3/2026,ไม่ระบุ,เขาฉกรรจ์,สระแก้ว,,,V299,รถจักรยานยนต์
3514,2026,75.0,หญิง,ไม่ระบุ,บ้านดุง,อุดรธานี,21/3/2026,ไม่ระบุ,บ้านดุง,อุดรธานี,,,V892,ไม่ระบุพาหนะ
3515,2026,62.0,ชาย,ไม่ระบุ,เทิง,เชียงราย,14/3/2026,ไม่ระบุ,เทิง,เชียงราย,,,V892,ไม่ระบุพาหนะ
3516,2026,57.0,ชาย,ไม่ระบุ,กุยบุรี,ประจวบคีรีขันธ์,30/3/2026,ไม่ระบุ,กุยบุรี,ประจวบคีรีขันธ์,,,V892,ไม่ระบุพาหนะ
3517,2026,38.0,หญิง,ไม่ระบุ,กิ่งอำเภอนิคมพัฒนา,ระยอง,18/1/2026,ไม่ระบุ,กิ่งอำเภอนิคมพัฒนา,ระยอง,,,V892,ไม่ระบุพาหนะ
3518,2026,52.0,ชาย,ไม่ระบุ,สิรินธร,อุบลราชธานี,25/1/2026,ไม่ระบุ,สิรินธร,อุบลราชธานี,,,V279,รถจักรยานยนต์
3519,2026,38.0,ชาย,ไม่ระบุ,พนมไพร,ร้อยเอ็ด,4/2/2026,ไม่ระบุ,พนมไพร,ร้อยเอ็ด,,,V892,ไม่ระบุพาหนะ
3520,2026,65.0,ชาย,ไม่ระบุ,เมืองสงขลา,สงขลา,6/2/2026,ไม่ระบุ,เมืองสงขลา,สงขลา,,,V892,ไม่ระบุพาหนะ
3521,2026,70.0,ชาย,ไม่ระบุ,อรัญประเทศ,สระแก้ว,20/3/2026,ไม่ระบุ,อรัญประเทศ,สระแก้ว,,,V299,รถจักรยานยนต์
3522,2026,73.0,หญิง,ไม่ระบุ,กุมภวาปี,อุดรธานี,30/3/2026,ไม่ระบุ,กุมภวาปี,อุดรธานี,,,V892,ไม่ระบุพาหนะ
3523,2026,67.0,ชาย,ไม่ระบุ,เมืองเชียงราย,เชียงราย,23/3/2026,ไม่ระบุ,เมืองเชียงราย,เชียงราย,,,V892,ไม่ระบุพาหนะ
3524,2026,49.0,หญิง,ไม่ระบุ,ทับสะแก,ประจวบคีรีขันธ์,24/3/2026,ไม่ระบุ,ทับสะแก,ประจวบคีรีขันธ์,,,V892,ไม่ระบุพาหนะ
3525,2026,55.0,ชาย,ไม่ระบุ,เขตห้วยขวาง,กรุงเทพมหานคร,22/1/2026,ไม่ระบุ,เขตห้วยขวาง,กรุงเทพมหานคร,,,V892,ไม่ระบุพาหนะ
3526,2026,35.0,ชาย,ไม่ระบุ,กิ่งอำเภอนิคมพัฒนา,ระยอง,17/1/2026,ไม่ระบุ,กิ่งอำเภอนิคมพัฒนา,ระยอง,,,V892,ไม่ระบุพาหนะ
3527,2026,82.0,ชาย,ไม่ระบุ,พร้าว,เชียงใหม่,27/1/2026,ไม่ระบุ,พร้าว,เชียงใหม่,,,V892,ไม่ระบุพาหนะ
3528,2026,44.0,หญิง,ไม่ระบุ,ชัยบาดาล,ลพบุรี,10/2/2026,ไม่ระบุ,ชัยบาดาล,ลพบุรี,,,V099,คนเดินเท้า
3529,2026,57.0,ชาย,ไม่ระบุ,ละหานทราย,บุรีรัมย์,9/2/2026,ไม่ระบุ,ละหานทราย,บุรีรัมย์,,,V284,รถจักรยานยนต์
3530,2026,67.0,ชาย,ไม่ระบุ,พรหมพิราม,พิษณุโลก,7/2/2026,ไม่ระบุ,พรหมพิราม,พิษณุโลก,,,V892,ไม่ระบุพาหนะ
3531,2026,26.0,ชาย,ไม่ระบุ,เมืองสงขลา,สงขลา,10/2/2026,ไม่ระบุ,เมืองสงขลา,สงขลา,,,V892,ไม่ระบุพาหนะ
3532,2026,20.0,ชาย,ไม่ระบุ,เมืองนนทบุรี,นนทบุรี,26/3/2026,ไม่ระบุ,เมืองนนทบุรี,นนทบุรี,,,V892,ไม่ระบุพาหนะ
3533,2026,48.0,ชาย,ไม่ระบุ,เมืองสระแก้ว,สระแก้ว,29/3/2026,ไม่ระบุ,เมืองสระแก้ว,สระแก้ว,,,V099,คนเดินเท้า
3534,2026,70.0,ชาย,ไม่ระบุ,กุดจับ,อุดรธานี,19/3/2026,ไม่ระบุ,กุดจับ,อุดรธานี,,,V849,ไม่ระบุพาหนะ
3535,2026,32.0,ชาย,ไม่ระบุ,เมืองเชียงราย,เชียงราย,18/3/2026,ไม่ระบุ,เมืองเชียงราย,เชียงราย,,,V892,ไม่ระบุพาหนะ
3536,2026,28.0,ชาย,ไม่ระบุ,ทับสะแก,ประจวบคีรีขันธ์,1/3/2026,ไม่ระบุ,ทับสะแก,ประจวบคีรีขันธ์,,,V892,ไม่ระบุพาหนะ
3537,2026,26.0,ชาย,ไม่ระบุ,กิ่งอำเภอนิคมพัฒนา,ระยอง,1/1/2026,ไม่ระบุ,กิ่งอำเภอนิคมพัฒนา,ระยอง,,,V892,ไม่ระบุพาหนะ
3538,2026,12.0,หญิง,ไม่ระบุ,เมืองยะลา,ยะลา,21/1/2026,ไม่ระบุ,เมืองยะลา,ยะลา,,,V892,ไม่ระบุพาหนะ
3539,2026,62.0,ชาย,ไม่ระบุ,เกษตรวิสัย,ร้อยเอ็ด,26/2/2026,ไม่ระบุ,เกษตรวิสัย,ร้อยเอ็ด,,,V892,ไม่ระบุพาหนะ
3540,2026,57.0,ชาย,ไม่ระบุ,เมืองสงขลา,สงขลา,9/2/2026,ไม่ระบุ,เมืองสงขลา,สงขลา,,,V892,ไม่ระบุพาหนะ
3541,2026,23.0,ชาย,ไม่ระบุ,เมืองนนทบุรี,นนทบุรี,26/3/2026,ไม่ระบุ,เมืองนนทบุรี,นนทบุรี,,,V892,ไม่ระบุพาหนะ
3542,2026,65.0,ชาย,ไม่ระบุ,เมืองสระแก้ว,สระแก้ว,11/3/2026,ไม่ระบุ,เมืองสระแก้ว,สระแก้ว,,,V892,ไม่ระบุพาหนะ
3543,2026,15.0,หญิง,ไม่ระบุ,เมืองเชียงราย,เชียงราย,8/3/2026,ไม่ระบุ,เมืองเชียงราย,เชียงราย,,,V892,ไม่ระบุพาหนะ
3544,2026,48.0,ชาย,ไม่ระบุ,บางสะพาน,ประจวบคีรีขันธ์,16/3/2026,ไม่ระบุ,บางสะพาน,ประจวบคีรีขันธ์,,,V499,รถยนต์
3545,2026,20.0,ชาย,ไม่ระบุ,กิ่งอำเภอนิคมพัฒนา,ระยอง,1/1/2026,ไม่ระบุ,กิ่งอำเภอนิคมพัฒนา,ระยอง,,,V892,ไม่ระบุพาหนะ
3546,2026,61.0,หญิง,ไม่ระบุ,เมืองยะลา,ยะลา,18/1/2026,ไม่ระบุ,เมืองยะลา,ยะลา,,,V892,ไม่ระบุพาหนะ
3547,2026,59.0,ชาย,ไม่ระบุ,เมืองสงขลา,สงขลา,21/2/2026,ไม่ระบุ,เมืองสงขลา,สงขลา,,,V892,ไม่ระบุพาหนะ
3548,2026,18.0,ชาย,ไม่ระบุ,เมืองนนทบุรี,นนทบุรี,28/3/2026,ไม่ระบุ,เมืองนนทบุรี,นนทบุรี,,,V892,ไม่ระบุพาหนะ
3549,2026,62.0,ชาย,ไม่ระบุ,เมืองอุดรธานี,อุดรธานี,23/3/2026,ไม่ระบุ,เมืองอุดรธานี,อุดรธานี,,,V892,ไม่ระบุพาหนะ
3550,2026,20.0,ชาย,ไม่ระบุ,บางสะพาน,ประจวบคีรีขันธ์,9/3/2026,ไม่ระบุ,บางสะพาน,ประจวบคีรีขันธ์,,,V892,ไม่ระบุพาหนะ
3551,2026,76.0,ชาย,ไม่ระบุ,เขตบางขุนเทียน,กรุงเทพมหานคร,29/1/2026,ไม่ระบุ,เขตบางขุนเทียน,กรุงเทพมหานคร,,,V892,ไม่ระบุพาหนะ
3552,2026,26.0,ชาย,ไม่ระบุ,กิ่งอำเภอนิคมพัฒนา,ระยอง,13/1/2026,ไม่ระบุ,กิ่งอำเภอนิคมพัฒนา,ระยอง,,,V892,ไม่ระบุพาหนะ
3553,2026,14.0,ชาย,ไม่ระบุ,บุณฑริก,อุบลราชธานี,10/1/2026,ไม่ระบุ,บุณฑริก,อุบลราชธานี,,,V892,ไม่ระบุพาหนะ
3554,2026,35.0,ชาย,ไม่ระบุ,เมืองเชียงใหม่,เชียงใหม่,25/1/2026,ไม่ระบุ,เมืองเชียงใหม่,เชียงใหม่,,,V892,ไม่ระบุพาหนะ
3555,2026,56.0,ชาย,ไม่ระบุ,เมืองยะลา,ยะลา,23/1/2026,ไม่ระบุ,เมืองยะลา,ยะลา,,,V892,ไม่ระบุพาหนะ
3556,2026,58.0,ชาย,ไม่ระบุ,โคกสำโรง,ลพบุรี,16/2/2026,ไม่ระบุ,โคกสำโรง,ลพบุรี,,,V892,ไม่ระบุพาหนะ
3557,2026,16.0,ชาย,ไม่ระบุ,กบินทร์บุรี,ปราจีนบุรี,28/3/2026,ไม่ระบุ,กบินทร์บุรี,ปราจีนบุรี,,,V892,ไม่ระบุพาหนะ
3558,2026,3.0,ชาย,ไม่ระบุ,เมืองเชียงราย,เชียงราย,7/3/2026,ไม่ระบุ,เมืองเชียงราย,เชียงราย,,,V892,ไม่ระบุพาหนะ
3559,2026,41.0,ชาย,ไม่ระบุ,ปราณบุรี,ประจวบคีรีขันธ์,1/3/2026,ไม่ระบุ,ปราณบุรี,ประจวบคีรีขันธ์,,,V892,ไม่ระบุพาหนะ
3560,2026,37.0,ชาย,ไม่ระบุ,เขตบางขุนเทียน,กรุงเทพมหานคร,18/1/2026,ไม่ระบุ,เขตบางขุนเทียน,กรุงเทพมหานคร,,,V892,ไม่ระบุพาหนะ
3561,2026,56.0,ชาย,ไม่ระบุ,กิ่งอำเภอนิคมพัฒนา,ระยอง,13/1/2026,ไม่ระบุ,กิ่งอำเภอนิคมพัฒนา,ระยอง,,,V892,ไม่ระบุพาหนะ
3562,2026,31.0,หญิง,ไม่ระบุ,เมืองเชียงใหม่,เชียงใหม่,20/1/2026,ไม่ระบุ,เมืองเชียงใหม่,เชียงใหม่,,,V892,ไม่ระบุพาหนะ
3563,2026,61.0,ชาย,ไม่ระบุ,ท่ามะกา,กาญจนบุรี,28/1/2026,ไม่ระบุ,ท่ามะกา,กาญจนบุรี,,,V892,ไม่ระบุพาหนะ
3564,2026,78.0,ชาย,ไม่ระบุ,เมืองร้อยเอ็ด,ร้อยเอ็ด,13/2/2026,ไม่ระบุ,เมืองร้อยเอ็ด,ร้อยเอ็ด,,,V284,รถจักรยานยนต์
3565,2026,23.0,ชาย,ไม่ระบุ,เมืองพิษณุโลก,พิษณุโลก,27/2/2026,ไม่ระบุ,เมืองพิษณุโลก,พิษณุโลก,,,V892,ไม่ระบุพาหนะ
3566,2026,75.0,ชาย,ไม่ระบุ,สะเดา,สงขลา,10/2/2026,ไม่ระบุ,สะเดา,สงขลา,,,V892,ไม่ระบุพาหนะ
3567,2026,17.0,ชาย,ไม่ระบุ,เมืองนนทบุรี,นนทบุรี,25/3/2026,ไม่ระบุ,เมืองนนทบุรี,นนทบุรี,,,V892,ไม่ระบุพาหนะ
3568,2026,44.0,ชาย,ไม่ระบุ,องครักษ์,นครนายก,31/3/2026,ไม่ระบุ,องครักษ์,นครนายก,,,V892,ไม่ระบุพาหนะ
3569,2026,36.0,หญิง,ไม่ระบุ,เมืองอุดรธานี,อุดรธานี,21/3/2026,ไม่ระบุ,เมืองอุดรธานี,อุดรธานี,,,V892,ไม่ระบุพาหนะ
3570,2026,68.0,หญิง,ไม่ระบุ,เมืองเชียงใหม่,เชียงใหม่,12/1/2026,ไม่ระบุ,เมืองเชียงใหม่,เชียงใหม่,,,V892,ไม่ระบุพาหนะ
3571,2026,18.0,หญิง,ไม่ระบุ,เมืองยะลา,ยะลา,1/1/2026,ไม่ระบุ,เมืองยะลา,ยะลา,,,V892,ไม่ระบุพาหนะ
3572,2026,63.0,ชาย,ไม่ระบุ,เมืองร้อยเอ็ด,ร้อยเอ็ด,14/2/2026,ไม่ระบุ,เมืองร้อยเอ็ด,ร้อยเอ็ด,,,V284,รถจักรยานยนต์
3573,2026,69.0,ชาย,ไม่ระบุ,เมืองพิษณุโลก,พิษณุโลก,7/2/2026,ไม่ระบุ,เมืองพิษณุโลก,พิษณุโลก,,,V892,ไม่ระบุพาหนะ
3574,2026,52.0,ชาย,ไม่ระบุ,หาดใหญ่,สงขลา,23/2/2026,ไม่ระบุ,หาดใหญ่,สงขลา,,,V892,ไม่ระบุพาหนะ
3575,2026,67.0,หญิง,ไม่ระบุ,เมืองนครราชสีมา,นครราชสีมา,2/3/2026,ไม่ระบุ,เมืองนครราชสีมา,นครราชสีมา,,,V892,ไม่ระบุพาหนะ
3576,2026,52.0,ชาย,ไม่ระบุ,เมืองอุดรธานี,อุดรธานี,21/3/2026,ไม่ระบุ,เมืองอุดรธานี,อุดรธานี,,,V099,คนเดินเท้า
3577,2026,35.0,ชาย,ไม่ระบุ,เมืองเชียงราย,เชียงราย,2/3/2026,ไม่ระบุ,เมืองเชียงราย,เชียงราย,,,V892,ไม่ระบุพาหนะ
3578,2026,37.0,หญิง,ไม่ระบุ,ทับสะแก,ประจวบคีรีขันธ์,27/3/2026,ไม่ระบุ,ทับสะแก,ประจวบคีรีขันธ์,,,V892,ไม่ระบุพาหนะ
3579,2026,51.0,ชาย,ไม่ระบุ,เขตราษฎร์บูรณะ,กรุงเทพมหานคร,27/1/2026,ไม่ระบุ,เขตราษฎร์บูรณะ,กรุงเทพมหานคร,,,V892,ไม่ระบุพาหนะ
3580,2026,36.0,ชาย,ไม่ระบุ,เมืองเชียงใหม่,เชียงใหม่,12/1/2026,ไม่ระบุ,เมืองเชียงใหม่,เชียงใหม่,,,V892,ไม่ระบุพาหนะ
3581,2026,29.0,หญิง,ไม่ระบุ,ระแงะ,นราธิวาส,11/1/2026,ไม่ระบุ,ระแงะ,นราธิวาส,,,V029,คนเดินเท้า
3582,2026,78.0,ชาย,ไม่ระบุ,เมืองร้อยเอ็ด,ร้อยเอ็ด,18/2/2026,ไม่ระบุ,เมืองร้อยเอ็ด,ร้อยเอ็ด,,,V234,รถจักรยานยนต์
3583,2026,22.0,ชาย,ไม่ระบุ,หาดใหญ่,สงขลา,17/2/2026,ไม่ระบุ,หาดใหญ่,สงขลา,,,V892,ไม่ระบุพาหนะ
3584,2026,35.0,ชาย,ไม่ระบุ,เมืองนนทบุรี,นนทบุรี,6/3/2026,ไม่ระบุ,เมืองนนทบุรี,นนทบุรี,,,V892,ไม่ระบุพาหนะ
3585,2026,21.0,ชาย,ไม่ระบุ,เมืองอุดรธานี,อุดรธานี,23/3/2026,ไม่ระบุ,เมืองอุดรธานี,อุดรธานี,,,V099,คนเดินเท้า
3586,2026,64.0,ชาย,ไม่ระบุ,เมืองอุบลราชธานี,อุบลราชธานี,27/1/2026,ไม่ระบุ,เมืองอุบลราชธานี,อุบลราชธานี,,,V892,ไม่ระบุพาหนะ
3587,2026,42.0,ชาย,ไม่ระบุ,เมืองเชียงใหม่,เชียงใหม่,8/1/2026,ไม่ระบุ,เมืองเชียงใหม่,เชียงใหม่,,,V892,ไม่ระบุพาหนะ
3588,2026,48.0,ชาย,ไม่ระบุ,ลำปลายมาศ,บุรีรัมย์,7/2/2026,ไม่ระบุ,ลำปลายมาศ,บุรีรัมย์,,,V892,ไม่ระบุพาหนะ
3589,2026,57.0,ชาย,ไม่ระบุ,เมืองพิษณุโลก,พิษณุโลก,14/2/2026,ไม่ระบุ,เมืองพิษณุโลก,พิษณุโลก,,,V892,ไม่ระบุพาหนะ
3590,2026,21.0,ชาย,ไม่ระบุ,หาดใหญ่,สงขลา,9/2/2026,ไม่ระบุ,หาดใหญ่,สงขลา,,,V892,ไม่ระบุพาหนะ
3591,2026,36.0,ชาย,ไม่ระบุ,เมืองนนทบุรี,นนทบุรี,8/3/2026,ไม่ระบุ,เมืองนนทบุรี,นนทบุรี,,,V892,ไม่ระบุพาหนะ
3592,2026,67.0,หญิง,ไม่ระบุ,เมืองอุดรธานี,อุดรธานี,7/3/2026,ไม่ระบุ,เมืองอุดรธานี,อุดรธานี,,,V299,รถจักรยานยนต์
3593,2026,33.0,ชาย,ไม่ระบุ,หัวหิน,ประจวบคีรีขันธ์,25/3/2026,ไม่ระบุ,หัวหิน,ประจวบคีรีขันธ์,,,V892,ไม่ระบุพาหนะ
3594,2026,34.0,ชาย,ไม่ระบุ,เขตจตุจักร,กรุงเทพมหานคร,28/1/2026,ไม่ระบุ,เขตจตุจักร,กรุงเทพมหานคร,,,V892,ไม่ระบุพาหนะ
3595,2026,36.0,หญิง,ไม่ระบุ,เมืองอุบลราชธานี,อุบลราชธานี,27/1/2026,ไม่ระบุ,เมืองอุบลราชธานี,อุบลราชธานี,,,V284,รถจักรยานยนต์
3596,2026,20.0,ชาย,ไม่ระบุ,เมืองเชียงใหม่,เชียงใหม่,8/1/2026,ไม่ระบุ,เมืองเชียงใหม่,เชียงใหม่,,,V892,ไม่ระบุพาหนะ
3597,2026,54.0,ชาย,ไม่ระบุ,สุไหงโก-ลก,นราธิวาส,8/1/2026,ไม่ระบุ,สุไหงโก-ลก,นราธิวาส,,,V299,รถจักรยานยนต์
3598,2026,44.0,ชาย,ไม่ระบุ,ลำสนธิ,ลพบุรี,10/2/2026,ไม่ระบุ,ลำสนธิ,ลพบุรี,,,V299,รถจักรยานยนต์
3599,2026,42.0,หญิง,ไม่ระบุ,เมืองร้อยเอ็ด,ร้อยเอ็ด,7/2/2026,ไม่ระบุ,เมืองร้อยเอ็ด,ร้อยเอ็ด,,,V234,รถจักรยานยนต์
3600,2026,54.0,หญิง,ไม่ระบุ,หาดใหญ่,สงขลา,13/2/2026,ไม่ระบุ,หาดใหญ่,สงขลา,,,V892,ไม่ระบุพาหนะ
3601,2026,61.0,หญิง,ไม่ระบุ,จักราช,นครราชสีมา,13/3/2026,ไม่ระบุ,จักราช,นครราชสีมา,,,V059,คนเดินเท้า
3602,2026,58.0,หญิง,ไม่ระบุ,เมืองอุดรธานี,อุดรธานี,8/3/2026,ไม่ระบุ,เมืองอุดรธานี,อุดรธานี,,,V892,ไม่ระบุพาหนะ
3603,2026,17.0,หญิง,ไม่ระบุ,แม่ลาน้อย,แม่ฮ่องสอน,29/3/2026,ไม่ระบุ,แม่ลาน้อย,แม่ฮ่องสอน,,,V892,ไม่ระบุพาหนะ
3604,2026,61.0,หญิง,ไม่ระบุ,วังจันทร์,ระยอง,5/1/2026,ไม่ระบุ,วังจันทร์,ระยอง,,,V892,ไม่ระบุพาหนะ
3605,2026,14.0,ชาย,ไม่ระบุ,เมืองอุบลราชธานี,อุบลราชธานี,29/1/2026,ไม่ระบุ,เมืองอุบลราชธานี,อุบลราชธานี,,,V892,ไม่ระบุพาหนะ
3606,2026,23.0,ชาย,ไม่ระบุ,เมืองเชียงใหม่,เชียงใหม่,4/1/2026,ไม่ระบุ,เมืองเชียงใหม่,เชียงใหม่,,,V892,ไม่ระบุพาหนะ
3607,2026,28.0,ชาย,ไม่ระบุ,เลาขวัญ,กาญจนบุรี,21/1/2026,ไม่ระบุ,เลาขวัญ,กาญจนบุรี,,,V274,รถจักรยานยนต์
3608,2026,55.0,ชาย,ไม่ระบุ,เมืองลพบุรี,ลพบุรี,10/2/2026,ไม่ระบุ,เมืองลพบุรี,ลพบุรี,,,V299,รถจักรยานยนต์
3609,2026,12.0,หญิง,ไม่ระบุ,กระสัง,บุรีรัมย์,3/2/2026,ไม่ระบุ,กระสัง,บุรีรัมย์,,,V229,รถจักรยานยนต์
3610,2026,47.0,ชาย,ไม่ระบุ,เมืองพิษณุโลก,พิษณุโลก,2/2/2026,ไม่ระบุ,เมืองพิษณุโลก,พิษณุโลก,,,V892,ไม่ระบุพาหนะ
3611,2026,75.0,ชาย,ไม่ระบุ,หาดใหญ่,สงขลา,5/2/2026,ไม่ระบุ,หาดใหญ่,สงขลา,,,V892,ไม่ระบุพาหนะ
3612,2026,39.0,ชาย,ไม่ระบุ,คลองหลวง,ปทุมธานี,8/3/2026,ไม่ระบุ,คลองหลวง,ปทุมธานี,,,V892,ไม่ระบุพาหนะ
3613,2026,52.0,ชาย,ไม่ระบุ,โชคชัย,นครราชสีมา,2/3/2026,ไม่ระบุ,โชคชัย,นครราชสีมา,,,V699,รถบรรทุกหนัก
3614,2026,63.0,ชาย,ไม่ระบุ,เมืองอุดรธานี,อุดรธานี,17/3/2026,ไม่ระบุ,เมืองอุดรธานี,อุดรธานี,,,V039,คนเดินเท้า
3615,2026,36.0,หญิง,ไม่ระบุ,แม่ลาน้อย,แม่ฮ่องสอน,15/3/2026,ไม่ระบุ,แม่ลาน้อย,แม่ฮ่องสอน,,,V892,ไม่ระบุพาหนะ
3616,2026,22.0,ชาย,ไม่ระบุ,เมืองประจวบคีรีขันธ์,ประจวบคีรีขันธ์,22/3/2026,ไม่ระบุ,เมืองประจวบคีรีขันธ์,ประจวบคีรีขันธ์,,,V892,ไม่ระบุพาหนะ
3617,2026,41.0,หญิง,ไม่ระบุ,เขตบางคอแหลม,กรุงเทพมหานคร,25/1/2026,ไม่ระบุ,เขตบางคอแหลม,กรุงเทพมหานคร,,,V892,ไม่ระบุพาหนะ
3618,2026,19.0,ชาย,ไม่ระบุ,เมืองอุบลราชธานี,อุบลราชธานี,29/1/2026,ไม่ระบุ,เมืองอุบลราชธานี,อุบลราชธานี,,,V284,รถจักรยานยนต์
3619,2026,62.0,ชาย,ไม่ระบุ,เมืองเชียงใหม่,เชียงใหม่,1/1/2026,ไม่ระบุ,เมืองเชียงใหม่,เชียงใหม่,,,V892,ไม่ระบุพาหนะ
3620,2026,43.0,ชาย,ไม่ระบุ,เมืองระยอง,ระยอง,17/2/2026,ไม่ระบุ,เมืองระยอง,ระยอง,,,V892,ไม่ระบุพาหนะ
3621,2026,8.0,หญิง,ไม่ระบุ,เมืองบุรีรัมย์,บุรีรัมย์,15/2/2026,ไม่ระบุ,เมืองบุรีรัมย์,บุรีรัมย์,,,V892,ไม่ระบุพาหนะ
3622,2026,48.0,ชาย,ไม่ระบุ,เมืองกาฬสินธุ์,กาฬสินธุ์,16/2/2026,ไม่ระบุ,เมืองกาฬสินธุ์,กาฬสินธุ์,,,V294,รถจักรยานยนต์
3623,2026,23.0,ชาย,ไม่ระบุ,เมืองพิษณุโลก,พิษณุโลก,4/2/2026,ไม่ระบุ,เมืองพิษณุโลก,พิษณุโลก,,,V892,ไม่ระบุพาหนะ
3624,2026,76.0,ชาย,ไม่ระบุ,เมืองนครสวรรค์,นครสวรรค์,25/3/2026,ไม่ระบุ,เมืองนครสวรรค์,นครสวรรค์,,,V892,ไม่ระบุพาหนะ
3625,2026,74.0,หญิง,ไม่ระบุ,เมืองประจวบคีรีขันธ์,ประจวบคีรีขันธ์,9/3/2026,ไม่ระบุ,เมืองประจวบคีรีขันธ์,ประจวบคีรีขันธ์,,,V892,ไม่ระบุพาหนะ
3626,2026,25.0,ชาย,ไม่ระบุ,เขตบางคอแหลม,กรุงเทพมหานคร,28/1/2026,ไม่ระบุ,เขตบางคอแหลม,กรุงเทพมหานคร,,,V892,ไม่ระบุพาหนะ
3627,2026,56.0,ชาย,ไม่ระบุ,แกลง,ระยอง,10/1/2026,ไม่ระบุ,แกลง,ระยอง,,,V892,ไม่ระบุพาหนะ
3628,2026,29.0,หญิง,ไม่ระบุ,เมืองเชียงใหม่,เชียงใหม่,6/1/2026,ไม่ระบุ,เมืองเชียงใหม่,เชียงใหม่,,,V892,ไม่ระบุพาหนะ
3629,2026,24.0,ชาย,ไม่ระบุ,ท่าม่วง,กาญจนบุรี,6/1/2026,ไม่ระบุ,ท่าม่วง,กาญจนบุรี,,,V892,ไม่ระบุพาหนะ
3630,2026,52.0,ชาย,ไม่ระบุ,เมืองนราธิวาส,นราธิวาส,17/1/2026,ไม่ระบุ,เมืองนราธิวาส,นราธิวาส,,,V892,ไม่ระบุพาหนะ
3631,2026,25.0,ชาย,ไม่ระบุ,เมืองระยอง,ระยอง,19/2/2026,ไม่ระบุ,เมืองระยอง,ระยอง,,,V892,ไม่ระบุพาหนะ
3632,2026,56.0,ชาย,ไม่ระบุ,ยางตลาด,กาฬสินธุ์,7/2/2026,ไม่ระบุ,ยางตลาด,กาฬสินธุ์,,,V892,ไม่ระบุพาหนะ
3633,2026,66.0,ชาย,ไม่ระบุ,เมืองสตูล,สตูล,25/2/2026,ไม่ระบุ,เมืองสตูล,สตูล,,,V892,ไม่ระบุพาหนะ
3634,2026,59.0,ชาย,ไม่ระบุ,เมืองนครสวรรค์,นครสวรรค์,26/3/2026,ไม่ระบุ,เมืองนครสวรรค์,นครสวรรค์,,,V892,ไม่ระบุพาหนะ
3635,2026,43.0,ชาย,ไม่ระบุ,นากลาง,หนองบัวลำภู,23/3/2026,ไม่ระบุ,นากลาง,หนองบัวลำภู,,,V892,ไม่ระบุพาหนะ
3636,2026,38.0,ชาย,ไม่ระบุ,เมืองอุบลราชธานี,อุบลราชธานี,21/1/2026,ไม่ระบุ,เมืองอุบลราชธานี,อุบลราชธานี,,,V299,รถจักรยานยนต์
3637,2026,36.0,ชาย,ไม่ระบุ,ค่ายบางระจัน,สิงห์บุรี,20/2/2026,ไม่ระบุ,ค่ายบางระจัน,สิงห์บุรี,,,V499,รถยนต์
3638,2026,48.0,ชาย,ไม่ระบุ,ลาดหลุมแก้ว,ปทุมธานี,12/3/2026,ไม่ระบุ,ลาดหลุมแก้ว,ปทุมธานี,,,V892,ไม่ระบุพาหนะ
3639,2026,82.0,ชาย,ไม่ระบุ,เมืองลำพูน,ลำพูน,2/1/2026,ไม่ระบุ,เมืองลำพูน,ลำพูน,,,V892,ไม่ระบุพาหนะ
3640,2026,47.0,ชาย,ไม่ระบุ,เมืองนราธิวาส,นราธิวาส,19/1/2026,ไม่ระบุ,เมืองนราธิวาส,นราธิวาส,,,V892,ไม่ระบุพาหนะ
3641,2026,69.0,ชาย,ไม่ระบุ,อินทร์บุรี,สิงห์บุรี,13/2/2026,ไม่ระบุ,อินทร์บุรี,สิงห์บุรี,,,V289,รถจักรยานยนต์
3642,2026,66.0,ชาย,ไม่ระบุ,เมืองบุรีรัมย์,บุรีรัมย์,14/2/2026,ไม่ระบุ,เมืองบุรีรัมย์,บุรีรัมย์,,,V892,ไม่ระบุพาหนะ
3643,2026,74.0,หญิง,ไม่ระบุ,สมเด็จ,กาฬสินธุ์,9/2/2026,ไม่ระบุ,สมเด็จ,กาฬสินธุ์,,,V295,รถจักรยานยนต์
3644,2026,59.0,ชาย,ไม่ระบุ,พิมาย,นครราชสีมา,9/3/2026,ไม่ระบุ,พิมาย,นครราชสีมา,,,V892,ไม่ระบุพาหนะ
3645,2026,32.0,ชาย,ไม่ระบุ,ลานสกา,นครศรีธรรมราช,3/3/2026,ไม่ระบุ,ลานสกา,นครศรีธรรมราช,,,V892,ไม่ระบุพาหนะ
3646,2026,47.0,ชาย,ไม่ระบุ,เมืองระยอง,ระยอง,4/1/2026,ไม่ระบุ,เมืองระยอง,ระยอง,,,V892,ไม่ระบุพาหนะ
3647,2026,25.0,ชาย,ไม่ระบุ,เมืองอุบลราชธานี,อุบลราชธานี,14/1/2026,ไม่ระบุ,เมืองอุบลราชธานี,อุบลราชธานี,,,V892,ไม่ระบุพาหนะ
3648,2026,55.0,ชาย,ไม่ระบุ,เมืองลำพูน,ลำพูน,17/1/2026,ไม่ระบุ,เมืองลำพูน,ลำพูน,,,V892,ไม่ระบุพาหนะ
3649,2026,21.0,หญิง,ไม่ระบุ,เมืองนราธิวาส,นราธิวาส,26/1/2026,ไม่ระบุ,เมืองนราธิวาส,นราธิวาส,,,V892,ไม่ระบุพาหนะ
3650,2026,69.0,หญิง,ไม่ระบุ,เมืองสิงห์บุรี,สิงห์บุรี,6/2/2026,ไม่ระบุ,เมืองสิงห์บุรี,สิงห์บุรี,,,V892,ไม่ระบุพาหนะ
3651,2026,23.0,ชาย,ไม่ระบุ,เมืองบุรีรัมย์,บุรีรัมย์,6/2/2026,ไม่ระบุ,เมืองบุรีรัมย์,บุรีรัมย์,,,V892,ไม่ระบุพาหนะ
3652,2026,76.0,ชาย,ไม่ระบุ,กุฉินารายณ์,กาฬสินธุ์,22/2/2026,ไม่ระบุ,กุฉินารายณ์,กาฬสินธุ์,,,V892,ไม่ระบุพาหนะ
3653,2026,17.0,ชาย,ไม่ระบุ,ละงู,สตูล,5/2/2026,ไม่ระบุ,ละงู,สตูล,,,V892,ไม่ระบุพาหนะ
3654,2026,28.0,ชาย,ไม่ระบุ,พิมาย,นครราชสีมา,5/3/2026,ไม่ระบุ,พิมาย,นครราชสีมา,,,V249,รถจักรยานยนต์
3655,2026,30.0,ชาย,ไม่ระบุ,นาแห้ว,เลย,16/3/2026,ไม่ระบุ,นาแห้ว,เลย,,,V489,รถยนต์
3656,2026,15.0,หญิง,ไม่ระบุ,ท่ามะกา,กาญจนบุรี,1/1/2026,ไม่ระบุ,ท่ามะกา,กาญจนบุรี,,,V892,ไม่ระบุพาหนะ
3657,2026,31.0,ชาย,ไม่ระบุ,เมืองสิงห์บุรี,สิงห์บุรี,10/2/2026,ไม่ระบุ,เมืองสิงห์บุรี,สิงห์บุรี,,,V244,รถจักรยานยนต์
3658,2026,30.0,ชาย,ไม่ระบุ,เมืองบุรีรัมย์,บุรีรัมย์,4/2/2026,ไม่ระบุ,เมืองบุรีรัมย์,บุรีรัมย์,,,V892,ไม่ระบุพาหนะ
3659,2026,34.0,ชาย,ไม่ระบุ,ละงู,สตูล,24/2/2026,ไม่ระบุ,ละงู,สตูล,,,V299,รถจักรยานยนต์
3660,2026,35.0,ชาย,ไม่ระบุ,ลำลูกกา,ปทุมธานี,11/3/2026,ไม่ระบุ,ลำลูกกา,ปทุมธานี,,,V892,ไม่ระบุพาหนะ
3661,2026,50.0,ชาย,ไม่ระบุ,พิมาย,นครราชสีมา,13/3/2026,ไม่ระบุ,พิมาย,นครราชสีมา,,,V892,ไม่ระบุพาหนะ
3662,2026,54.0,หญิง,ไม่ระบุ,เมืองนครสวรรค์,นครสวรรค์,5/3/2026,ไม่ระบุ,เมืองนครสวรรค์,นครสวรรค์,,,V892,ไม่ระบุพาหนะ
3663,2026,16.0,ชาย,ไม่ระบุ,เขตบางแค,กรุงเทพมหานคร,3/1/2026,ไม่ระบุ,เขตบางแค,กรุงเทพมหานคร,,,V892,ไม่ระบุพาหนะ
3664,2026,29.0,ชาย,ไม่ระบุ,เมืองระยอง,ระยอง,17/1/2026,ไม่ระบุ,เมืองระยอง,ระยอง,,,V892,ไม่ระบุพาหนะ
3665,2026,66.0,ชาย,ไม่ระบุ,เมืองอุบลราชธานี,อุบลราชธานี,12/1/2026,ไม่ระบุ,เมืองอุบลราชธานี,อุบลราชธานี,,,V892,ไม่ระบุพาหนะ
3666,2026,27.0,ชาย,ไม่ระบุ,ท่ามะกา,กาญจนบุรี,10/1/2026,ไม่ระบุ,ท่ามะกา,กาญจนบุรี,,,V892,ไม่ระบุพาหนะ
3667,2026,14.0,ชาย,ไม่ระบุ,เมืองนราธิวาส,นราธิวาส,6/1/2026,ไม่ระบุ,เมืองนราธิวาส,นราธิวาส,,,V892,ไม่ระบุพาหนะ
3668,2026,80.0,ชาย,ไม่ระบุ,เมืองพิจิตร,พิจิตร,1/2/2026,ไม่ระบุ,เมืองพิจิตร,พิจิตร,,,V892,ไม่ระบุพาหนะ
3669,2026,76.0,ชาย,ไม่ระบุ,เมืองสตูล,สตูล,15/2/2026,ไม่ระบุ,เมืองสตูล,สตูล,,,V299,รถจักรยานยนต์
3670,2026,27.0,ชาย,ไม่ระบุ,ห้วยแถลง,นครราชสีมา,25/3/2026,ไม่ระบุ,ห้วยแถลง,นครราชสีมา,,,V099,คนเดินเท้า
3671,2026,31.0,ชาย,ไม่ระบุ,เมืองนครสวรรค์,นครสวรรค์,3/3/2026,ไม่ระบุ,เมืองนครสวรรค์,นครสวรรค์,,,V892,ไม่ระบุพาหนะ
3672,2026,73.0,หญิง,ไม่ระบุ,เขตบางแค,กรุงเทพมหานคร,15/1/2026,ไม่ระบุ,เขตบางแค,กรุงเทพมหานคร,,,V892,ไม่ระบุพาหนะ
3673,2026,22.0,ชาย,ไม่ระบุ,เมืองระยอง,ระยอง,30/1/2026,ไม่ระบุ,เมืองระยอง,ระยอง,,,V892,ไม่ระบุพาหนะ
3674,2026,61.0,ชาย,ไม่ระบุ,เมืองอุบลราชธานี,อุบลราชธานี,3/1/2026,ไม่ระบุ,เมืองอุบลราชธานี,อุบลราชธานี,,,V892,ไม่ระบุพาหนะ
3675,2026,63.0,ชาย,ไม่ระบุ,เมืองลำพูน,ลำพูน,23/1/2026,ไม่ระบุ,เมืองลำพูน,ลำพูน,,,V892,ไม่ระบุพาหนะ
3676,2026,16.0,ชาย,ไม่ระบุ,ท่ามะกา,กาญจนบุรี,13/1/2026,ไม่ระบุ,ท่ามะกา,กาญจนบุรี,,,V892,ไม่ระบุพาหนะ
3677,2026,63.0,ชาย,ไม่ระบุ,พระนครศรีอยุธยา,พระนครศรีอยุธยา,30/1/2026,ไม่ระบุ,พระนครศรีอยุธยา,พระนครศรีอยุธยา,,,V299,รถจักรยานยนต์
3678,2026,62.0,ชาย,ไม่ระบุ,เมืองปราจีนบุรี,ปราจีนบุรี,8/2/2026,ไม่ระบุ,เมืองปราจีนบุรี,ปราจีนบุรี,,,V892,ไม่ระบุพาหนะ
3679,2026,48.0,ชาย,ไม่ระบุ,เมืองสุรินทร์,สุรินทร์,4/2/2026,ไม่ระบุ,เมืองสุรินทร์,สุรินทร์,,,V892,ไม่ระบุพาหนะ
3680,2026,61.0,หญิง,ไม่ระบุ,เมืองพิจิตร,พิจิตร,6/2/2026,ไม่ระบุ,เมืองพิจิตร,พิจิตร,,,V892,ไม่ระบุพาหนะ
3681,2026,40.0,หญิง,ไม่ระบุ,ลำลูกกา,ปทุมธานี,10/3/2026,ไม่ระบุ,ลำลูกกา,ปทุมธานี,,,V892,ไม่ระบุพาหนะ
3682,2026,69.0,หญิง,ไม่ระบุ,พิมาย,นครราชสีมา,17/3/2026,ไม่ระบุ,พิมาย,นครราชสีมา,,,V892,ไม่ระบุพาหนะ
3683,2026,63.0,ชาย,ไม่ระบุ,เขตบางแค,กรุงเทพมหานคร,21/1/2026,ไม่ระบุ,เขตบางแค,กรุงเทพมหานคร,,,V892,ไม่ระบุพาหนะ
3684,2026,13.0,ชาย,ไม่ระบุ,เมืองระยอง,ระยอง,29/1/2026,ไม่ระบุ,เมืองระยอง,ระยอง,,,V892,ไม่ระบุพาหนะ
3685,2026,27.0,ชาย,ไม่ระบุ,เมืองกาญจนบุรี,กาญจนบุรี,25/1/2026,ไม่ระบุ,เมืองกาญจนบุรี,กาญจนบุรี,,,V892,ไม่ระบุพาหนะ
3686,2026,47.0,ชาย,ไม่ระบุ,เมืองกาฬสินธุ์,กาฬสินธุ์,14/2/2026,ไม่ระบุ,เมืองกาฬสินธุ์,กาฬสินธุ์,,,V892,ไม่ระบุพาหนะ
3687,2026,42.0,ชาย,ไม่ระบุ,สูงเนิน,นครราชสีมา,24/3/2026,ไม่ระบุ,สูงเนิน,นครราชสีมา,,,V892,ไม่ระบุพาหนะ
3688,2026,17.0,หญิง,ไม่ระบุ,ปากชม,เลย,8/3/2026,ไม่ระบุ,ปากชม,เลย,,,V299,รถจักรยานยนต์
3689,2026,63.0,ชาย,ไม่ระบุ,ทุ่งสง,นครศรีธรรมราช,29/3/2026,ไม่ระบุ,ทุ่งสง,นครศรีธรรมราช,,,V299,รถจักรยานยนต์
3690,2026,43.0,ชาย,ไม่ระบุ,แกลง,ระยอง,22/1/2026,ไม่ระบุ,แกลง,ระยอง,,,V892,ไม่ระบุพาหนะ
3691,2026,41.0,ชาย,ไม่ระบุ,เมืองอุบลราชธานี,อุบลราชธานี,4/1/2026,ไม่ระบุ,เมืองอุบลราชธานี,อุบลราชธานี,,,V892,ไม่ระบุพาหนะ
3692,2026,65.0,ชาย,ไม่ระบุ,เมืองลำพูน,ลำพูน,28/2/2026,ไม่ระบุ,เมืองลำพูน,ลำพูน,,,V892,ไม่ระบุพาหนะ
3693,2026,32.0,ชาย,ไม่ระบุ,เมืองพิจิตร,พิจิตร,13/2/2026,ไม่ระบุ,เมืองพิจิตร,พิจิตร,,,V892,ไม่ระบุพาหนะ
3694,2026,43.0,ชาย,ไม่ระบุ,ปากช่อง,นครราชสีมา,1/3/2026,ไม่ระบุ,ปากช่อง,นครราชสีมา,,,V892,ไม่ระบุพาหนะ
3695,2026,22.0,ชาย,ไม่ระบุ,เขตสายไหม,กรุงเทพมหานคร,1/1/2026,ไม่ระบุ,เขตสายไหม,กรุงเทพมหานคร,,,V294,รถจักรยานยนต์
3696,2026,67.0,ชาย,ไม่ระบุ,เมืองระยอง,ระยอง,24/1/2026,ไม่ระบุ,เมืองระยอง,ระยอง,,,V892,ไม่ระบุพาหนะ
3697,2026,25.0,หญิง,ไม่ระบุ,เมืองลำพูน,ลำพูน,13/1/2026,ไม่ระบุ,เมืองลำพูน,ลำพูน,,,V892,ไม่ระบุพาหนะ
3698,2026,35.0,ชาย,ไม่ระบุ,เมืองปราจีนบุรี,ปราจีนบุรี,31/1/2026,ไม่ระบุ,เมืองปราจีนบุรี,ปราจีนบุรี,,,V892,ไม่ระบุพาหนะ
3699,2026,74.0,ชาย,ไม่ระบุ,สรรคบุรี,ชัยนาท,24/2/2026,ไม่ระบุ,สรรคบุรี,ชัยนาท,,,V892,ไม่ระบุพาหนะ
3700,2026,13.0,ชาย,ไม่ระบุ,เมืองกาฬสินธุ์,กาฬสินธุ์,7/2/2026,ไม่ระบุ,เมืองกาฬสินธุ์,กาฬสินธุ์,,,V204,รถจักรยานยนต์
3701,2026,34.0,ชาย,ไม่ระบุ,เมืองปทุมธานี,ปทุมธานี,25/3/2026,ไม่ระบุ,เมืองปทุมธานี,ปทุมธานี,,,V892,ไม่ระบุพาหนะ
3702,2026,37.0,หญิง,ไม่ระบุ,ปากช่อง,นครราชสีมา,11/3/2026,ไม่ระบุ,ปากช่อง,นครราชสีมา,,,V892,ไม่ระบุพาหนะ
3703,2026,63.0,ชาย,ไม่ระบุ,เมืองเลย,เลย,24/3/2026,ไม่ระบุ,เมืองเลย,เลย,,,V892,ไม่ระบุพาหนะ
3704,2026,82.0,หญิง,ไม่ระบุ,นาบอน,นครศรีธรรมราช,2/3/2026,ไม่ระบุ,นาบอน,นครศรีธรรมราช,,,V892,ไม่ระบุพาหนะ
3705,2026,38.0,ชาย,ไม่ระบุ,เขตสายไหม,กรุงเทพมหานคร,7/1/2026,ไม่ระบุ,เขตสายไหม,กรุงเทพมหานคร,,,V892,ไม่ระบุพาหนะ
3706,2026,34.0,หญิง,ไม่ระบุ,เมืองระยอง,ระยอง,16/1/2026,ไม่ระบุ,เมืองระยอง,ระยอง,,,V892,ไม่ระบุพาหนะ
3707,2026,66.0,ชาย,ไม่ระบุ,เมืองอุบลราชธานี,อุบลราชธานี,4/1/2026,ไม่ระบุ,เมืองอุบลราชธานี,อุบลราชธานี,,,V284,รถจักรยานยนต์
3708,2026,68.0,ชาย,ไม่ระบุ,บ้านธิ,ลำพูน,9/1/2026,ไม่ระบุ,บ้านธิ,ลำพูน,,,V892,ไม่ระบุพาหนะ
3709,2026,57.0,ชาย,ไม่ระบุ,หันคา,ชัยนาท,31/1/2026,ไม่ระบุ,หันคา,ชัยนาท,,,V892,ไม่ระบุพาหนะ
3710,2026,33.0,ชาย,ไม่ระบุ,เมืองชัยนาท,ชัยนาท,24/2/2026,ไม่ระบุ,เมืองชัยนาท,ชัยนาท,,,V892,ไม่ระบุพาหนะ
3711,2026,18.0,ชาย,ไม่ระบุ,กิ่งอำเภอนิคมพัฒนา,ระยอง,14/2/2026,ไม่ระบุ,กิ่งอำเภอนิคมพัฒนา,ระยอง,,,V892,ไม่ระบุพาหนะ
3712,2026,37.0,หญิง,ไม่ระบุ,ปากช่อง,นครราชสีมา,19/3/2026,ไม่ระบุ,ปากช่อง,นครราชสีมา,,,V892,ไม่ระบุพาหนะ
3713,2026,70.0,หญิง,ไม่ระบุ,เมืองนครศรีธรรมราช,นครศรีธรรมราช,17/3/2026,ไม่ระบุ,เมืองนครศรีธรรมราช,นครศรีธรรมราช,,,V892,ไม่ระบุพาหนะ
3714,2026,60.0,ชาย,ไม่ระบุ,เขตสายไหม,กรุงเทพมหานคร,4/1/2026,ไม่ระบุ,เขตสายไหม,กรุงเทพมหานคร,,,V294,รถจักรยานยนต์
3715,2026,49.0,ชาย,ไม่ระบุ,เมืองกาญจนบุรี,กาญจนบุรี,12/1/2026,ไม่ระบุ,เมืองกาญจนบุรี,กาญจนบุรี,,,V892,ไม่ระบุพาหนะ
3716,2026,44.0,ชาย,ไม่ระบุ,เมืองชัยนาท,ชัยนาท,7/2/2026,ไม่ระบุ,เมืองชัยนาท,ชัยนาท,,,V892,ไม่ระบุพาหนะ
3717,2026,37.0,ชาย,ไม่ระบุ,เมืองกาฬสินธุ์,กาฬสินธุ์,6/2/2026,ไม่ระบุ,เมืองกาฬสินธุ์,กาฬสินธุ์,,,V284,รถจักรยานยนต์
3718,2026,71.0,ชาย,ไม่ระบุ,โพนพิสัย,หนองคาย,1/3/2026,ไม่ระบุ,โพนพิสัย,หนองคาย,,,V892,ไม่ระบุพาหนะ
3719,2026,32.0,ชาย,ไม่ระบุ,เมืองระยอง,ระยอง,26/1/2026,ไม่ระบุ,เมืองระยอง,ระยอง,,,V892,ไม่ระบุพาหนะ
3720,2026,25.0,ชาย,ไม่ระบุ,เมืองอุบลราชธานี,อุบลราชธานี,7/1/2026,ไม่ระบุ,เมืองอุบลราชธานี,อุบลราชธานี,,,V299,รถจักรยานยนต์
3721,2026,76.0,ชาย,ไม่ระบุ,เมืองสุพรรณบุรี,สุพรรณบุรี,21/1/2026,ไม่ระบุ,เมืองสุพรรณบุรี,สุพรรณบุรี,,,V892,ไม่ระบุพาหนะ
3722,2026,38.0,ชาย,ไม่ระบุ,พานทอง,ชลบุรี,31/1/2026,ไม่ระบุ,พานทอง,ชลบุรี,,,V579,รถบรรทุกขนาดเล็ก/รถตู้
3723,2026,42.0,หญิง,ไม่ระบุ,เมืองชัยนาท,ชัยนาท,4/2/2026,ไม่ระบุ,เมืองชัยนาท,ชัยนาท,,,V892,ไม่ระบุพาหนะ
3724,2026,1.0,ชาย,ไม่ระบุ,หล่มเก่า,เพชรบูรณ์,18/2/2026,ไม่ระบุ,หล่มเก่า,เพชรบูรณ์,,,V892,ไม่ระบุพาหนะ
3725,2026,58.0,ชาย,ไม่ระบุ,พระพรหม,นครศรีธรรมราช,5/3/2026,ไม่ระบุ,พระพรหม,นครศรีธรรมราช,,,V299,รถจักรยานยนต์
3726,2026,66.0,หญิง,ไม่ระบุ,เขตสายไหม,กรุงเทพมหานคร,15/1/2026,ไม่ระบุ,เขตสายไหม,กรุงเทพมหานคร,,,V892,ไม่ระบุพาหนะ
3727,2026,11.0,ชาย,ไม่ระบุ,เมืองระยอง,ระยอง,25/1/2026,ไม่ระบุ,เมืองระยอง,ระยอง,,,V892,ไม่ระบุพาหนะ
3728,2026,67.0,ชาย,ไม่ระบุ,เมืองอุบลราชธานี,อุบลราชธานี,4/1/2026,ไม่ระบุ,เมืองอุบลราชธานี,อุบลราชธานี,,,V892,ไม่ระบุพาหนะ
3729,2026,58.0,ชาย,ไม่ระบุ,สัตหีบ,ชลบุรี,29/1/2026,ไม่ระบุ,สัตหีบ,ชลบุรี,,,V892,ไม่ระบุพาหนะ
3730,2026,57.0,ชาย,ไม่ระบุ,นาโยง,ตรัง,16/2/2026,ไม่ระบุ,นาโยง,ตรัง,,,V485,รถยนต์
3731,2026,69.0,ชาย,ไม่ระบุ,กิ่งอำเภอช้างกลาง,นครศรีธรรมราช,8/3/2026,ไม่ระบุ,กิ่งอำเภอช้างกลาง,นครศรีธรรมราช,,,V892,ไม่ระบุพาหนะ
3732,2026,57.0,ชาย,ไม่ระบุ,เขตสายไหม,กรุงเทพมหานคร,27/1/2026,ไม่ระบุ,เขตสายไหม,กรุงเทพมหานคร,,,V294,รถจักรยานยนต์
3733,2026,64.0,ชาย,ไม่ระบุ,เมืองระยอง,ระยอง,5/1/2026,ไม่ระบุ,เมืองระยอง,ระยอง,,,V892,ไม่ระบุพาหนะ
3734,2026,34.0,ชาย,ไม่ระบุ,เมืองสุพรรณบุรี,สุพรรณบุรี,25/1/2026,ไม่ระบุ,เมืองสุพรรณบุรี,สุพรรณบุรี,,,V892,ไม่ระบุพาหนะ
3735,2026,52.0,ชาย,ไม่ระบุ,เมืองระยอง,ระยอง,31/1/2026,ไม่ระบุ,เมืองระยอง,ระยอง,,,V892,ไม่ระบุพาหนะ
3736,2026,40.0,ชาย,ไม่ระบุ,แก่งคอย,สระบุรี,20/2/2026,ไม่ระบุ,แก่งคอย,สระบุรี,,,V892,ไม่ระบุพาหนะ
3737,2026,20.0,ชาย,ไม่ระบุ,เมืองระยอง,ระยอง,1/1/2026,ไม่ระบุ,เมืองระยอง,ระยอง,,,V892,ไม่ระบุพาหนะ
3738,2026,65.0,ชาย,ไม่ระบุ,เมืองยโสธร,ยโสธร,26/1/2026,ไม่ระบุ,เมืองยโสธร,ยโสธร,,,V892,ไม่ระบุพาหนะ
3739,2026,67.0,ชาย,ไม่ระบุ,เดิมบางนางบวช,สุพรรณบุรี,13/1/2026,ไม่ระบุ,เดิมบางนางบวช,สุพรรณบุรี,,,V892,ไม่ระบุพาหนะ
3740,2026,14.0,หญิง,ไม่ระบุ,สอยดาว,จันทบุรี,31/1/2026,ไม่ระบุ,สอยดาว,จันทบุรี,,,V892,ไม่ระบุพาหนะ
3741,2026,29.0,ชาย,ไม่ระบุ,วาริชภูมิ,สกลนคร,22/2/2026,ไม่ระบุ,วาริชภูมิ,สกลนคร,,,V892,ไม่ระบุพาหนะ
3742,2026,66.0,ชาย,ไม่ระบุ,น้ำหนาว,เพชรบูรณ์,3/2/2026,ไม่ระบุ,น้ำหนาว,เพชรบูรณ์,,,V892,ไม่ระบุพาหนะ
3743,2026,83.0,ชาย,ไม่ระบุ,ธัญบุรี,ปทุมธานี,25/3/2026,ไม่ระบุ,ธัญบุรี,ปทุมธานี,,,V892,ไม่ระบุพาหนะ
3744,2026,15.0,ชาย,ไม่ระบุ,เมืองหนองคาย,หนองคาย,12/3/2026,ไม่ระบุ,เมืองหนองคาย,หนองคาย,,,V892,ไม่ระบุพาหนะ
3745,2026,73.0,หญิง,ไม่ระบุ,พรหมคีรี,นครศรีธรรมราช,5/3/2026,ไม่ระบุ,พรหมคีรี,นครศรีธรรมราช,,,V892,ไม่ระบุพาหนะ
3746,2026,76.0,ชาย,ไม่ระบุ,เมืองระยอง,ระยอง,1/1/2026,ไม่ระบุ,เมืองระยอง,ระยอง,,,V892,ไม่ระบุพาหนะ
3747,2026,63.0,ชาย,ไม่ระบุ,เมืองยโสธร,ยโสธร,19/1/2026,ไม่ระบุ,เมืองยโสธร,ยโสธร,,,V892,ไม่ระบุพาหนะ
3748,2026,32.0,ชาย,ไม่ระบุ,เมืองจันทบุรี,จันทบุรี,31/1/2026,ไม่ระบุ,เมืองจันทบุรี,จันทบุรี,,,V892,ไม่ระบุพาหนะ
3749,2026,18.0,หญิง,ไม่ระบุ,วานรนิวาส,สกลนคร,21/2/2026,ไม่ระบุ,วานรนิวาส,สกลนคร,,,V299,รถจักรยานยนต์
3750,2026,61.0,ชาย,ไม่ระบุ,เมืองเพชรบูรณ์,เพชรบูรณ์,1/2/2026,ไม่ระบุ,เมืองเพชรบูรณ์,เพชรบูรณ์,,,V892,ไม่ระบุพาหนะ
3751,2026,75.0,ชาย,ไม่ระบุ,ธัญบุรี,ปทุมธานี,12/3/2026,ไม่ระบุ,ธัญบุรี,ปทุมธานี,,,V892,ไม่ระบุพาหนะ
3752,2026,12.0,ชาย,ไม่ระบุ,เมืองนครศรีธรรมราช,นครศรีธรรมราช,25/3/2026,ไม่ระบุ,เมืองนครศรีธรรมราช,นครศรีธรรมราช,,,V892,ไม่ระบุพาหนะ
3753,2026,31.0,ชาย,ไม่ระบุ,เมืองนนทบุรี,นนทบุรี,6/1/2026,ไม่ระบุ,เมืองนนทบุรี,นนทบุรี,,,V892,ไม่ระบุพาหนะ
3754,2026,44.0,ชาย,ไม่ระบุ,เมืองระยอง,ระยอง,11/1/2026,ไม่ระบุ,เมืองระยอง,ระยอง,,,V892,ไม่ระบุพาหนะ
3755,2026,65.0,ชาย,ไม่ระบุ,ห้างฉัตร,ลำปาง,8/1/2026,ไม่ระบุ,ห้างฉัตร,ลำปาง,,,V892,ไม่ระบุพาหนะ
3756,2026,73.0,ชาย,ไม่ระบุ,สองพี่น้อง,สุพรรณบุรี,29/1/2026,ไม่ระบุ,สองพี่น้อง,สุพรรณบุรี,,,V499,รถยนต์
3757,2026,39.0,ชาย,ไม่ระบุ,เมืองระนอง,ระนอง,28/1/2026,ไม่ระบุ,เมืองระนอง,ระนอง,,,V892,ไม่ระบุพาหนะ
3758,2026,63.0,ชาย,ไม่ระบุ,เมืองเพชรบูรณ์,เพชรบูรณ์,2/2/2026,ไม่ระบุ,เมืองเพชรบูรณ์,เพชรบูรณ์,,,V892,ไม่ระบุพาหนะ
3759,2026,59.0,ชาย,ไม่ระบุ,คลองหลวง,ปทุมธานี,9/3/2026,ไม่ระบุ,คลองหลวง,ปทุมธานี,,,V892,ไม่ระบุพาหนะ
3760,2026,69.0,ชาย,ไม่ระบุ,ลาดยาว,นครสวรรค์,16/3/2026,ไม่ระบุ,ลาดยาว,นครสวรรค์,,,V892,ไม่ระบุพาหนะ
3761,2026,74.0,ชาย,ไม่ระบุ,เมืองนครศรีธรรมราช,นครศรีธรรมราช,20/3/2026,ไม่ระบุ,เมืองนครศรีธรรมราช,นครศรีธรรมราช,,,V892,ไม่ระบุพาหนะ
3762,2026,54.0,ชาย,ไม่ระบุ,ห้างฉัตร,ลำปาง,18/1/2026,ไม่ระบุ,ห้างฉัตร,ลำปาง,,,V892,ไม่ระบุพาหนะ
3763,2026,57.0,ชาย,ไม่ระบุ,เมืองสระแก้ว,สระแก้ว,6/2/2026,ไม่ระบุ,เมืองสระแก้ว,สระแก้ว,,,V892,ไม่ระบุพาหนะ
3764,2026,63.0,ชาย,ไม่ระบุ,ศีขรภูมิ,สุรินทร์,19/2/2026,ไม่ระบุ,ศีขรภูมิ,สุรินทร์,,,V892,ไม่ระบุพาหนะ
3765,2026,50.0,ชาย,ไม่ระบุ,โกสุมพิสัย,มหาสารคาม,14/3/2026,ไม่ระบุ,โกสุมพิสัย,มหาสารคาม,,,V294,รถจักรยานยนต์
3766,2026,14.0,ชาย,ไม่ระบุ,เมืองนครศรีธรรมราช,นครศรีธรรมราช,22/3/2026,ไม่ระบุ,เมืองนครศรีธรรมราช,นครศรีธรรมราช,,,V892,ไม่ระบุพาหนะ
3767,2026,41.0,ชาย,ไม่ระบุ,เขตคลองสามวา,กรุงเทพมหานคร,29/1/2026,ไม่ระบุ,เขตคลองสามวา,กรุงเทพมหานคร,,,V892,ไม่ระบุพาหนะ
3768,2026,62.0,หญิง,ไม่ระบุ,เมืองระยอง,ระยอง,10/1/2026,ไม่ระบุ,เมืองระยอง,ระยอง,,,V892,ไม่ระบุพาหนะ
3769,2026,39.0,หญิง,ไม่ระบุ,เมืองสุพรรณบุรี,สุพรรณบุรี,22/1/2026,ไม่ระบุ,เมืองสุพรรณบุรี,สุพรรณบุรี,,,V239,รถจักรยานยนต์
3770,2026,21.0,ชาย,ไม่ระบุ,คลองหาด,สระแก้ว,14/2/2026,ไม่ระบุ,คลองหาด,สระแก้ว,,,V299,รถจักรยานยนต์
3771,2026,54.0,หญิง,ไม่ระบุ,บึงสามพัน,เพชรบูรณ์,1/2/2026,ไม่ระบุ,บึงสามพัน,เพชรบูรณ์,,,V299,รถจักรยานยนต์
3772,2026,30.0,หญิง,ไม่ระบุ,คลองหลวง,ปทุมธานี,10/3/2026,ไม่ระบุ,คลองหลวง,ปทุมธานี,,,V892,ไม่ระบุพาหนะ
3773,2026,16.0,ชาย,ไม่ระบุ,สูงเนิน,นครราชสีมา,4/3/2026,ไม่ระบุ,สูงเนิน,นครราชสีมา,,,V892,ไม่ระบุพาหนะ
3774,2026,59.0,ชาย,ไม่ระบุ,เมืองนครศรีธรรมราช,นครศรีธรรมราช,9/3/2026,ไม่ระบุ,เมืองนครศรีธรรมราช,นครศรีธรรมราช,,,V892,ไม่ระบุพาหนะ
3775,2026,83.0,ชาย,ไม่ระบุ,เมืองสมุทรปราการ,สมุทรปราการ,16/1/2026,ไม่ระบุ,เมืองสมุทรปราการ,สมุทรปราการ,,,V892,ไม่ระบุพาหนะ
3776,2026,60.0,หญิง,ไม่ระบุ,เมืองระยอง,ระยอง,12/1/2026,ไม่ระบุ,เมืองระยอง,ระยอง,,,V892,ไม่ระบุพาหนะ
3777,2026,78.0,ชาย,ไม่ระบุ,เมืองยโสธร,ยโสธร,11/1/2026,ไม่ระบุ,เมืองยโสธร,ยโสธร,,,V892,ไม่ระบุพาหนะ
3778,2026,56.0,หญิง,ไม่ระบุ,บางปลาม้า,สุพรรณบุรี,13/1/2026,ไม่ระบุ,บางปลาม้า,สุพรรณบุรี,,,V892,ไม่ระบุพาหนะ
3779,2026,75.0,ชาย,ไม่ระบุ,เมืองปัตตานี,ปัตตานี,30/1/2026,ไม่ระบุ,เมืองปัตตานี,ปัตตานี,,,V892,ไม่ระบุพาหนะ
3780,2026,55.0,ชาย,ไม่ระบุ,เสาไห้,สระบุรี,12/2/2026,ไม่ระบุ,เสาไห้,สระบุรี,,,V892,ไม่ระบุพาหนะ
3781,2026,36.0,ชาย,ไม่ระบุ,หนองไผ่,เพชรบูรณ์,9/2/2026,ไม่ระบุ,หนองไผ่,เพชรบูรณ์,,,V892,ไม่ระบุพาหนะ
3782,2026,55.0,ชาย,ไม่ระบุ,ตะโหมด,พัทลุง,16/2/2026,ไม่ระบุ,ตะโหมด,พัทลุง,,,V892,ไม่ระบุพาหนะ
3783,2026,74.0,ชาย,ไม่ระบุ,ด่านขุนทด,นครราชสีมา,12/3/2026,ไม่ระบุ,ด่านขุนทด,นครราชสีมา,,,V892,ไม่ระบุพาหนะ
3784,2026,19.0,หญิง,ไม่ระบุ,เมืองนครศรีธรรมราช,นครศรีธรรมราช,5/3/2026,ไม่ระบุ,เมืองนครศรีธรรมราช,นครศรีธรรมราช,,,V892,ไม่ระบุพาหนะ
3785,2026,31.0,ชาย,ไม่ระบุ,เมืองจันทบุรี,จันทบุรี,14/1/2026,ไม่ระบุ,เมืองจันทบุรี,จันทบุรี,,,V892,ไม่ระบุพาหนะ
3786,2026,26.0,ชาย,ไม่ระบุ,แม่เมาะ,ลำปาง,13/1/2026,ไม่ระบุ,แม่เมาะ,ลำปาง,,,V892,ไม่ระบุพาหนะ
3787,2026,52.0,ชาย,ไม่ระบุ,ด่านช้าง,สุพรรณบุรี,3/1/2026,ไม่ระบุ,ด่านช้าง,สุพรรณบุรี,,,V892,ไม่ระบุพาหนะ
3788,2026,69.0,ชาย,ไม่ระบุ,เสาไห้,สระบุรี,24/2/2026,ไม่ระบุ,เสาไห้,สระบุรี,,,V892,ไม่ระบุพาหนะ
3789,2026,32.0,ชาย,ไม่ระบุ,เมืองพัทลุง,พัทลุง,16/2/2026,ไม่ระบุ,เมืองพัทลุง,พัทลุง,,,V299,รถจักรยานยนต์
3790,2026,23.0,ชาย,ไม่ระบุ,บรบือ,มหาสารคาม,29/3/2026,ไม่ระบุ,บรบือ,มหาสารคาม,,,V892,ไม่ระบุพาหนะ
3791,2026,24.0,หญิง,ไม่ระบุ,บางปะกง,ฉะเชิงเทรา,27/3/2026,ไม่ระบุ,บางปะกง,ฉะเชิงเทรา,,,V892,ไม่ระบุพาหนะ
3792,2026,60.0,หญิง,ไม่ระบุ,เมืองนครศรีธรรมราช,นครศรีธรรมราช,11/3/2026,ไม่ระบุ,เมืองนครศรีธรรมราช,นครศรีธรรมราช,,,V892,ไม่ระบุพาหนะ
3793,2026,23.0,ชาย,ไม่ระบุ,ขลุง,จันทบุรี,21/1/2026,ไม่ระบุ,ขลุง,จันทบุรี,,,V892,ไม่ระบุพาหนะ
3794,2026,33.0,ชาย,ไม่ระบุ,แม่เมาะ,ลำปาง,11/1/2026,ไม่ระบุ,แม่เมาะ,ลำปาง,,,V892,ไม่ระบุพาหนะ
3795,2026,63.0,ชาย,ไม่ระบุ,ด่านช้าง,สุพรรณบุรี,2/1/2026,ไม่ระบุ,ด่านช้าง,สุพรรณบุรี,,,V892,ไม่ระบุพาหนะ
3796,2026,60.0,ชาย,ไม่ระบุ,เมืองนครราชสีมา,นครราชสีมา,30/1/2026,ไม่ระบุ,เมืองนครราชสีมา,นครราชสีมา,,,V299,รถจักรยานยนต์
3797,2026,61.0,ชาย,ไม่ระบุ,เจริญศิลป์,สกลนคร,15/2/2026,ไม่ระบุ,เจริญศิลป์,สกลนคร,,,V289,รถจักรยานยนต์
3798,2026,36.0,หญิง,ไม่ระบุ,หนองไผ่,เพชรบูรณ์,3/2/2026,ไม่ระบุ,หนองไผ่,เพชรบูรณ์,,,V892,ไม่ระบุพาหนะ
3799,2026,79.0,หญิง,ไม่ระบุ,เมืองพัทลุง,พัทลุง,21/2/2026,ไม่ระบุ,เมืองพัทลุง,พัทลุง,,,V239,รถจักรยานยนต์
3800,2026,29.0,ชาย,ไม่ระบุ,ธัญบุรี,ปทุมธานี,26/3/2026,ไม่ระบุ,ธัญบุรี,ปทุมธานี,,,V892,ไม่ระบุพาหนะ
3801,2026,70.0,ชาย,ไม่ระบุ,เมืองนครราชสีมา,นครราชสีมา,22/3/2026,ไม่ระบุ,เมืองนครราชสีมา,นครราชสีมา,,,V892,ไม่ระบุพาหนะ
3802,2026,39.0,ชาย,ไม่ระบุ,เมืองนครศรีธรรมราช,นครศรีธรรมราช,2/3/2026,ไม่ระบุ,เมืองนครศรีธรรมราช,นครศรีธรรมราช,,,V892,ไม่ระบุพาหนะ
3803,2026,57.0,ชาย,ไม่ระบุ,สอยดาว,จันทบุรี,16/1/2026,ไม่ระบุ,สอยดาว,จันทบุรี,,,V892,ไม่ระบุพาหนะ
3804,2026,43.0,ชาย,ไม่ระบุ,เมืองลำปาง,ลำปาง,11/1/2026,ไม่ระบุ,เมืองลำปาง,ลำปาง,,,V892,ไม่ระบุพาหนะ
3805,2026,64.0,ชาย,ไม่ระบุ,สองพี่น้อง,สุพรรณบุรี,14/1/2026,ไม่ระบุ,สองพี่น้อง,สุพรรณบุรี,,,V235,รถจักรยานยนต์
3806,2026,50.0,ชาย,ไม่ระบุ,เมืองนครราชสีมา,นครราชสีมา,29/1/2026,ไม่ระบุ,เมืองนครราชสีมา,นครราชสีมา,,,V892,ไม่ระบุพาหนะ
3807,2026,32.0,หญิง,ไม่ระบุ,เฉลิมพระเกียรติ,สระบุรี,1/2/2026,ไม่ระบุ,เฉลิมพระเกียรติ,สระบุรี,,,V892,ไม่ระบุพาหนะ
3808,2026,74.0,ชาย,ไม่ระบุ,เมืองสุพรรณบุรี,สุพรรณบุรี,26/1/2026,ไม่ระบุ,เมืองสุพรรณบุรี,สุพรรณบุรี,,,V892,ไม่ระบุพาหนะ
3809,2026,39.0,ชาย,ไม่ระบุ,หล่มสัก,เพชรบูรณ์,15/2/2026,ไม่ระบุ,หล่มสัก,เพชรบูรณ์,,,V892,ไม่ระบุพาหนะ
3810,2026,60.0,ชาย,ไม่ระบุ,ประโคนชัย,บุรีรัมย์,26/2/2026,ไม่ระบุ,ประโคนชัย,บุรีรัมย์,,,V849,ไม่ระบุพาหนะ
3811,2026,46.0,ชาย,ไม่ระบุ,เขตบางบอน,กรุงเทพมหานคร,1/1/2026,ไม่ระบุ,เขตบางบอน,กรุงเทพมหานคร,,,V892,ไม่ระบุพาหนะ
3812,2026,30.0,ชาย,ไม่ระบุ,นายายอาม,จันทบุรี,25/1/2026,ไม่ระบุ,นายายอาม,จันทบุรี,,,V892,ไม่ระบุพาหนะ
3813,2026,18.0,ชาย,ไม่ระบุ,เมืองสุพรรณบุรี,สุพรรณบุรี,13/1/2026,ไม่ระบุ,เมืองสุพรรณบุรี,สุพรรณบุรี,,,V892,ไม่ระบุพาหนะ
3814,2026,76.0,ชาย,ไม่ระบุ,เมืองปทุมธานี,ปทุมธานี,26/3/2026,ไม่ระบุ,เมืองปทุมธานี,ปทุมธานี,,,V892,ไม่ระบุพาหนะ
3815,2026,40.0,ชาย,ไม่ระบุ,เมืองนครราชสีมา,นครราชสีมา,30/3/2026,ไม่ระบุ,เมืองนครราชสีมา,นครราชสีมา,,,V892,ไม่ระบุพาหนะ
3816,2026,12.0,ชาย,ไม่ระบุ,เมืองอุทัยธานี,อุทัยธานี,21/3/2026,ไม่ระบุ,เมืองอุทัยธานี,อุทัยธานี,,,V892,ไม่ระบุพาหนะ
3817,2026,34.0,ชาย,ไม่ระบุ,เมืองกระบี่,กระบี่,19/3/2026,ไม่ระบุ,เมืองกระบี่,กระบี่,,,V892,ไม่ระบุพาหนะ
3818,2026,23.0,ชาย,ไม่ระบุ,เขตบางบอน,กรุงเทพมหานคร,3/1/2026,ไม่ระบุ,เขตบางบอน,กรุงเทพมหานคร,,,V892,ไม่ระบุพาหนะ
3819,2026,20.0,ชาย,ไม่ระบุ,กิ่งอำเภอเขาคิชฌกูฏ,จันทบุรี,10/1/2026,ไม่ระบุ,กิ่งอำเภอเขาคิชฌกูฏ,จันทบุรี,,,V892,ไม่ระบุพาหนะ
3820,2026,78.0,ชาย,ไม่ระบุ,เลิงนกทา,ยโสธร,22/1/2026,ไม่ระบุ,เลิงนกทา,ยโสธร,,,V284,รถจักรยานยนต์
3821,2026,53.0,หญิง,ไม่ระบุ,เมืองสุพรรณบุรี,สุพรรณบุรี,16/1/2026,ไม่ระบุ,เมืองสุพรรณบุรี,สุพรรณบุรี,,,V892,ไม่ระบุพาหนะ
3822,2026,50.0,ชาย,ไม่ระบุ,ปากช่อง,นครราชสีมา,30/1/2026,ไม่ระบุ,ปากช่อง,นครราชสีมา,,,V849,ไม่ระบุพาหนะ
3823,2026,47.0,ชาย,ไม่ระบุ,แก่งคอย,สระบุรี,24/2/2026,ไม่ระบุ,แก่งคอย,สระบุรี,,,V099,คนเดินเท้า
3824,2026,30.0,ชาย,ไม่ระบุ,พังโคน,สกลนคร,21/2/2026,ไม่ระบุ,พังโคน,สกลนคร,,,V475,รถยนต์
3825,2026,53.0,ชาย,ไม่ระบุ,ยะรัง,ปัตตานี,13/2/2026,ไม่ระบุ,ยะรัง,ปัตตานี,,,V099,คนเดินเท้า
3826,2026,69.0,หญิง,ไม่ระบุ,พระนครศรีอยุธยา,พระนครศรีอยุธยา,20/3/2026,ไม่ระบุ,พระนครศรีอยุธยา,พระนครศรีอยุธยา,,,V892,ไม่ระบุพาหนะ
3827,2026,43.0,หญิง,ไม่ระบุ,เมืองนครราชสีมา,นครราชสีมา,30/3/2026,ไม่ระบุ,เมืองนครราชสีมา,นครราชสีมา,,,V892,ไม่ระบุพาหนะ
3828,2026,45.0,หญิง,ไม่ระบุ,วาปีปทุม,มหาสารคาม,19/3/2026,ไม่ระบุ,วาปีปทุม,มหาสารคาม,,,V892,ไม่ระบุพาหนะ
3829,2026,12.0,หญิง,ไม่ระบุ,เมืองอุทัยธานี,อุทัยธานี,16/3/2026,ไม่ระบุ,เมืองอุทัยธานี,อุทัยธานี,,,V295,รถจักรยานยนต์
3830,2026,20.0,ชาย,ไม่ระบุ,เมืองกระบี่,กระบี่,12/3/2026,ไม่ระบุ,เมืองกระบี่,กระบี่,,,V892,ไม่ระบุพาหนะ
3831,2026,64.0,หญิง,ไม่ระบุ,เขตบางบอน,กรุงเทพมหานคร,8/1/2026,ไม่ระบุ,เขตบางบอน,กรุงเทพมหานคร,,,V892,ไม่ระบุพาหนะ
3832,2026,29.0,ชาย,ไม่ระบุ,เมืองลำปาง,ลำปาง,25/1/2026,ไม่ระบุ,เมืองลำปาง,ลำปาง,,,V892,ไม่ระบุพาหนะ
3833,2026,72.0,ชาย,ไม่ระบุ,เมืองสุพรรณบุรี,สุพรรณบุรี,25/1/2026,ไม่ระบุ,เมืองสุพรรณบุรี,สุพรรณบุรี,,,V892,ไม่ระบุพาหนะ
3834,2026,42.0,ชาย,ไม่ระบุ,เมืองสุรินทร์,สุรินทร์,10/2/2026,ไม่ระบุ,เมืองสุรินทร์,สุรินทร์,,,V892,ไม่ระบุพาหนะ
3835,2026,23.0,ชาย,ไม่ระบุ,เมืองเพชรบูรณ์,เพชรบูรณ์,25/2/2026,ไม่ระบุ,เมืองเพชรบูรณ์,เพชรบูรณ์,,,V892,ไม่ระบุพาหนะ
3836,2026,21.0,ชาย,ไม่ระบุ,เมืองนครราชสีมา,นครราชสีมา,27/3/2026,ไม่ระบุ,เมืองนครราชสีมา,นครราชสีมา,,,V892,ไม่ระบุพาหนะ
3837,2026,18.0,ชาย,ไม่ระบุ,กิ่งอำเภอกุดรัง,มหาสารคาม,30/3/2026,ไม่ระบุ,กิ่งอำเภอกุดรัง,มหาสารคาม,,,V892,ไม่ระบุพาหนะ
3838,2026,61.0,หญิง,ไม่ระบุ,เมืองอุทัยธานี,อุทัยธานี,2/3/2026,ไม่ระบุ,เมืองอุทัยธานี,อุทัยธานี,,,V892,ไม่ระบุพาหนะ
3839,2026,15.0,ชาย,ไม่ระบุ,เมืองกระบี่,กระบี่,28/3/2026,ไม่ระบุ,เมืองกระบี่,กระบี่,,,V892,ไม่ระบุพาหนะ
3840,2026,33.0,ชาย,ไม่ระบุ,เลิงนกทา,ยโสธร,9/1/2026,ไม่ระบุ,เลิงนกทา,ยโสธร,,,V299,รถจักรยานยนต์
3841,2026,51.0,ชาย,ไม่ระบุ,เมืองสระบุรี,สระบุรี,22/2/2026,ไม่ระบุ,เมืองสระบุรี,สระบุรี,,,V892,ไม่ระบุพาหนะ
3842,2026,23.0,หญิง,ไม่ระบุ,เมืองสุรินทร์,สุรินทร์,12/2/2026,ไม่ระบุ,เมืองสุรินทร์,สุรินทร์,,,V892,ไม่ระบุพาหนะ
3843,2026,13.0,หญิง,ไม่ระบุ,เมืองสกลนคร,สกลนคร,23/2/2026,ไม่ระบุ,เมืองสกลนคร,สกลนคร,,,V892,ไม่ระบุพาหนะ
3844,2026,71.0,ชาย,ไม่ระบุ,เมืองเพชรบูรณ์,เพชรบูรณ์,17/2/2026,ไม่ระบุ,เมืองเพชรบูรณ์,เพชรบูรณ์,,,V892,ไม่ระบุพาหนะ
3845,2026,63.0,หญิง,ไม่ระบุ,ภาชี,พระนครศรีอยุธยา,21/3/2026,ไม่ระบุ,ภาชี,พระนครศรีอยุธยา,,,V892,ไม่ระบุพาหนะ
3846,2026,26.0,ชาย,ไม่ระบุ,เมืองชลบุรี,ชลบุรี,29/1/2026,ไม่ระบุ,เมืองชลบุรี,ชลบุรี,,,V892,ไม่ระบุพาหนะ
3847,2026,48.0,ชาย,ไม่ระบุ,ขลุง,จันทบุรี,12/1/2026,ไม่ระบุ,ขลุง,จันทบุรี,,,V892,ไม่ระบุพาหนะ
3848,2026,32.0,ชาย,ไม่ระบุ,ค้อวัง,ยโสธร,8/1/2026,ไม่ระบุ,ค้อวัง,ยโสธร,,,V299,รถจักรยานยนต์
3849,2026,63.0,หญิง,ไม่ระบุ,เมืองลำปาง,ลำปาง,20/1/2026,ไม่ระบุ,เมืองลำปาง,ลำปาง,,,V892,ไม่ระบุพาหนะ
3850,2026,77.0,ชาย,ไม่ระบุ,เมืองสุพรรณบุรี,สุพรรณบุรี,5/1/2026,ไม่ระบุ,เมืองสุพรรณบุรี,สุพรรณบุรี,,,V892,ไม่ระบุพาหนะ
3851,2026,54.0,ชาย,ไม่ระบุ,กระสัง,บุรีรัมย์,31/1/2026,ไม่ระบุ,กระสัง,บุรีรัมย์,,,V099,คนเดินเท้า
3852,2026,44.0,ชาย,ไม่ระบุ,เมืองสระบุรี,สระบุรี,20/2/2026,ไม่ระบุ,เมืองสระบุรี,สระบุรี,,,V892,ไม่ระบุพาหนะ
3853,2026,74.0,ชาย,ไม่ระบุ,เมืองสุรินทร์,สุรินทร์,13/2/2026,ไม่ระบุ,เมืองสุรินทร์,สุรินทร์,,,V892,ไม่ระบุพาหนะ
3854,2026,60.0,ชาย,ไม่ระบุ,เมืองเพชรบูรณ์,เพชรบูรณ์,24/2/2026,ไม่ระบุ,เมืองเพชรบูรณ์,เพชรบูรณ์,,,V892,ไม่ระบุพาหนะ
3855,2026,58.0,หญิง,ไม่ระบุ,เมืองกระบี่,กระบี่,4/3/2026,ไม่ระบุ,เมืองกระบี่,กระบี่,,,V299,รถจักรยานยนต์
3856,2026,70.0,ชาย,ไม่ระบุ,เมืองนครนายก,นครนายก,16/1/2026,ไม่ระบุ,เมืองนครนายก,นครนายก,,,V892,ไม่ระบุพาหนะ
3857,2026,21.0,ชาย,ไม่ระบุ,เมืองจันทบุรี,จันทบุรี,29/1/2026,ไม่ระบุ,เมืองจันทบุรี,จันทบุรี,,,V892,ไม่ระบุพาหนะ
3858,2026,73.0,ชาย,ไม่ระบุ,คำเขื่อนแก้ว,ยโสธร,12/1/2026,ไม่ระบุ,คำเขื่อนแก้ว,ยโสธร,,,V892,ไม่ระบุพาหนะ
3859,2026,26.0,ชาย,ไม่ระบุ,เมืองสุพรรณบุรี,สุพรรณบุรี,6/1/2026,ไม่ระบุ,เมืองสุพรรณบุรี,สุพรรณบุรี,,,V892,ไม่ระบุพาหนะ
3860,2026,60.0,ชาย,ไม่ระบุ,พุทไธสง,บุรีรัมย์,28/1/2026,ไม่ระบุ,พุทไธสง,บุรีรัมย์,,,V892,ไม่ระบุพาหนะ
3861,2026,62.0,หญิง,ไม่ระบุ,เมืองสระบุรี,สระบุรี,25/2/2026,ไม่ระบุ,เมืองสระบุรี,สระบุรี,,,V892,ไม่ระบุพาหนะ
3862,2026,15.0,ชาย,ไม่ระบุ,เมืองนครราชสีมา,นครราชสีมา,22/3/2026,ไม่ระบุ,เมืองนครราชสีมา,นครราชสีมา,,,V299,รถจักรยานยนต์
3863,2026,60.0,ชาย,ไม่ระบุ,ตะกั่วทุ่ง,พังงา,4/3/2026,ไม่ระบุ,ตะกั่วทุ่ง,พังงา,,,V892,ไม่ระบุพาหนะ
3864,2026,80.0,ชาย,ไม่ระบุ,เมืองสระบุรี,สระบุรี,23/1/2026,ไม่ระบุ,เมืองสระบุรี,สระบุรี,,,V892,ไม่ระบุพาหนะ
3865,2026,18.0,ชาย,ไม่ระบุ,คำเขื่อนแก้ว,ยโสธร,28/1/2026,ไม่ระบุ,คำเขื่อนแก้ว,ยโสธร,,,V892,ไม่ระบุพาหนะ
3866,2026,54.0,ชาย,ไม่ระบุ,เมืองลำปาง,ลำปาง,13/1/2026,ไม่ระบุ,เมืองลำปาง,ลำปาง,,,V892,ไม่ระบุพาหนะ
3867,2026,11.0,ชาย,ไม่ระบุ,เมืองสุพรรณบุรี,สุพรรณบุรี,4/1/2026,ไม่ระบุ,เมืองสุพรรณบุรี,สุพรรณบุรี,,,V892,ไม่ระบุพาหนะ
3868,2026,26.0,ชาย,ไม่ระบุ,เมืองสกลนคร,สกลนคร,15/2/2026,ไม่ระบุ,เมืองสกลนคร,สกลนคร,,,V892,ไม่ระบุพาหนะ
3869,2026,67.0,หญิง,ไม่ระบุ,เมืองจันทบุรี,จันทบุรี,14/1/2026,ไม่ระบุ,เมืองจันทบุรี,จันทบุรี,,,V892,ไม่ระบุพาหนะ
3870,2026,20.0,ชาย,ไม่ระบุ,เมืองสุพรรณบุรี,สุพรรณบุรี,14/1/2026,ไม่ระบุ,เมืองสุพรรณบุรี,สุพรรณบุรี,,,V892,ไม่ระบุพาหนะ
3871,2026,60.0,ชาย,ไม่ระบุ,เมืองสระบุรี,สระบุรี,14/2/2026,ไม่ระบุ,เมืองสระบุรี,สระบุรี,,,V892,ไม่ระบุพาหนะ
3872,2026,60.0,ชาย,ไม่ระบุ,เมืองปทุมธานี,ปทุมธานี,28/2/2026,ไม่ระบุ,เมืองปทุมธานี,ปทุมธานี,,,V892,ไม่ระบุพาหนะ
3873,2026,15.0,ชาย,ไม่ระบุ,เมืองสกลนคร,สกลนคร,18/2/2026,ไม่ระบุ,เมืองสกลนคร,สกลนคร,,,V892,ไม่ระบุพาหนะ
3874,2026,13.0,ชาย,ไม่ระบุ,จอมบึง,ราชบุรี,6/2/2026,ไม่ระบุ,จอมบึง,ราชบุรี,,,V892,ไม่ระบุพาหนะ
3875,2026,49.0,หญิง,ไม่ระบุ,อุทัย,พระนครศรีอยุธยา,14/3/2026,ไม่ระบุ,อุทัย,พระนครศรีอยุธยา,,,V892,ไม่ระบุพาหนะ
3876,2026,20.0,ชาย,ไม่ระบุ,เมืองมหาสารคาม,มหาสารคาม,28/3/2026,ไม่ระบุ,เมืองมหาสารคาม,มหาสารคาม,,,V892,ไม่ระบุพาหนะ
3877,2026,51.0,ชาย,ไม่ระบุ,ตะกั่วป่า,พังงา,16/3/2026,ไม่ระบุ,ตะกั่วป่า,พังงา,,,V249,รถจักรยานยนต์
3878,2026,59.0,ชาย,ไม่ระบุ,เมืองจันทบุรี,จันทบุรี,20/1/2026,ไม่ระบุ,เมืองจันทบุรี,จันทบุรี,,,V892,ไม่ระบุพาหนะ
3879,2026,35.0,ชาย,ไม่ระบุ,เมืองชัยภูมิ,ชัยภูมิ,14/1/2026,ไม่ระบุ,เมืองชัยภูมิ,ชัยภูมิ,,,V892,ไม่ระบุพาหนะ
3880,2026,72.0,หญิง,ไม่ระบุ,เมืองลำปาง,ลำปาง,3/1/2026,ไม่ระบุ,เมืองลำปาง,ลำปาง,,,V892,ไม่ระบุพาหนะ
3881,2026,19.0,ชาย,ไม่ระบุ,เมืองนครปฐม,นครปฐม,15/1/2026,ไม่ระบุ,เมืองนครปฐม,นครปฐม,,,V892,ไม่ระบุพาหนะ
3882,2026,18.0,ชาย,ไม่ระบุ,ขุขันธ์,ศรีสะเกษ,18/2/2026,ไม่ระบุ,ขุขันธ์,ศรีสะเกษ,,,V892,ไม่ระบุพาหนะ
3883,2026,19.0,ชาย,ไม่ระบุ,เมืองสกลนคร,สกลนคร,9/2/2026,ไม่ระบุ,เมืองสกลนคร,สกลนคร,,,V892,ไม่ระบุพาหนะ
3884,2026,16.0,หญิง,ไม่ระบุ,เมืองนครราชสีมา,นครราชสีมา,18/3/2026,ไม่ระบุ,เมืองนครราชสีมา,นครราชสีมา,,,V892,ไม่ระบุพาหนะ
3885,2026,47.0,ชาย,ไม่ระบุ,เมืองมหาสารคาม,มหาสารคาม,13/3/2026,ไม่ระบุ,เมืองมหาสารคาม,มหาสารคาม,,,V299,รถจักรยานยนต์
3886,2026,77.0,หญิง,ไม่ระบุ,เมืองจันทบุรี,จันทบุรี,19/1/2026,ไม่ระบุ,เมืองจันทบุรี,จันทบุรี,,,V892,ไม่ระบุพาหนะ
3887,2026,64.0,ชาย,ไม่ระบุ,เมืองลำปาง,ลำปาง,3/1/2026,ไม่ระบุ,เมืองลำปาง,ลำปาง,,,V892,ไม่ระบุพาหนะ
3888,2026,62.0,ชาย,ไม่ระบุ,เมืองสระบุรี,สระบุรี,5/2/2026,ไม่ระบุ,เมืองสระบุรี,สระบุรี,,,V892,ไม่ระบุพาหนะ
3889,2026,27.0,ชาย,ไม่ระบุ,เมืองสกลนคร,สกลนคร,10/2/2026,ไม่ระบุ,เมืองสกลนคร,สกลนคร,,,V892,ไม่ระบุพาหนะ
3890,2026,25.0,ชาย,ไม่ระบุ,สวนผึ้ง,ราชบุรี,17/2/2026,ไม่ระบุ,สวนผึ้ง,ราชบุรี,,,V892,ไม่ระบุพาหนะ
3891,2026,40.0,หญิง,ไม่ระบุ,บ้านกรวด,บุรีรัมย์,28/2/2026,ไม่ระบุ,บ้านกรวด,บุรีรัมย์,,,V499,รถยนต์
3892,2026,24.0,ชาย,ไม่ระบุ,ลาดบัวหลวง,พระนครศรีอยุธยา,9/3/2026,ไม่ระบุ,ลาดบัวหลวง,พระนครศรีอยุธยา,,,V892,ไม่ระบุพาหนะ
3893,2026,47.0,ชาย,ไม่ระบุ,เมืองมหาสารคาม,มหาสารคาม,19/3/2026,ไม่ระบุ,เมืองมหาสารคาม,มหาสารคาม,,,V892,ไม่ระบุพาหนะ
3894,2026,16.0,ชาย,ไม่ระบุ,กิ่งอำเภอโกสัมพีนคร,กำแพงเพชร,19/3/2026,ไม่ระบุ,กิ่งอำเภอโกสัมพีนคร,กำแพงเพชร,,,V892,ไม่ระบุพาหนะ
3895,2026,23.0,หญิง,ไม่ระบุ,นครชัยศรี,นครปฐม,17/1/2026,ไม่ระบุ,นครชัยศรี,นครปฐม,,,V892,ไม่ระบุพาหนะ
3896,2026,15.0,หญิง,ไม่ระบุ,เมืองสระบุรี,สระบุรี,12/2/2026,ไม่ระบุ,เมืองสระบุรี,สระบุรี,,,V892,ไม่ระบุพาหนะ
3897,2026,68.0,หญิง,ไม่ระบุ,เมืองบุรีรัมย์,บุรีรัมย์,24/2/2026,ไม่ระบุ,เมืองบุรีรัมย์,บุรีรัมย์,,,V892,ไม่ระบุพาหนะ
3898,2026,40.0,หญิง,ไม่ระบุ,ภาชี,พระนครศรีอยุธยา,4/3/2026,ไม่ระบุ,ภาชี,พระนครศรีอยุธยา,,,V892,ไม่ระบุพาหนะ
3899,2026,14.0,ชาย,ไม่ระบุ,เมืองมหาสารคาม,มหาสารคาม,20/3/2026,ไม่ระบุ,เมืองมหาสารคาม,มหาสารคาม,,,V892,ไม่ระบุพาหนะ
3900,2026,21.0,ชาย,ไม่ระบุ,เมืองกำแพงเพชร,กำแพงเพชร,9/3/2026,ไม่ระบุ,เมืองกำแพงเพชร,กำแพงเพชร,,,V892,ไม่ระบุพาหนะ
3901,2026,18.0,ชาย,ไม่ระบุ,เมืองจันทบุรี,จันทบุรี,11/1/2026,ไม่ระบุ,เมืองจันทบุรี,จันทบุรี,,,V892,ไม่ระบุพาหนะ
3902,2026,26.0,ชาย,ไม่ระบุ,เมืองบุรีรัมย์,บุรีรัมย์,27/2/2026,ไม่ระบุ,เมืองบุรีรัมย์,บุรีรัมย์,,,V892,ไม่ระบุพาหนะ
3903,2026,80.0,ชาย,ไม่ระบุ,บางบาล,พระนครศรีอยุธยา,21/3/2026,ไม่ระบุ,บางบาล,พระนครศรีอยุธยา,,,V892,ไม่ระบุพาหนะ
3904,2026,40.0,ชาย,ไม่ระบุ,ลานกระบือ,กำแพงเพชร,14/3/2026,ไม่ระบุ,ลานกระบือ,กำแพงเพชร,,,V274,รถจักรยานยนต์
3905,2026,69.0,หญิง,ไม่ระบุ,ตะกั่วทุ่ง,พังงา,11/3/2026,ไม่ระบุ,ตะกั่วทุ่ง,พังงา,,,V892,ไม่ระบุพาหนะ
3906,2026,30.0,ชาย,ไม่ระบุ,แหลมงอบ,ตราด,21/1/2026,ไม่ระบุ,แหลมงอบ,ตราด,,,V299,รถจักรยานยนต์
3907,2026,55.0,หญิง,ไม่ระบุ,เมืองสระบุรี,สระบุรี,4/2/2026,ไม่ระบุ,เมืองสระบุรี,สระบุรี,,,V892,ไม่ระบุพาหนะ
3908,2026,47.0,หญิง,ไม่ระบุ,ปากท่อ,ราชบุรี,10/2/2026,ไม่ระบุ,ปากท่อ,ราชบุรี,,,V892,ไม่ระบุพาหนะ
3909,2026,20.0,ชาย,ไม่ระบุ,บางบาล,พระนครศรีอยุธยา,21/3/2026,ไม่ระบุ,บางบาล,พระนครศรีอยุธยา,,,V892,ไม่ระบุพาหนะ
3910,2026,48.0,ชาย,ไม่ระบุ,เมืองนครราชสีมา,นครราชสีมา,10/3/2026,ไม่ระบุ,เมืองนครราชสีมา,นครราชสีมา,,,V892,ไม่ระบุพาหนะ
3911,2026,49.0,ชาย,ไม่ระบุ,ตะกั่วทุ่ง,พังงา,22/3/2026,ไม่ระบุ,ตะกั่วทุ่ง,พังงา,,,V892,ไม่ระบุพาหนะ
3912,2026,55.0,ชาย,ไม่ระบุ,บางพลี,สมุทรปราการ,24/1/2026,ไม่ระบุ,บางพลี,สมุทรปราการ,,,V892,ไม่ระบุพาหนะ
3913,2026,60.0,ชาย,ไม่ระบุ,กิ่งอำเภอเกาะช้าง,ตราด,1/1/2026,ไม่ระบุ,กิ่งอำเภอเกาะช้าง,ตราด,,,V892,ไม่ระบุพาหนะ
3914,2026,32.0,ชาย,ไม่ระบุ,บำเหน็จณรงค์,ชัยภูมิ,17/1/2026,ไม่ระบุ,บำเหน็จณรงค์,ชัยภูมิ,,,V892,ไม่ระบุพาหนะ
3915,2026,67.0,ชาย,ไม่ระบุ,เมืองอุตรดิตถ์,อุตรดิตถ์,24/1/2026,ไม่ระบุ,เมืองอุตรดิตถ์,อุตรดิตถ์,,,V892,ไม่ระบุพาหนะ
3916,2026,49.0,ชาย,ไม่ระบุ,สำโรง,อุบลราชธานี,30/1/2026,ไม่ระบุ,สำโรง,อุบลราชธานี,,,V892,ไม่ระบุพาหนะ
3917,2026,34.0,ชาย,ไม่ระบุ,ปากท่อ,ราชบุรี,15/2/2026,ไม่ระบุ,ปากท่อ,ราชบุรี,,,V892,ไม่ระบุพาหนะ
3918,2026,64.0,ชาย,ไม่ระบุ,เมืองมหาสารคาม,มหาสารคาม,2/3/2026,ไม่ระบุ,เมืองมหาสารคาม,มหาสารคาม,,,V892,ไม่ระบุพาหนะ
3919,2026,70.0,ชาย,ไม่ระบุ,คลองขลุง,กำแพงเพชร,27/3/2026,ไม่ระบุ,คลองขลุง,กำแพงเพชร,,,V299,รถจักรยานยนต์
3920,2026,67.0,ชาย,ไม่ระบุ,บ่อไร่,ตราด,16/1/2026,ไม่ระบุ,บ่อไร่,ตราด,,,V892,ไม่ระบุพาหนะ
3921,2026,78.0,ชาย,ไม่ระบุ,เมืองอุตรดิตถ์,อุตรดิตถ์,28/1/2026,ไม่ระบุ,เมืองอุตรดิตถ์,อุตรดิตถ์,,,V892,ไม่ระบุพาหนะ
3922,2026,14.0,หญิง,ไม่ระบุ,เมืองสระบุรี,สระบุรี,6/2/2026,ไม่ระบุ,เมืองสระบุรี,สระบุรี,,,V892,ไม่ระบุพาหนะ
3923,2026,46.0,ชาย,ไม่ระบุ,เบญจลักษ์,ศรีสะเกษ,17/2/2026,ไม่ระบุ,เบญจลักษ์,ศรีสะเกษ,,,V299,รถจักรยานยนต์
3924,2026,53.0,ชาย,ไม่ระบุ,พระนครศรีอยุธยา,พระนครศรีอยุธยา,22/3/2026,ไม่ระบุ,พระนครศรีอยุธยา,พระนครศรีอยุธยา,,,V892,ไม่ระบุพาหนะ
3925,2026,31.0,ชาย,ไม่ระบุ,เมืองนครราชสีมา,นครราชสีมา,6/3/2026,ไม่ระบุ,เมืองนครราชสีมา,นครราชสีมา,,,V892,ไม่ระบุพาหนะ
3926,2026,60.0,ชาย,ไม่ระบุ,ขาณุวรลักษบุรี,กำแพงเพชร,3/3/2026,ไม่ระบุ,ขาณุวรลักษบุรี,กำแพงเพชร,,,V892,ไม่ระบุพาหนะ
3927,2026,24.0,ชาย,ไม่ระบุ,เมืองภูเก็ต,ภูเก็ต,25/3/2026,ไม่ระบุ,เมืองภูเก็ต,ภูเก็ต,,,V892,ไม่ระบุพาหนะ
3928,2026,27.0,หญิง,ไม่ระบุ,บางพลี,สมุทรปราการ,13/1/2026,ไม่ระบุ,บางพลี,สมุทรปราการ,,,V892,ไม่ระบุพาหนะ
3929,2026,49.0,ชาย,ไม่ระบุ,เมืองอุตรดิตถ์,อุตรดิตถ์,3/1/2026,ไม่ระบุ,เมืองอุตรดิตถ์,อุตรดิตถ์,,,V892,ไม่ระบุพาหนะ
3930,2026,74.0,ชาย,ไม่ระบุ,ระแงะ,นราธิวาส,3/2/2026,ไม่ระบุ,ระแงะ,นราธิวาส,,,V029,คนเดินเท้า
3931,2026,49.0,ชาย,ไม่ระบุ,พระนครศรีอยุธยา,พระนครศรีอยุธยา,25/3/2026,ไม่ระบุ,พระนครศรีอยุธยา,พระนครศรีอยุธยา,,,V892,ไม่ระบุพาหนะ
3932,2026,69.0,ชาย,ไม่ระบุ,เมืองนครราชสีมา,นครราชสีมา,6/3/2026,ไม่ระบุ,เมืองนครราชสีมา,นครราชสีมา,,,V892,ไม่ระบุพาหนะ
3933,2026,41.0,หญิง,ไม่ระบุ,เมืองกำแพงเพชร,กำแพงเพชร,30/3/2026,ไม่ระบุ,เมืองกำแพงเพชร,กำแพงเพชร,,,V239,รถจักรยานยนต์
3934,2026,24.0,หญิง,ไม่ระบุ,บางพลี,สมุทรปราการ,17/1/2026,ไม่ระบุ,บางพลี,สมุทรปราการ,,,V892,ไม่ระบุพาหนะ
3935,2026,71.0,ชาย,ไม่ระบุ,เมืองตราด,ตราด,22/1/2026,ไม่ระบุ,เมืองตราด,ตราด,,,V892,ไม่ระบุพาหนะ
3936,2026,71.0,หญิง,ไม่ระบุ,ภูเขียว,ชัยภูมิ,8/1/2026,ไม่ระบุ,ภูเขียว,ชัยภูมิ,,,V892,ไม่ระบุพาหนะ
3937,2026,75.0,ชาย,ไม่ระบุ,เมืองอุตรดิตถ์,อุตรดิตถ์,8/1/2026,ไม่ระบุ,เมืองอุตรดิตถ์,อุตรดิตถ์,,,V892,ไม่ระบุพาหนะ
3938,2026,55.0,ชาย,ไม่ระบุ,เมืองชัยภูมิ,ชัยภูมิ,31/1/2026,ไม่ระบุ,เมืองชัยภูมิ,ชัยภูมิ,,,V892,ไม่ระบุพาหนะ
3939,2026,62.0,ชาย,ไม่ระบุ,นาทม,นครพนม,24/2/2026,ไม่ระบุ,นาทม,นครพนม,,,V099,คนเดินเท้า
3940,2026,64.0,ชาย,ไม่ระบุ,ศรีสาคร,นราธิวาส,8/2/2026,ไม่ระบุ,ศรีสาคร,นราธิวาส,,,V289,รถจักรยานยนต์
3941,2026,66.0,หญิง,ไม่ระบุ,พระนครศรีอยุธยา,พระนครศรีอยุธยา,13/3/2026,ไม่ระบุ,พระนครศรีอยุธยา,พระนครศรีอยุธยา,,,V099,คนเดินเท้า
3942,2026,74.0,ชาย,ไม่ระบุ,เมืองนครราชสีมา,นครราชสีมา,4/3/2026,ไม่ระบุ,เมืองนครราชสีมา,นครราชสีมา,,,V892,ไม่ระบุพาหนะ
3943,2026,50.0,ชาย,ไม่ระบุ,เกษตรวิสัย,ร้อยเอ็ด,7/3/2026,ไม่ระบุ,เกษตรวิสัย,ร้อยเอ็ด,,,V274,รถจักรยานยนต์
3944,2026,54.0,ชาย,ไม่ระบุ,ถลาง,ภูเก็ต,21/3/2026,ไม่ระบุ,ถลาง,ภูเก็ต,,,V892,ไม่ระบุพาหนะ
3945,2026,19.0,ชาย,ไม่ระบุ,หนองบัวแดง,ชัยภูมิ,1/1/2026,ไม่ระบุ,หนองบัวแดง,ชัยภูมิ,,,V892,ไม่ระบุพาหนะ
3946,2026,70.0,ชาย,ไม่ระบุ,เมืองอุตรดิตถ์,อุตรดิตถ์,8/1/2026,ไม่ระบุ,เมืองอุตรดิตถ์,อุตรดิตถ์,,,V892,ไม่ระบุพาหนะ
3947,2026,39.0,ชาย,ไม่ระบุ,โนนสัง,หนองบัวลำภู,31/1/2026,ไม่ระบุ,โนนสัง,หนองบัวลำภู,,,V289,รถจักรยานยนต์
3948,2026,32.0,ชาย,ไม่ระบุ,อุทุมพรพิสัย,ศรีสะเกษ,7/2/2026,ไม่ระบุ,อุทุมพรพิสัย,ศรีสะเกษ,,,V892,ไม่ระบุพาหนะ
3949,2026,34.0,หญิง,ไม่ระบุ,บ้านโป่ง,ราชบุรี,7/2/2026,ไม่ระบุ,บ้านโป่ง,ราชบุรี,,,V892,ไม่ระบุพาหนะ
3950,2026,35.0,หญิง,ไม่ระบุ,สุไหงปาดี,นราธิวาส,2/2/2026,ไม่ระบุ,สุไหงปาดี,นราธิวาส,,,V299,รถจักรยานยนต์
3951,2026,35.0,ชาย,ไม่ระบุ,พระนครศรีอยุธยา,พระนครศรีอยุธยา,20/3/2026,ไม่ระบุ,พระนครศรีอยุธยา,พระนครศรีอยุธยา,,,V892,ไม่ระบุพาหนะ
3952,2026,25.0,หญิง,ไม่ระบุ,เมืองนครราชสีมา,นครราชสีมา,4/3/2026,ไม่ระบุ,เมืองนครราชสีมา,นครราชสีมา,,,V892,ไม่ระบุพาหนะ
3953,2026,50.0,ชาย,ไม่ระบุ,โพนทอง,ร้อยเอ็ด,25/3/2026,ไม่ระบุ,โพนทอง,ร้อยเอ็ด,,,V475,รถยนต์
3954,2026,14.0,ชาย,ไม่ระบุ,เมืองภูเก็ต,ภูเก็ต,12/3/2026,ไม่ระบุ,เมืองภูเก็ต,ภูเก็ต,,,V299,รถจักรยานยนต์
3955,2026,23.0,หญิง,ไม่ระบุ,บางพลี,สมุทรปราการ,19/1/2026,ไม่ระบุ,บางพลี,สมุทรปราการ,,,V892,ไม่ระบุพาหนะ
3956,2026,30.0,ชาย,ไม่ระบุ,เมืองชัยภูมิ,ชัยภูมิ,19/1/2026,ไม่ระบุ,เมืองชัยภูมิ,ชัยภูมิ,,,V892,ไม่ระบุพาหนะ
3957,2026,29.0,ชาย,ไม่ระบุ,เมืองอุตรดิตถ์,อุตรดิตถ์,15/1/2026,ไม่ระบุ,เมืองอุตรดิตถ์,อุตรดิตถ์,,,V892,ไม่ระบุพาหนะ
3958,2026,72.0,ชาย,ไม่ระบุ,สามพราน,นครปฐม,25/1/2026,ไม่ระบุ,สามพราน,นครปฐม,,,V892,ไม่ระบุพาหนะ
3959,2026,73.0,ชาย,ไม่ระบุ,บ้านบึง,ชลบุรี,1/2/2026,ไม่ระบุ,บ้านบึง,ชลบุรี,,,V892,ไม่ระบุพาหนะ
3960,2026,49.0,ชาย,ไม่ระบุ,ราษีไศล,ศรีสะเกษ,13/2/2026,ไม่ระบุ,ราษีไศล,ศรีสะเกษ,,,V299,รถจักรยานยนต์
3961,2026,70.0,ชาย,ไม่ระบุ,ดอนตาล,มุกดาหาร,8/2/2026,ไม่ระบุ,ดอนตาล,มุกดาหาร,,,V892,ไม่ระบุพาหนะ
3962,2026,34.0,ชาย,ไม่ระบุ,พระนครศรีอยุธยา,พระนครศรีอยุธยา,22/3/2026,ไม่ระบุ,พระนครศรีอยุธยา,พระนครศรีอยุธยา,,,V892,ไม่ระบุพาหนะ
3963,2026,74.0,ชาย,ไม่ระบุ,เมืองนครราชสีมา,นครราชสีมา,2/3/2026,ไม่ระบุ,เมืองนครราชสีมา,นครราชสีมา,,,V892,ไม่ระบุพาหนะ
3964,2026,23.0,ชาย,ไม่ระบุ,เมืองกำแพงเพชร,กำแพงเพชร,16/3/2026,ไม่ระบุ,เมืองกำแพงเพชร,กำแพงเพชร,,,V499,รถยนต์
3965,2026,67.0,หญิง,ไม่ระบุ,บ้านโพธิ์,ฉะเชิงเทรา,24/1/2026,ไม่ระบุ,บ้านโพธิ์,ฉะเชิงเทรา,,,V892,ไม่ระบุพาหนะ
3966,2026,66.0,ชาย,ไม่ระบุ,เมืองชัยภูมิ,ชัยภูมิ,24/1/2026,ไม่ระบุ,เมืองชัยภูมิ,ชัยภูมิ,,,V892,ไม่ระบุพาหนะ
3967,2026,29.0,ชาย,ไม่ระบุ,เมืองขอนแก่น,ขอนแก่น,27/1/2026,ไม่ระบุ,เมืองขอนแก่น,ขอนแก่น,,,V892,ไม่ระบุพาหนะ
3968,2026,19.0,ชาย,ไม่ระบุ,พนัสนิคม,ชลบุรี,22/2/2026,ไม่ระบุ,พนัสนิคม,ชลบุรี,,,V892,ไม่ระบุพาหนะ
3969,2026,55.0,ชาย,ไม่ระบุ,กบินทร์บุรี,ปราจีนบุรี,28/2/2026,ไม่ระบุ,กบินทร์บุรี,ปราจีนบุรี,,,V892,ไม่ระบุพาหนะ
3970,2026,53.0,หญิง,ไม่ระบุ,โพธาราม,ราชบุรี,14/2/2026,ไม่ระบุ,โพธาราม,ราชบุรี,,,V299,รถจักรยานยนต์
3971,2026,50.0,ชาย,ไม่ระบุ,เมืองนราธิวาส,นราธิวาส,10/2/2026,ไม่ระบุ,เมืองนราธิวาส,นราธิวาส,,,V892,ไม่ระบุพาหนะ
3972,2026,57.0,ชาย,ไม่ระบุ,พระนครศรีอยุธยา,พระนครศรีอยุธยา,22/3/2026,ไม่ระบุ,พระนครศรีอยุธยา,พระนครศรีอยุธยา,,,V892,ไม่ระบุพาหนะ
3973,2026,81.0,ชาย,ไม่ระบุ,เมืองบุรีรัมย์,บุรีรัมย์,25/3/2026,ไม่ระบุ,เมืองบุรีรัมย์,บุรีรัมย์,,,V892,ไม่ระบุพาหนะ
3974,2026,47.0,ชาย,ไม่ระบุ,กุฉินารายณ์,กาฬสินธุ์,9/3/2026,ไม่ระบุ,กุฉินารายณ์,กาฬสินธุ์,,,V235,รถจักรยานยนต์
3975,2026,51.0,ชาย,ไม่ระบุ,สามเงา,ตาก,20/3/2026,ไม่ระบุ,สามเงา,ตาก,,,V892,ไม่ระบุพาหนะ
3976,2026,25.0,หญิง,ไม่ระบุ,เมืองภูเก็ต,ภูเก็ต,3/3/2026,ไม่ระบุ,เมืองภูเก็ต,ภูเก็ต,,,V892,ไม่ระบุพาหนะ
3977,2026,60.0,ชาย,ไม่ระบุ,เมืองชัยภูมิ,ชัยภูมิ,23/1/2026,ไม่ระบุ,เมืองชัยภูมิ,ชัยภูมิ,,,V892,ไม่ระบุพาหนะ
3978,2026,22.0,ชาย,ไม่ระบุ,พระนครศรีอยุธยา,พระนครศรีอยุธยา,17/1/2026,ไม่ระบุ,พระนครศรีอยุธยา,พระนครศรีอยุธยา,,,V892,ไม่ระบุพาหนะ
3979,2026,70.0,ชาย,ไม่ระบุ,ศรีราชา,ชลบุรี,20/2/2026,ไม่ระบุ,ศรีราชา,ชลบุรี,,,V892,ไม่ระบุพาหนะ
3980,2026,59.0,หญิง,ไม่ระบุ,เมืองมุกดาหาร,มุกดาหาร,15/2/2026,ไม่ระบุ,เมืองมุกดาหาร,มุกดาหาร,,,V139,รถจักรยาน
3981,2026,49.0,ชาย,ไม่ระบุ,บ้านโป่ง,ราชบุรี,5/2/2026,ไม่ระบุ,บ้านโป่ง,ราชบุรี,,,V892,ไม่ระบุพาหนะ
3982,2026,51.0,ชาย,ไม่ระบุ,เมืองบุรีรัมย์,บุรีรัมย์,9/3/2026,ไม่ระบุ,เมืองบุรีรัมย์,บุรีรัมย์,,,V892,ไม่ระบุพาหนะ
3983,2026,71.0,ชาย,ไม่ระบุ,แม่สอด,ตาก,8/3/2026,ไม่ระบุ,แม่สอด,ตาก,,,V892,ไม่ระบุพาหนะ
3984,2026,79.0,ชาย,ไม่ระบุ,เมืองภูเก็ต,ภูเก็ต,28/3/2026,ไม่ระบุ,เมืองภูเก็ต,ภูเก็ต,,,V099,คนเดินเท้า
3985,2026,20.0,ชาย,ไม่ระบุ,กิ่งอำเภอบางเสาธง,สมุทรปราการ,1/1/2026,ไม่ระบุ,กิ่งอำเภอบางเสาธง,สมุทรปราการ,,,V892,ไม่ระบุพาหนะ
3986,2026,29.0,ชาย,ไม่ระบุ,เมืองชัยภูมิ,ชัยภูมิ,27/1/2026,ไม่ระบุ,เมืองชัยภูมิ,ชัยภูมิ,,,V892,ไม่ระบุพาหนะ
3987,2026,15.0,ชาย,ไม่ระบุ,ศรีราชา,ชลบุรี,24/2/2026,ไม่ระบุ,ศรีราชา,ชลบุรี,,,V429,รถยนต์
3988,2026,41.0,ชาย,ไม่ระบุ,บ้านโป่ง,ราชบุรี,23/2/2026,ไม่ระบุ,บ้านโป่ง,ราชบุรี,,,V892,ไม่ระบุพาหนะ
3989,2026,32.0,ชาย,ไม่ระบุ,เมืองนราธิวาส,นราธิวาส,18/2/2026,ไม่ระบุ,เมืองนราธิวาส,นราธิวาส,,,V892,ไม่ระบุพาหนะ
3990,2026,0.0,หญิง,ไม่ระบุ,เมืองอ่างทอง,อ่างทอง,23/3/2026,ไม่ระบุ,เมืองอ่างทอง,อ่างทอง,,,V892,ไม่ระบุพาหนะ
3991,2026,34.0,ชาย,ไม่ระบุ,แม่สอด,ตาก,15/3/2026,ไม่ระบุ,แม่สอด,ตาก,,,V892,ไม่ระบุพาหนะ
3992,2026,49.0,ชาย,ไม่ระบุ,ถลาง,ภูเก็ต,28/3/2026,ไม่ระบุ,ถลาง,ภูเก็ต,,,V499,รถยนต์
3993,2026,39.0,ชาย,ไม่ระบุ,กิ่งอำเภอคลองเขื่อน,ฉะเชิงเทรา,23/1/2026,ไม่ระบุ,กิ่งอำเภอคลองเขื่อน,ฉะเชิงเทรา,,,V284,รถจักรยานยนต์
3994,2026,36.0,ชาย,ไม่ระบุ,เมืองชัยภูมิ,ชัยภูมิ,12/1/2026,ไม่ระบุ,เมืองชัยภูมิ,ชัยภูมิ,,,V892,ไม่ระบุพาหนะ
3995,2026,52.0,ชาย,ไม่ระบุ,เมืองนครปฐม,นครปฐม,22/1/2026,ไม่ระบุ,เมืองนครปฐม,นครปฐม,,,V892,ไม่ระบุพาหนะ
3996,2026,85.0,หญิง,ไม่ระบุ,สัตหีบ,ชลบุรี,23/2/2026,ไม่ระบุ,สัตหีบ,ชลบุรี,,,V892,ไม่ระบุพาหนะ
3997,2026,36.0,ชาย,ไม่ระบุ,ประจันตคาม,ปราจีนบุรี,28/2/2026,ไม่ระบุ,ประจันตคาม,ปราจีนบุรี,,,V892,ไม่ระบุพาหนะ
3998,2026,49.0,ชาย,ไม่ระบุ,หนองกี่,บุรีรัมย์,3/3/2026,ไม่ระบุ,หนองกี่,บุรีรัมย์,,,V892,ไม่ระบุพาหนะ
3999,2026,23.0,ชาย,ไม่ระบุ,พบพระ,ตาก,25/3/2026,ไม่ระบุ,พบพระ,ตาก,,,V892,ไม่ระบุพาหนะ
4000,2026,19.0,ชาย,ไม่ระบุ,ถลาง,ภูเก็ต,15/3/2026,ไม่ระบุ,ถลาง,ภูเก็ต,,,V892,ไม่ระบุพาหนะ
4001,2026,47.0,หญิง,ไม่ระบุ,เมืองฉะเชิงเทรา,ฉะเชิงเทรา,22/1/2026,ไม่ระบุ,เมืองฉะเชิงเทรา,ฉะเชิงเทรา,,,V892,ไม่ระบุพาหนะ
4002,2026,67.0,ชาย,ไม่ระบุ,เมืองชัยภูมิ,ชัยภูมิ,16/1/2026,ไม่ระบุ,เมืองชัยภูมิ,ชัยภูมิ,,,V892,ไม่ระบุพาหนะ
4003,2026,1.0,ชาย,ไม่ระบุ,เมืองนครปฐม,นครปฐม,22/1/2026,ไม่ระบุ,เมืองนครปฐม,นครปฐม,,,V892,ไม่ระบุพาหนะ
4004,2026,55.0,หญิง,ไม่ระบุ,อุบลรัตน์,ขอนแก่น,29/1/2026,ไม่ระบุ,อุบลรัตน์,ขอนแก่น,,,V299,รถจักรยานยนต์
4005,2026,56.0,ชาย,ไม่ระบุ,สัตหีบ,ชลบุรี,8/2/2026,ไม่ระบุ,สัตหีบ,ชลบุรี,,,V289,รถจักรยานยนต์
4006,2026,49.0,ชาย,ไม่ระบุ,เมืองศรีสะเกษ,ศรีสะเกษ,22/2/2026,ไม่ระบุ,เมืองศรีสะเกษ,ศรีสะเกษ,,,V892,ไม่ระบุพาหนะ
4007,2026,82.0,หญิง,ไม่ระบุ,กบินทร์บุรี,ปราจีนบุรี,20/2/2026,ไม่ระบุ,กบินทร์บุรี,ปราจีนบุรี,,,V892,ไม่ระบุพาหนะ
4008,2026,18.0,ชาย,ไม่ระบุ,เมือง,ราชบุรี,24/2/2026,ไม่ระบุ,เมือง,ราชบุรี,,,V892,ไม่ระบุพาหนะ
4009,2026,60.0,ชาย,ไม่ระบุ,หนองกี่,บุรีรัมย์,3/3/2026,ไม่ระบุ,หนองกี่,บุรีรัมย์,,,V892,ไม่ระบุพาหนะ
4010,2026,52.0,ชาย,ไม่ระบุ,อาจสามารถ,ร้อยเอ็ด,22/3/2026,ไม่ระบุ,อาจสามารถ,ร้อยเอ็ด,,,V284,รถจักรยานยนต์
4011,2026,40.0,ชาย,ไม่ระบุ,เมืองภูเก็ต,ภูเก็ต,26/3/2026,ไม่ระบุ,เมืองภูเก็ต,ภูเก็ต,,,V299,รถจักรยานยนต์
4012,2026,22.0,หญิง,ไม่ระบุ,เมืองสมุทรปราการ,สมุทรปราการ,2/1/2026,ไม่ระบุ,เมืองสมุทรปราการ,สมุทรปราการ,,,V892,ไม่ระบุพาหนะ
4013,2026,80.0,ชาย,ไม่ระบุ,เมืองฉะเชิงเทรา,ฉะเชิงเทรา,30/1/2026,ไม่ระบุ,เมืองฉะเชิงเทรา,ฉะเชิงเทรา,,,V892,ไม่ระบุพาหนะ
4014,2026,66.0,หญิง,ไม่ระบุ,เมืองชัยภูมิ,ชัยภูมิ,19/1/2026,ไม่ระบุ,เมืองชัยภูมิ,ชัยภูมิ,,,V892,ไม่ระบุพาหนะ
4015,2026,32.0,หญิง,ไม่ระบุ,ร้องกวาง,แพร่,12/1/2026,ไม่ระบุ,ร้องกวาง,แพร่,,,V847,ไม่ระบุพาหนะ
4016,2026,86.0,ชาย,ไม่ระบุ,เมืองนครปฐม,นครปฐม,22/1/2026,ไม่ระบุ,เมืองนครปฐม,นครปฐม,,,V892,ไม่ระบุพาหนะ
4017,2026,75.0,ชาย,ไม่ระบุ,เมืองชลบุรี,ชลบุรี,11/2/2026,ไม่ระบุ,เมืองชลบุรี,ชลบุรี,,,V892,ไม่ระบุพาหนะ
4018,2026,48.0,ชาย,ไม่ระบุ,เมืองศรีสะเกษ,ศรีสะเกษ,22/2/2026,ไม่ระบุ,เมืองศรีสะเกษ,ศรีสะเกษ,,,V892,ไม่ระบุพาหนะ
4019,2026,74.0,ชาย,ไม่ระบุ,เมือง,ราชบุรี,1/2/2026,ไม่ระบุ,เมือง,ราชบุรี,,,V892,ไม่ระบุพาหนะ
4020,2026,19.0,ชาย,ไม่ระบุ,เขตบางนา,กรุงเทพมหานคร,31/3/2026,ไม่ระบุ,เขตบางนา,กรุงเทพมหานคร,,,V892,ไม่ระบุพาหนะ
4021,2026,72.0,ชาย,ไม่ระบุ,เมืองภูเก็ต,ภูเก็ต,20/3/2026,ไม่ระบุ,เมืองภูเก็ต,ภูเก็ต,,,V892,ไม่ระบุพาหนะ
4022,2026,77.0,ชาย,ไม่ระบุ,เมืองฉะเชิงเทรา,ฉะเชิงเทรา,13/1/2026,ไม่ระบุ,เมืองฉะเชิงเทรา,ฉะเชิงเทรา,,,V892,ไม่ระบุพาหนะ
4023,2026,52.0,ชาย,ไม่ระบุ,เมืองชัยภูมิ,ชัยภูมิ,2/1/2026,ไม่ระบุ,เมืองชัยภูมิ,ชัยภูมิ,,,V892,ไม่ระบุพาหนะ
4024,2026,49.0,หญิง,ไม่ระบุ,เมืองนครปฐม,นครปฐม,15/1/2026,ไม่ระบุ,เมืองนครปฐม,นครปฐม,,,V892,ไม่ระบุพาหนะ
4025,2026,18.0,ชาย,ไม่ระบุ,ศรีธาตุ,อุดรธานี,26/1/2026,ไม่ระบุ,ศรีธาตุ,อุดรธานี,,,V892,ไม่ระบุพาหนะ
4026,2026,75.0,หญิง,ไม่ระบุ,เมืองชลบุรี,ชลบุรี,11/2/2026,ไม่ระบุ,เมืองชลบุรี,ชลบุรี,,,V892,ไม่ระบุพาหนะ
4027,2026,68.0,ชาย,ไม่ระบุ,เมืองศรีสะเกษ,ศรีสะเกษ,22/2/2026,ไม่ระบุ,เมืองศรีสะเกษ,ศรีสะเกษ,,,V892,ไม่ระบุพาหนะ
4028,2026,67.0,ชาย,ไม่ระบุ,แม่ริม,เชียงใหม่,23/2/2026,ไม่ระบุ,แม่ริม,เชียงใหม่,,,V892,ไม่ระบุพาหนะ
4029,2026,53.0,หญิง,ไม่ระบุ,เมือง,ราชบุรี,6/2/2026,ไม่ระบุ,เมือง,ราชบุรี,,,V892,ไม่ระบุพาหนะ
4030,2026,60.0,ชาย,ไม่ระบุ,ศรีสมเด็จ,ร้อยเอ็ด,20/3/2026,ไม่ระบุ,ศรีสมเด็จ,ร้อยเอ็ด,,,V294,รถจักรยานยนต์
4031,2026,77.0,ชาย,ไม่ระบุ,เมืองภูเก็ต,ภูเก็ต,16/3/2026,ไม่ระบุ,เมืองภูเก็ต,ภูเก็ต,,,V892,ไม่ระบุพาหนะ
4032,2026,23.0,ชาย,ไม่ระบุ,เมืองฉะเชิงเทรา,ฉะเชิงเทรา,18/1/2026,ไม่ระบุ,เมืองฉะเชิงเทรา,ฉะเชิงเทรา,,,V892,ไม่ระบุพาหนะ
4033,2026,78.0,ชาย,ไม่ระบุ,เมืองชัยภูมิ,ชัยภูมิ,4/1/2026,ไม่ระบุ,เมืองชัยภูมิ,ชัยภูมิ,,,V892,ไม่ระบุพาหนะ
4034,2026,55.0,หญิง,ไม่ระบุ,เมืองนครปฐม,นครปฐม,6/1/2026,ไม่ระบุ,เมืองนครปฐม,นครปฐม,,,V892,ไม่ระบุพาหนะ
4035,2026,55.0,ชาย,ไม่ระบุ,แม่ริม,เชียงใหม่,5/2/2026,ไม่ระบุ,แม่ริม,เชียงใหม่,,,V892,ไม่ระบุพาหนะ
4036,2026,37.0,ชาย,ไม่ระบุ,เมือง,ราชบุรี,9/2/2026,ไม่ระบุ,เมือง,ราชบุรี,,,V892,ไม่ระบุพาหนะ
4037,2026,69.0,ชาย,ไม่ระบุ,ชัยบาดาล,ลพบุรี,11/3/2026,ไม่ระบุ,ชัยบาดาล,ลพบุรี,,,V892,ไม่ระบุพาหนะ
4038,2026,60.0,ชาย,ไม่ระบุ,โพนทอง,ร้อยเอ็ด,5/3/2026,ไม่ระบุ,โพนทอง,ร้อยเอ็ด,,,V436,รถยนต์
4039,2026,68.0,หญิง,ไม่ระบุ,แม่สอด,ตาก,11/3/2026,ไม่ระบุ,แม่สอด,ตาก,,,V892,ไม่ระบุพาหนะ
4040,2026,47.0,ชาย,ไม่ระบุ,เมืองภูเก็ต,ภูเก็ต,22/3/2026,ไม่ระบุ,เมืองภูเก็ต,ภูเก็ต,,,V892,ไม่ระบุพาหนะ
4041,2026,78.0,ชาย,ไม่ระบุ,เมืองสมุทรปราการ,สมุทรปราการ,18/1/2026,ไม่ระบุ,เมืองสมุทรปราการ,สมุทรปราการ,,,V892,ไม่ระบุพาหนะ
4042,2026,69.0,หญิง,ไม่ระบุ,เมืองฉะเชิงเทรา,ฉะเชิงเทรา,20/1/2026,ไม่ระบุ,เมืองฉะเชิงเทรา,ฉะเชิงเทรา,,,V892,ไม่ระบุพาหนะ
4043,2026,27.0,ชาย,ไม่ระบุ,เมืองชัยภูมิ,ชัยภูมิ,2/1/2026,ไม่ระบุ,เมืองชัยภูมิ,ชัยภูมิ,,,V892,ไม่ระบุพาหนะ
4044,2026,13.0,ชาย,ไม่ระบุ,เมืองนครปฐม,นครปฐม,11/1/2026,ไม่ระบุ,เมืองนครปฐม,นครปฐม,,,V892,ไม่ระบุพาหนะ
4045,2026,55.0,ชาย,ไม่ระบุ,แม่ริม,เชียงใหม่,5/2/2026,ไม่ระบุ,แม่ริม,เชียงใหม่,,,V892,ไม่ระบุพาหนะ
4046,2026,12.0,หญิง,ไม่ระบุ,เมืองกาญจนบุรี,กาญจนบุรี,24/2/2026,ไม่ระบุ,เมืองกาญจนบุรี,กาญจนบุรี,,,V892,ไม่ระบุพาหนะ
4047,2026,35.0,หญิง,ไม่ระบุ,เมืองศรีสะเกษ,ศรีสะเกษ,28/2/2026,ไม่ระบุ,เมืองศรีสะเกษ,ศรีสะเกษ,,,V239,รถจักรยานยนต์
4048,2026,53.0,ชาย,ไม่ระบุ,ชัยบาดาล,ลพบุรี,23/3/2026,ไม่ระบุ,ชัยบาดาล,ลพบุรี,,,V579,รถบรรทุกขนาดเล็ก/รถตู้
4049,2026,72.0,ชาย,ไม่ระบุ,เมืองภูเก็ต,ภูเก็ต,1/3/2026,ไม่ระบุ,เมืองภูเก็ต,ภูเก็ต,,,V892,ไม่ระบุพาหนะ
4050,2026,67.0,หญิง,ไม่ระบุ,เมืองอำนาจเจริญ,อำนาจเจริญ,10/1/2026,ไม่ระบุ,เมืองอำนาจเจริญ,อำนาจเจริญ,,,V892,ไม่ระบุพาหนะ
4051,2026,42.0,ชาย,ไม่ระบุ,นาน้อย,น่าน,13/1/2026,ไม่ระบุ,นาน้อย,น่าน,,,V892,ไม่ระบุพาหนะ
4052,2026,57.0,ชาย,ไม่ระบุ,เมืองสมุทรสาคร,สมุทรสาคร,21/1/2026,ไม่ระบุ,เมืองสมุทรสาคร,สมุทรสาคร,,,V892,ไม่ระบุพาหนะ
4053,2026,39.0,หญิง,ไม่ระบุ,เมืองชลบุรี,ชลบุรี,5/2/2026,ไม่ระบุ,เมืองชลบุรี,ชลบุรี,,,V892,ไม่ระบุพาหนะ
4054,2026,68.0,ชาย,ไม่ระบุ,เมืองศรีสะเกษ,ศรีสะเกษ,5/2/2026,ไม่ระบุ,เมืองศรีสะเกษ,ศรีสะเกษ,,,V892,ไม่ระบุพาหนะ
4055,2026,54.0,ชาย,ไม่ระบุ,แม่ริม,เชียงใหม่,9/2/2026,ไม่ระบุ,แม่ริม,เชียงใหม่,,,V892,ไม่ระบุพาหนะ
4056,2026,3.0,หญิง,ไม่ระบุ,ศรีสวัสดิ์,กาญจนบุรี,3/2/2026,ไม่ระบุ,ศรีสวัสดิ์,กาญจนบุรี,,,V892,ไม่ระบุพาหนะ
4057,2026,61.0,หญิง,ไม่ระบุ,ชัยบาดาล,ลพบุรี,18/3/2026,ไม่ระบุ,ชัยบาดาล,ลพบุรี,,,V234,รถจักรยานยนต์
4058,2026,57.0,ชาย,ไม่ระบุ,เมืองร้อยเอ็ด,ร้อยเอ็ด,21/3/2026,ไม่ระบุ,เมืองร้อยเอ็ด,ร้อยเอ็ด,,,V285,รถจักรยานยนต์
4059,2026,13.0,ชาย,ไม่ระบุ,เมืองภูเก็ต,ภูเก็ต,5/3/2026,ไม่ระบุ,เมืองภูเก็ต,ภูเก็ต,,,V892,ไม่ระบุพาหนะ
4060,2026,62.0,ชาย,ไม่ระบุ,กบินทร์บุรี,ปราจีนบุรี,4/1/2026,ไม่ระบุ,กบินทร์บุรี,ปราจีนบุรี,,,V892,ไม่ระบุพาหนะ
4061,2026,62.0,ชาย,ไม่ระบุ,กิ่งอำเภอชื่นชม,มหาสารคาม,30/1/2026,ไม่ระบุ,กิ่งอำเภอชื่นชม,มหาสารคาม,,,V892,ไม่ระบุพาหนะ
4062,2026,60.0,หญิง,ไม่ระบุ,เมืองชลบุรี,ชลบุรี,16/2/2026,ไม่ระบุ,เมืองชลบุรี,ชลบุรี,,,V892,ไม่ระบุพาหนะ
4063,2026,77.0,ชาย,ไม่ระบุ,เมืองศรีสะเกษ,ศรีสะเกษ,4/2/2026,ไม่ระบุ,เมืองศรีสะเกษ,ศรีสะเกษ,,,V892,ไม่ระบุพาหนะ
4064,2026,23.0,ชาย,ไม่ระบุ,แม่ริม,เชียงใหม่,1/2/2026,ไม่ระบุ,แม่ริม,เชียงใหม่,,,V892,ไม่ระบุพาหนะ
4065,2026,27.0,ชาย,ไม่ระบุ,เมืองลพบุรี,ลพบุรี,5/3/2026,ไม่ระบุ,เมืองลพบุรี,ลพบุรี,,,V039,คนเดินเท้า
4066,2026,66.0,ชาย,ไม่ระบุ,เมืองร้อยเอ็ด,ร้อยเอ็ด,25/3/2026,ไม่ระบุ,เมืองร้อยเอ็ด,ร้อยเอ็ด,,,V845,ไม่ระบุพาหนะ
4067,2026,50.0,ชาย,ไม่ระบุ,เมืองจันทบุรี,จันทบุรี,20/1/2026,ไม่ระบุ,เมืองจันทบุรี,จันทบุรี,,,V892,ไม่ระบุพาหนะ
4068,2026,30.0,ชาย,ไม่ระบุ,เมืองสมุทรสาคร,สมุทรสาคร,18/1/2026,ไม่ระบุ,เมืองสมุทรสาคร,สมุทรสาคร,,,V892,ไม่ระบุพาหนะ
4069,2026,41.0,ชาย,ไม่ระบุ,ตระการพืชผล,อุบลราชธานี,20/2/2026,ไม่ระบุ,ตระการพืชผล,อุบลราชธานี,,,V892,ไม่ระบุพาหนะ
4070,2026,80.0,ชาย,ไม่ระบุ,กิ่งอำเภอบ้านด่าน,บุรีรัมย์,3/3/2026,ไม่ระบุ,กิ่งอำเภอบ้านด่าน,บุรีรัมย์,,,V892,ไม่ระบุพาหนะ
4071,2026,54.0,ชาย,ไม่ระบุ,เมืองร้อยเอ็ด,ร้อยเอ็ด,27/3/2026,ไม่ระบุ,เมืองร้อยเอ็ด,ร้อยเอ็ด,,,V892,ไม่ระบุพาหนะ
4072,2026,54.0,ชาย,ไม่ระบุ,เมืองนครราชสีมา,นครราชสีมา,14/1/2026,ไม่ระบุ,เมืองนครราชสีมา,นครราชสีมา,,,V892,ไม่ระบุพาหนะ
4073,2026,30.0,ชาย,ไม่ระบุ,นาดี,ปราจีนบุรี,14/1/2026,ไม่ระบุ,นาดี,ปราจีนบุรี,,,V892,ไม่ระบุพาหนะ
4074,2026,64.0,ชาย,ไม่ระบุ,สองแคว,น่าน,14/1/2026,ไม่ระบุ,สองแคว,น่าน,,,V892,ไม่ระบุพาหนะ
4075,2026,57.0,ชาย,ไม่ระบุ,ยางตลาด,กาฬสินธุ์,30/1/2026,ไม่ระบุ,ยางตลาด,กาฬสินธุ์,,,V892,ไม่ระบุพาหนะ
4076,2026,44.0,ชาย,ไม่ระบุ,ศรีราชา,ชลบุรี,14/2/2026,ไม่ระบุ,ศรีราชา,ชลบุรี,,,V892,ไม่ระบุพาหนะ
4077,2026,10.0,ชาย,ไม่ระบุ,เมืองศรีสะเกษ,ศรีสะเกษ,7/2/2026,ไม่ระบุ,เมืองศรีสะเกษ,ศรีสะเกษ,,,V849,ไม่ระบุพาหนะ
4078,2026,62.0,ชาย,ไม่ระบุ,ท่าม่วง,กาญจนบุรี,12/2/2026,ไม่ระบุ,ท่าม่วง,กาญจนบุรี,,,V892,ไม่ระบุพาหนะ
4079,2026,67.0,ชาย,ไม่ระบุ,เมืองลพบุรี,ลพบุรี,30/3/2026,ไม่ระบุ,เมืองลพบุรี,ลพบุรี,,,V299,รถจักรยานยนต์
4080,2026,88.0,ชาย,ไม่ระบุ,เมืองร้อยเอ็ด,ร้อยเอ็ด,29/3/2026,ไม่ระบุ,เมืองร้อยเอ็ด,ร้อยเอ็ด,,,V335,สามล้อ
4081,2026,32.0,หญิง,ไม่ระบุ,บางบัวทอง,นนทบุรี,17/1/2026,ไม่ระบุ,บางบัวทอง,นนทบุรี,,,V892,ไม่ระบุพาหนะ
4082,2026,26.0,ชาย,ไม่ระบุ,ศรีมหาโพธิ,ปราจีนบุรี,24/1/2026,ไม่ระบุ,ศรีมหาโพธิ,ปราจีนบุรี,,,V892,ไม่ระบุพาหนะ
4083,2026,17.0,หญิง,ไม่ระบุ,เซกา,บึงกาฬ,23/1/2026,ไม่ระบุ,เซกา,บึงกาฬ,,,V892,ไม่ระบุพาหนะ
4084,2026,57.0,ชาย,ไม่ระบุ,หนองกุงศรี,กาฬสินธุ์,28/1/2026,ไม่ระบุ,หนองกุงศรี,กาฬสินธุ์,,,V299,รถจักรยานยนต์
4085,2026,29.0,ชาย,ไม่ระบุ,ท่าม่วง,กาญจนบุรี,7/2/2026,ไม่ระบุ,ท่าม่วง,กาญจนบุรี,,,V892,ไม่ระบุพาหนะ
4086,2026,44.0,หญิง,ไม่ระบุ,เมืองร้อยเอ็ด,ร้อยเอ็ด,2/3/2026,ไม่ระบุ,เมืองร้อยเอ็ด,ร้อยเอ็ด,,,V892,ไม่ระบุพาหนะ
4087,2026,50.0,ชาย,ไม่ระบุ,ศรีมหาโพธิ,ปราจีนบุรี,12/1/2026,ไม่ระบุ,ศรีมหาโพธิ,ปราจีนบุรี,,,V294,รถจักรยานยนต์
4088,2026,45.0,ชาย,ไม่ระบุ,บึงโขงหลง,บึงกาฬ,4/1/2026,ไม่ระบุ,บึงโขงหลง,บึงกาฬ,,,V892,ไม่ระบุพาหนะ
4089,2026,62.0,หญิง,ไม่ระบุ,ศรีราชา,ชลบุรี,24/2/2026,ไม่ระบุ,ศรีราชา,ชลบุรี,,,V892,ไม่ระบุพาหนะ
4090,2026,78.0,ชาย,ไม่ระบุ,สันป่าตอง,เชียงใหม่,6/2/2026,ไม่ระบุ,สันป่าตอง,เชียงใหม่,,,V892,ไม่ระบุพาหนะ
4091,2026,51.0,ชาย,ไม่ระบุ,ทองผาภูมิ,กาญจนบุรี,7/2/2026,ไม่ระบุ,ทองผาภูมิ,กาญจนบุรี,,,V892,ไม่ระบุพาหนะ
4092,2026,34.0,ชาย,ไม่ระบุ,พิบูลมังสาหาร,อุบลราชธานี,28/2/2026,ไม่ระบุ,พิบูลมังสาหาร,อุบลราชธานี,,,V299,รถจักรยานยนต์
4093,2026,73.0,ชาย,ไม่ระบุ,อินทร์บุรี,สิงห์บุรี,12/3/2026,ไม่ระบุ,อินทร์บุรี,สิงห์บุรี,,,V239,รถจักรยานยนต์
4094,2026,52.0,ชาย,ไม่ระบุ,เมืองร้อยเอ็ด,ร้อยเอ็ด,8/3/2026,ไม่ระบุ,เมืองร้อยเอ็ด,ร้อยเอ็ด,,,V124,รถจักรยาน
4095,2026,80.0,ชาย,ไม่ระบุ,เมืองสุราษฎร์ธานี,สุราษฎร์ธานี,17/3/2026,ไม่ระบุ,เมืองสุราษฎร์ธานี,สุราษฎร์ธานี,,,V892,ไม่ระบุพาหนะ
4096,2026,64.0,ชาย,ไม่ระบุ,บึงโขงหลง,บึงกาฬ,29/1/2026,ไม่ระบุ,บึงโขงหลง,บึงกาฬ,,,V099,คนเดินเท้า
4097,2026,70.0,ชาย,ไม่ระบุ,พานทอง,ชลบุรี,11/2/2026,ไม่ระบุ,พานทอง,ชลบุรี,,,V239,รถจักรยานยนต์
4098,2026,40.0,ชาย,ไม่ระบุ,เมืองศรีสะเกษ,ศรีสะเกษ,4/2/2026,ไม่ระบุ,เมืองศรีสะเกษ,ศรีสะเกษ,,,V892,ไม่ระบุพาหนะ
4099,2026,29.0,ชาย,ไม่ระบุ,สันกำแพง,เชียงใหม่,19/2/2026,ไม่ระบุ,สันกำแพง,เชียงใหม่,,,V892,ไม่ระบุพาหนะ
4100,2026,65.0,หญิง,ไม่ระบุ,เลาขวัญ,กาญจนบุรี,5/2/2026,ไม่ระบุ,เลาขวัญ,กาญจนบุรี,,,V892,ไม่ระบุพาหนะ
4101,2026,43.0,ชาย,ไม่ระบุ,เมืองอุบลราชธานี,อุบลราชธานี,28/2/2026,ไม่ระบุ,เมืองอุบลราชธานี,อุบลราชธานี,,,V299,รถจักรยานยนต์
4102,2026,58.0,ชาย,ไม่ระบุ,กระสัง,บุรีรัมย์,13/3/2026,ไม่ระบุ,กระสัง,บุรีรัมย์,,,V892,ไม่ระบุพาหนะ
4103,2026,66.0,ชาย,ไม่ระบุ,เมืองร้อยเอ็ด,ร้อยเอ็ด,7/3/2026,ไม่ระบุ,เมืองร้อยเอ็ด,ร้อยเอ็ด,,,V224,รถจักรยานยนต์
4104,2026,46.0,ชาย,ไม่ระบุ,พุนพิน,สุราษฎร์ธานี,28/3/2026,ไม่ระบุ,พุนพิน,สุราษฎร์ธานี,,,V209,รถจักรยานยนต์
4105,2026,52.0,หญิง,ไม่ระบุ,ปากเกร็ด,นนทบุรี,30/1/2026,ไม่ระบุ,ปากเกร็ด,นนทบุรี,,,V892,ไม่ระบุพาหนะ
4106,2026,77.0,ชาย,ไม่ระบุ,พรเจริญ,บึงกาฬ,14/1/2026,ไม่ระบุ,พรเจริญ,บึงกาฬ,,,V892,ไม่ระบุพาหนะ
4107,2026,24.0,ชาย,ไม่ระบุ,บ้านแพ้ว,สมุทรสาคร,2/1/2026,ไม่ระบุ,บ้านแพ้ว,สมุทรสาคร,,,V299,รถจักรยานยนต์
4108,2026,34.0,ชาย,ไม่ระบุ,เมืองกาฬสินธุ์,กาฬสินธุ์,15/1/2026,ไม่ระบุ,เมืองกาฬสินธุ์,กาฬสินธุ์,,,V225,รถจักรยานยนต์
4109,2026,42.0,หญิง,ไม่ระบุ,เมืองศรีสะเกษ,ศรีสะเกษ,4/2/2026,ไม่ระบุ,เมืองศรีสะเกษ,ศรีสะเกษ,,,V892,ไม่ระบุพาหนะ
4110,2026,47.0,ชาย,ไม่ระบุ,ด่านมะขามเตี้ย,กาญจนบุรี,20/2/2026,ไม่ระบุ,ด่านมะขามเตี้ย,กาญจนบุรี,,,V892,ไม่ระบุพาหนะ
4111,2026,17.0,ชาย,ไม่ระบุ,สรรคบุรี,ชัยนาท,15/3/2026,ไม่ระบุ,สรรคบุรี,ชัยนาท,,,V039,คนเดินเท้า
4112,2026,68.0,หญิง,ไม่ระบุ,เมืองพิษณุโลก,พิษณุโลก,25/3/2026,ไม่ระบุ,เมืองพิษณุโลก,พิษณุโลก,,,V892,ไม่ระบุพาหนะ
4113,2026,24.0,ชาย,ไม่ระบุ,พุนพิน,สุราษฎร์ธานี,26/3/2026,ไม่ระบุ,พุนพิน,สุราษฎร์ธานี,,,V892,ไม่ระบุพาหนะ
4114,2026,48.0,ชาย,ไม่ระบุ,กบินทร์บุรี,ปราจีนบุรี,8/1/2026,ไม่ระบุ,กบินทร์บุรี,ปราจีนบุรี,,,V892,ไม่ระบุพาหนะ
4115,2026,68.0,ชาย,ไม่ระบุ,โซ่พิสัย,บึงกาฬ,18/1/2026,ไม่ระบุ,โซ่พิสัย,บึงกาฬ,,,V299,รถจักรยานยนต์
4116,2026,68.0,ชาย,ไม่ระบุ,บ้านแพ้ว,สมุทรสาคร,16/1/2026,ไม่ระบุ,บ้านแพ้ว,สมุทรสาคร,,,V039,คนเดินเท้า
4117,2026,79.0,ชาย,ไม่ระบุ,เมืองสกลนคร,สกลนคร,31/1/2026,ไม่ระบุ,เมืองสกลนคร,สกลนคร,,,V892,ไม่ระบุพาหนะ
4118,2026,21.0,หญิง,ไม่ระบุ,เมืองชลบุรี,ชลบุรี,8/2/2026,ไม่ระบุ,เมืองชลบุรี,ชลบุรี,,,V299,รถจักรยานยนต์
4119,2026,45.0,ชาย,ไม่ระบุ,อุทัย,พระนครศรีอยุธยา,26/2/2026,ไม่ระบุ,อุทัย,พระนครศรีอยุธยา,,,V892,ไม่ระบุพาหนะ
4120,2026,72.0,ชาย,ไม่ระบุ,ท่ามะกา,กาญจนบุรี,18/2/2026,ไม่ระบุ,ท่ามะกา,กาญจนบุรี,,,V892,ไม่ระบุพาหนะ
4121,2026,67.0,ชาย,ไม่ระบุ,นางรอง,บุรีรัมย์,15/3/2026,ไม่ระบุ,นางรอง,บุรีรัมย์,,,V892,ไม่ระบุพาหนะ
4122,2026,24.0,ชาย,ไม่ระบุ,เมืองสุราษฎร์ธานี,สุราษฎร์ธานี,24/3/2026,ไม่ระบุ,เมืองสุราษฎร์ธานี,สุราษฎร์ธานี,,,V892,ไม่ระบุพาหนะ
4123,2026,27.0,ชาย,ไม่ระบุ,บางใหญ่,นนทบุรี,26/1/2026,ไม่ระบุ,บางใหญ่,นนทบุรี,,,V892,ไม่ระบุพาหนะ
4124,2026,26.0,ชาย,ไม่ระบุ,กบินทร์บุรี,ปราจีนบุรี,15/1/2026,ไม่ระบุ,กบินทร์บุรี,ปราจีนบุรี,,,V892,ไม่ระบุพาหนะ
4125,2026,44.0,ชาย,ไม่ระบุ,กระทุ่มแบน,สมุทรสาคร,1/1/2026,ไม่ระบุ,กระทุ่มแบน,สมุทรสาคร,,,V892,ไม่ระบุพาหนะ
4126,2026,79.0,ชาย,ไม่ระบุ,เมืองสกลนคร,สกลนคร,26/1/2026,ไม่ระบุ,เมืองสกลนคร,สกลนคร,,,V892,ไม่ระบุพาหนะ
4127,2026,18.0,ชาย,ไม่ระบุ,เมืองชลบุรี,ชลบุรี,2/2/2026,ไม่ระบุ,เมืองชลบุรี,ชลบุรี,,,V892,ไม่ระบุพาหนะ
4128,2026,67.0,ชาย,ไม่ระบุ,ท่ามะกา,กาญจนบุรี,11/2/2026,ไม่ระบุ,ท่ามะกา,กาญจนบุรี,,,V892,ไม่ระบุพาหนะ
4129,2026,29.0,ชาย,ไม่ระบุ,คอนสาร,ชัยภูมิ,22/2/2026,ไม่ระบุ,คอนสาร,ชัยภูมิ,,,V892,ไม่ระบุพาหนะ
4130,2026,51.0,ชาย,ไม่ระบุ,เมืองบุรีรัมย์,บุรีรัมย์,19/3/2026,ไม่ระบุ,เมืองบุรีรัมย์,บุรีรัมย์,,,V892,ไม่ระบุพาหนะ
4131,2026,18.0,ชาย,ไม่ระบุ,พนม,สุราษฎร์ธานี,26/3/2026,ไม่ระบุ,พนม,สุราษฎร์ธานี,,,V494,รถยนต์
4132,2026,50.0,ชาย,ไม่ระบุ,บ้านนา,นครนายก,25/1/2026,ไม่ระบุ,บ้านนา,นครนายก,,,V892,ไม่ระบุพาหนะ
4133,2026,75.0,ชาย,ไม่ระบุ,เมืองชลบุรี,ชลบุรี,1/2/2026,ไม่ระบุ,เมืองชลบุรี,ชลบุรี,,,V299,รถจักรยานยนต์
4134,2026,30.0,ชาย,ไม่ระบุ,เมืองเชียงใหม่,เชียงใหม่,14/2/2026,ไม่ระบุ,เมืองเชียงใหม่,เชียงใหม่,,,V892,ไม่ระบุพาหนะ
4135,2026,49.0,ชาย,ไม่ระบุ,เมืองกาญจนบุรี,กาญจนบุรี,22/2/2026,ไม่ระบุ,เมืองกาญจนบุรี,กาญจนบุรี,,,V892,ไม่ระบุพาหนะ
4136,2026,59.0,หญิง,ไม่ระบุ,เนินสง่า,ชัยภูมิ,27/2/2026,ไม่ระบุ,เนินสง่า,ชัยภูมิ,,,V892,ไม่ระบุพาหนะ
4137,2026,44.0,ชาย,ไม่ระบุ,เมืองบุรีรัมย์,บุรีรัมย์,21/3/2026,ไม่ระบุ,เมืองบุรีรัมย์,บุรีรัมย์,,,V892,ไม่ระบุพาหนะ
4138,2026,24.0,ชาย,ไม่ระบุ,เกาะสมุย,สุราษฎร์ธานี,24/3/2026,ไม่ระบุ,เกาะสมุย,สุราษฎร์ธานี,,,V892,ไม่ระบุพาหนะ
4139,2026,64.0,ชาย,ไม่ระบุ,เมืองชลบุรี,ชลบุรี,1/2/2026,ไม่ระบุ,เมืองชลบุรี,ชลบุรี,,,V299,รถจักรยานยนต์
4140,2026,49.0,ชาย,ไม่ระบุ,เมืองกาญจนบุรี,กาญจนบุรี,6/2/2026,ไม่ระบุ,เมืองกาญจนบุรี,กาญจนบุรี,,,V892,ไม่ระบุพาหนะ
4141,2026,26.0,หญิง,ไม่ระบุ,คอนสาร,ชัยภูมิ,22/2/2026,ไม่ระบุ,คอนสาร,ชัยภูมิ,,,V892,ไม่ระบุพาหนะ
4142,2026,32.0,ชาย,ไม่ระบุ,เมืองบุรีรัมย์,บุรีรัมย์,8/3/2026,ไม่ระบุ,เมืองบุรีรัมย์,บุรีรัมย์,,,V892,ไม่ระบุพาหนะ
4143,2026,53.0,หญิง,ไม่ระบุ,เมืองกาฬสินธุ์,กาฬสินธุ์,14/3/2026,ไม่ระบุ,เมืองกาฬสินธุ์,กาฬสินธุ์,,,V234,รถจักรยานยนต์
4144,2026,26.0,หญิง,ไม่ระบุ,เกาะสมุย,สุราษฎร์ธานี,7/3/2026,ไม่ระบุ,เกาะสมุย,สุราษฎร์ธานี,,,V892,ไม่ระบุพาหนะ
4145,2026,29.0,ชาย,ไม่ระบุ,-,นนทบุรี,4/1/2026,ไม่ระบุ,-,นนทบุรี,,,V892,ไม่ระบุพาหนะ
4146,2026,38.0,ชาย,ไม่ระบุ,เมืองสมุทรสาคร,สมุทรสาคร,15/1/2026,ไม่ระบุ,เมืองสมุทรสาคร,สมุทรสาคร,,,V892,ไม่ระบุพาหนะ
4147,2026,28.0,หญิง,ไม่ระบุ,เมืองชลบุรี,ชลบุรี,17/2/2026,ไม่ระบุ,เมืองชลบุรี,ชลบุรี,,,V892,ไม่ระบุพาหนะ
4148,2026,15.0,ชาย,ไม่ระบุ,เมืองกาญจนบุรี,กาญจนบุรี,24/2/2026,ไม่ระบุ,เมืองกาญจนบุรี,กาญจนบุรี,,,V892,ไม่ระบุพาหนะ
4149,2026,29.0,ชาย,ไม่ระบุ,เมืองสระบุรี,สระบุรี,20/3/2026,ไม่ระบุ,เมืองสระบุรี,สระบุรี,,,V892,ไม่ระบุพาหนะ
4150,2026,71.0,ชาย,ไม่ระบุ,เมืองกาฬสินธุ์,กาฬสินธุ์,1/3/2026,ไม่ระบุ,เมืองกาฬสินธุ์,กาฬสินธุ์,,,V299,รถจักรยานยนต์
4151,2026,60.0,หญิง,ไม่ระบุ,เมืองศรีสะเกษ,ศรีสะเกษ,26/3/2026,ไม่ระบุ,เมืองศรีสะเกษ,ศรีสะเกษ,,,V892,ไม่ระบุพาหนะ
4152,2026,17.0,ชาย,ไม่ระบุ,เกาะสมุย,สุราษฎร์ธานี,19/3/2026,ไม่ระบุ,เกาะสมุย,สุราษฎร์ธานี,,,V892,ไม่ระบุพาหนะ
4153,2026,64.0,ชาย,ไม่ระบุ,เมืองพะเยา,พะเยา,8/1/2026,ไม่ระบุ,เมืองพะเยา,พะเยา,,,V892,ไม่ระบุพาหนะ
4154,2026,67.0,หญิง,ไม่ระบุ,เมืองชลบุรี,ชลบุรี,10/2/2026,ไม่ระบุ,เมืองชลบุรี,ชลบุรี,,,V892,ไม่ระบุพาหนะ
4155,2026,53.0,ชาย,ไม่ระบุ,นาจะหลวย,อุบลราชธานี,4/2/2026,ไม่ระบุ,นาจะหลวย,อุบลราชธานี,,,V184,รถจักรยาน
4156,2026,33.0,ชาย,ไม่ระบุ,เมืองสระบุรี,สระบุรี,18/3/2026,ไม่ระบุ,เมืองสระบุรี,สระบุรี,,,V892,ไม่ระบุพาหนะ
4157,2026,55.0,ชาย,ไม่ระบุ,เมืองนนทบุรี,นนทบุรี,1/1/2026,ไม่ระบุ,เมืองนนทบุรี,นนทบุรี,,,V892,ไม่ระบุพาหนะ
4158,2026,61.0,หญิง,ไม่ระบุ,เมืองนครนายก,นครนายก,21/1/2026,ไม่ระบุ,เมืองนครนายก,นครนายก,,,V892,ไม่ระบุพาหนะ
4159,2026,40.0,ชาย,ไม่ระบุ,เมืองพะเยา,พะเยา,15/1/2026,ไม่ระบุ,เมืองพะเยา,พะเยา,,,V892,ไม่ระบุพาหนะ
4160,2026,15.0,ชาย,ไม่ระบุ,เมืองสมุทรสาคร,สมุทรสาคร,19/1/2026,ไม่ระบุ,เมืองสมุทรสาคร,สมุทรสาคร,,,V892,ไม่ระบุพาหนะ
4161,2026,22.0,ชาย,ไม่ระบุ,เมืองชลบุรี,ชลบุรี,6/2/2026,ไม่ระบุ,เมืองชลบุรี,ชลบุรี,,,V299,รถจักรยานยนต์
4162,2026,21.0,ชาย,ไม่ระบุ,เมืองกาญจนบุรี,กาญจนบุรี,4/2/2026,ไม่ระบุ,เมืองกาญจนบุรี,กาญจนบุรี,,,V892,ไม่ระบุพาหนะ
4163,2026,37.0,หญิง,ไม่ระบุ,บ้านนาสาร,สุราษฎร์ธานี,30/3/2026,ไม่ระบุ,บ้านนาสาร,สุราษฎร์ธานี,,,V299,รถจักรยานยนต์
4164,2026,20.0,ชาย,ไม่ระบุ,เมืองนนทบุรี,นนทบุรี,1/1/2026,ไม่ระบุ,เมืองนนทบุรี,นนทบุรี,,,V892,ไม่ระบุพาหนะ
4165,2026,21.0,หญิง,ไม่ระบุ,เมืองนครนายก,นครนายก,21/1/2026,ไม่ระบุ,เมืองนครนายก,นครนายก,,,V892,ไม่ระบุพาหนะ
4166,2026,55.0,ชาย,ไม่ระบุ,เมืองหนองบัวลำภู,หนองบัวลำภู,20/1/2026,ไม่ระบุ,เมืองหนองบัวลำภู,หนองบัวลำภู,,,V892,ไม่ระบุพาหนะ
4167,2026,79.0,ชาย,ไม่ระบุ,เมืองพะเยา,พะเยา,19/1/2026,ไม่ระบุ,เมืองพะเยา,พะเยา,,,V892,ไม่ระบุพาหนะ
4168,2026,18.0,ชาย,ไม่ระบุ,เมืองสมุทรสาคร,สมุทรสาคร,2/1/2026,ไม่ระบุ,เมืองสมุทรสาคร,สมุทรสาคร,,,V892,ไม่ระบุพาหนะ
4169,2026,33.0,ชาย,ไม่ระบุ,เมืองชลบุรี,ชลบุรี,26/2/2026,ไม่ระบุ,เมืองชลบุรี,ชลบุรี,,,V892,ไม่ระบุพาหนะ
4170,2026,65.0,ชาย,ไม่ระบุ,สำโรง,อุบลราชธานี,24/2/2026,ไม่ระบุ,สำโรง,อุบลราชธานี,,,V892,ไม่ระบุพาหนะ
4171,2026,63.0,ชาย,ไม่ระบุ,ดอยสะเก็ด,เชียงใหม่,1/2/2026,ไม่ระบุ,ดอยสะเก็ด,เชียงใหม่,,,V234,รถจักรยานยนต์
4172,2026,18.0,ชาย,ไม่ระบุ,เมืองสุราษฎร์ธานี,สุราษฎร์ธานี,18/3/2026,ไม่ระบุ,เมืองสุราษฎร์ธานี,สุราษฎร์ธานี,,,V892,ไม่ระบุพาหนะ
4173,2026,71.0,ชาย,ไม่ระบุ,เมืองนนทบุรี,นนทบุรี,6/1/2026,ไม่ระบุ,เมืองนนทบุรี,นนทบุรี,,,V892,ไม่ระบุพาหนะ
4174,2026,42.0,ชาย,ไม่ระบุ,เมืองนครนายก,นครนายก,10/1/2026,ไม่ระบุ,เมืองนครนายก,นครนายก,,,V892,ไม่ระบุพาหนะ
4175,2026,41.0,ชาย,ไม่ระบุ,เมืองหนองบัวลำภู,หนองบัวลำภู,15/1/2026,ไม่ระบุ,เมืองหนองบัวลำภู,หนองบัวลำภู,,,V892,ไม่ระบุพาหนะ
4176,2026,47.0,ชาย,ไม่ระบุ,เมืองสมุทรสาคร,สมุทรสาคร,8/1/2026,ไม่ระบุ,เมืองสมุทรสาคร,สมุทรสาคร,,,V892,ไม่ระบุพาหนะ
4177,2026,65.0,ชาย,ไม่ระบุ,สันทราย,เชียงใหม่,30/1/2026,ไม่ระบุ,สันทราย,เชียงใหม่,,,V892,ไม่ระบุพาหนะ
4178,2026,64.0,ชาย,ไม่ระบุ,เมืองกาญจนบุรี,กาญจนบุรี,10/2/2026,ไม่ระบุ,เมืองกาญจนบุรี,กาญจนบุรี,,,V892,ไม่ระบุพาหนะ
4179,2026,37.0,หญิง,ไม่ระบุ,แก่งคอย,สระบุรี,24/3/2026,ไม่ระบุ,แก่งคอย,สระบุรี,,,V892,ไม่ระบุพาหนะ
4180,2026,73.0,ชาย,ไม่ระบุ,เนินมะปราง,พิษณุโลก,8/3/2026,ไม่ระบุ,เนินมะปราง,พิษณุโลก,,,V892,ไม่ระบุพาหนะ
4181,2026,61.0,หญิง,ไม่ระบุ,เมืองสุราษฎร์ธานี,สุราษฎร์ธานี,17/3/2026,ไม่ระบุ,เมืองสุราษฎร์ธานี,สุราษฎร์ธานี,,,V892,ไม่ระบุพาหนะ
4182,2026,79.0,ชาย,ไม่ระบุ,เมืองนนทบุรี,นนทบุรี,10/1/2026,ไม่ระบุ,เมืองนนทบุรี,นนทบุรี,,,V892,ไม่ระบุพาหนะ
4183,2026,37.0,ชาย,ไม่ระบุ,เมืองหนองบัวลำภู,หนองบัวลำภู,7/1/2026,ไม่ระบุ,เมืองหนองบัวลำภู,หนองบัวลำภู,,,V499,รถยนต์
4184,2026,70.0,ชาย,ไม่ระบุ,ปง,พะเยา,29/1/2026,ไม่ระบุ,ปง,พะเยา,,,V892,ไม่ระบุพาหนะ
4185,2026,53.0,ชาย,ไม่ระบุ,เมืองสมุทรสาคร,สมุทรสาคร,12/1/2026,ไม่ระบุ,เมืองสมุทรสาคร,สมุทรสาคร,,,V892,ไม่ระบุพาหนะ
4186,2026,38.0,ชาย,ไม่ระบุ,เมืองลำพูน,ลำพูน,31/1/2026,ไม่ระบุ,เมืองลำพูน,ลำพูน,,,V892,ไม่ระบุพาหนะ
4187,2026,63.0,ชาย,ไม่ระบุ,เมืองกาญจนบุรี,กาญจนบุรี,10/2/2026,ไม่ระบุ,เมืองกาญจนบุรี,กาญจนบุรี,,,V892,ไม่ระบุพาหนะ
4188,2026,33.0,ชาย,ไม่ระบุ,เมืองขอนแก่น,ขอนแก่น,27/2/2026,ไม่ระบุ,เมืองขอนแก่น,ขอนแก่น,,,V892,ไม่ระบุพาหนะ
4189,2026,71.0,ชาย,ไม่ระบุ,วิหารแดง,สระบุรี,15/3/2026,ไม่ระบุ,วิหารแดง,สระบุรี,,,V892,ไม่ระบุพาหนะ
4190,2026,79.0,ชาย,ไม่ระบุ,รัตนบุรี,สุรินทร์,24/3/2026,ไม่ระบุ,รัตนบุรี,สุรินทร์,,,V892,ไม่ระบุพาหนะ
4191,2026,77.0,ชาย,ไม่ระบุ,เมืองหนองบัวลำภู,หนองบัวลำภู,6/1/2026,ไม่ระบุ,เมืองหนองบัวลำภู,หนองบัวลำภู,,,V039,คนเดินเท้า
4192,2026,56.0,ชาย,ไม่ระบุ,เมืองอุตรดิตถ์,อุตรดิตถ์,31/1/2026,ไม่ระบุ,เมืองอุตรดิตถ์,อุตรดิตถ์,,,V892,ไม่ระบุพาหนะ
4193,2026,56.0,ชาย,ไม่ระบุ,เมืองกาญจนบุรี,กาญจนบุรี,7/2/2026,ไม่ระบุ,เมืองกาญจนบุรี,กาญจนบุรี,,,V892,ไม่ระบุพาหนะ
4194,2026,26.0,ชาย,ไม่ระบุ,เมืองอุดรธานี,อุดรธานี,26/2/2026,ไม่ระบุ,เมืองอุดรธานี,อุดรธานี,,,V299,รถจักรยานยนต์
4195,2026,86.0,ชาย,ไม่ระบุ,บ้านหมอ,สระบุรี,8/3/2026,ไม่ระบุ,บ้านหมอ,สระบุรี,,,V029,คนเดินเท้า
4196,2026,31.0,ชาย,ไม่ระบุ,ห้วยผึ้ง,กาฬสินธุ์,15/3/2026,ไม่ระบุ,ห้วยผึ้ง,กาฬสินธุ์,,,V892,ไม่ระบุพาหนะ
4197,2026,75.0,ชาย,ไม่ระบุ,เมืองสุราษฎร์ธานี,สุราษฎร์ธานี,14/3/2026,ไม่ระบุ,เมืองสุราษฎร์ธานี,สุราษฎร์ธานี,,,V892,ไม่ระบุพาหนะ
4198,2026,66.0,ชาย,ไม่ระบุ,เมืองนนทบุรี,นนทบุรี,16/1/2026,ไม่ระบุ,เมืองนนทบุรี,นนทบุรี,,,V892,ไม่ระบุพาหนะ
4199,2026,25.0,ชาย,ไม่ระบุ,วัฒนานคร,สระแก้ว,20/1/2026,ไม่ระบุ,วัฒนานคร,สระแก้ว,,,V234,รถจักรยานยนต์
4200,2026,32.0,ชาย,ไม่ระบุ,พาน,เชียงราย,24/1/2026,ไม่ระบุ,พาน,เชียงราย,,,V892,ไม่ระบุพาหนะ
4201,2026,29.0,ชาย,ไม่ระบุ,เมืองอุตรดิตถ์,อุตรดิตถ์,31/1/2026,ไม่ระบุ,เมืองอุตรดิตถ์,อุตรดิตถ์,,,V892,ไม่ระบุพาหนะ
4202,2026,29.0,หญิง,ไม่ระบุ,บางละมุง,ชลบุรี,19/2/2026,ไม่ระบุ,บางละมุง,ชลบุรี,,,V892,ไม่ระบุพาหนะ
4203,2026,46.0,ชาย,ไม่ระบุ,เมืองเชียงใหม่,เชียงใหม่,1/2/2026,ไม่ระบุ,เมืองเชียงใหม่,เชียงใหม่,,,V892,ไม่ระบุพาหนะ
4204,2026,31.0,ชาย,ไม่ระบุ,เมืองกาญจนบุรี,กาญจนบุรี,7/2/2026,ไม่ระบุ,เมืองกาญจนบุรี,กาญจนบุรี,,,V892,ไม่ระบุพาหนะ
4205,2026,44.0,ชาย,ไม่ระบุ,ด่านซ้าย,เลย,27/2/2026,ไม่ระบุ,ด่านซ้าย,เลย,,,V599,รถบรรทุกขนาดเล็ก/รถตู้
4206,2026,53.0,ชาย,ไม่ระบุ,ศีขรภูมิ,สุรินทร์,16/3/2026,ไม่ระบุ,ศีขรภูมิ,สุรินทร์,,,V892,ไม่ระบุพาหนะ
4207,2026,51.0,ชาย,ไม่ระบุ,หนองกุงศรี,กาฬสินธุ์,22/3/2026,ไม่ระบุ,หนองกุงศรี,กาฬสินธุ์,,,V284,รถจักรยานยนต์
4208,2026,18.0,ชาย,ไม่ระบุ,เมืองพิษณุโลก,พิษณุโลก,26/3/2026,ไม่ระบุ,เมืองพิษณุโลก,พิษณุโลก,,,V892,ไม่ระบุพาหนะ
4209,2026,57.0,ชาย,ไม่ระบุ,เมืองสุราษฎร์ธานี,สุราษฎร์ธานี,12/3/2026,ไม่ระบุ,เมืองสุราษฎร์ธานี,สุราษฎร์ธานี,,,V892,ไม่ระบุพาหนะ
4210,2026,48.0,ชาย,ไม่ระบุ,เขาฉกรรจ์,สระแก้ว,12/1/2026,ไม่ระบุ,เขาฉกรรจ์,สระแก้ว,,,V299,รถจักรยานยนต์
4211,2026,27.0,ชาย,ไม่ระบุ,บางละมุง,ชลบุรี,19/2/2026,ไม่ระบุ,บางละมุง,ชลบุรี,,,V892,ไม่ระบุพาหนะ
4212,2026,31.0,ชาย,ไม่ระบุ,เมืองเชียงใหม่,เชียงใหม่,3/2/2026,ไม่ระบุ,เมืองเชียงใหม่,เชียงใหม่,,,V892,ไม่ระบุพาหนะ
4213,2026,16.0,ชาย,ไม่ระบุ,เมืองมหาสารคาม,มหาสารคาม,28/2/2026,ไม่ระบุ,เมืองมหาสารคาม,มหาสารคาม,,,V892,ไม่ระบุพาหนะ
4214,2026,39.0,ชาย,ไม่ระบุ,พระพุทธบาท,สระบุรี,11/3/2026,ไม่ระบุ,พระพุทธบาท,สระบุรี,,,V892,ไม่ระบุพาหนะ
4215,2026,16.0,ชาย,ไม่ระบุ,สหัสขันธ์,กาฬสินธุ์,17/3/2026,ไม่ระบุ,สหัสขันธ์,กาฬสินธุ์,,,V224,รถจักรยานยนต์
4216,2026,53.0,ชาย,ไม่ระบุ,เมืองพิษณุโลก,พิษณุโลก,22/3/2026,ไม่ระบุ,เมืองพิษณุโลก,พิษณุโลก,,,V892,ไม่ระบุพาหนะ
4217,2026,47.0,ชาย,ไม่ระบุ,กิ่งอำเภอโคกสูง,สระแก้ว,26/1/2026,ไม่ระบุ,กิ่งอำเภอโคกสูง,สระแก้ว,,,V892,ไม่ระบุพาหนะ
4218,2026,35.0,ชาย,ไม่ระบุ,แม่สรวย,เชียงราย,14/1/2026,ไม่ระบุ,แม่สรวย,เชียงราย,,,V892,ไม่ระบุพาหนะ
4219,2026,59.0,ชาย,ไม่ระบุ,เชียงกลาง,น่าน,30/1/2026,ไม่ระบุ,เชียงกลาง,น่าน,,,V892,ไม่ระบุพาหนะ
4220,2026,35.0,ชาย,ไม่ระบุ,บางละมุง,ชลบุรี,19/2/2026,ไม่ระบุ,บางละมุง,ชลบุรี,,,V892,ไม่ระบุพาหนะ
4221,2026,70.0,ชาย,ไม่ระบุ,ศรีเมืองใหม่,อุบลราชธานี,20/2/2026,ไม่ระบุ,ศรีเมืองใหม่,อุบลราชธานี,,,V892,ไม่ระบุพาหนะ
4222,2026,64.0,ชาย,ไม่ระบุ,เมืองเชียงใหม่,เชียงใหม่,5/2/2026,ไม่ระบุ,เมืองเชียงใหม่,เชียงใหม่,,,V892,ไม่ระบุพาหนะ
4223,2026,40.0,ชาย,ไม่ระบุ,อู่ทอง,สุพรรณบุรี,3/2/2026,ไม่ระบุ,อู่ทอง,สุพรรณบุรี,,,V892,ไม่ระบุพาหนะ
4224,2026,10.0,ชาย,ไม่ระบุ,บ้านแหลม,เพชรบุรี,18/1/2026,ไม่ระบุ,บ้านแหลม,เพชรบุรี,,,V892,ไม่ระบุพาหนะ
4225,2026,56.0,ชาย,ไม่ระบุ,แม่ใจ,พะเยา,31/1/2026,ไม่ระบุ,แม่ใจ,พะเยา,,,V892,ไม่ระบุพาหนะ
4226,2026,34.0,ชาย,ไม่ระบุ,พิบูลมังสาหาร,อุบลราชธานี,11/2/2026,ไม่ระบุ,พิบูลมังสาหาร,อุบลราชธานี,,,V892,ไม่ระบุพาหนะ
4227,2026,65.0,ชาย,ไม่ระบุ,เมืองสระบุรี,สระบุรี,3/3/2026,ไม่ระบุ,เมืองสระบุรี,สระบุรี,,,V892,ไม่ระบุพาหนะ
4228,2026,59.0,ชาย,ไม่ระบุ,สังขะ,สุรินทร์,7/3/2026,ไม่ระบุ,สังขะ,สุรินทร์,,,V892,ไม่ระบุพาหนะ
4229,2026,42.0,ชาย,ไม่ระบุ,เขาวง,กาฬสินธุ์,14/3/2026,ไม่ระบุ,เขาวง,กาฬสินธุ์,,,V892,ไม่ระบุพาหนะ
4230,2026,65.0,หญิง,ไม่ระบุ,เมืองพิษณุโลก,พิษณุโลก,12/3/2026,ไม่ระบุ,เมืองพิษณุโลก,พิษณุโลก,,,V892,ไม่ระบุพาหนะ
4231,2026,27.0,ชาย,ไม่ระบุ,เมืองสุราษฎร์ธานี,สุราษฎร์ธานี,30/3/2026,ไม่ระบุ,เมืองสุราษฎร์ธานี,สุราษฎร์ธานี,,,V892,ไม่ระบุพาหนะ
4232,2026,31.0,หญิง,ไม่ระบุ,เมืองปทุมธานี,ปทุมธานี,12/1/2026,ไม่ระบุ,เมืองปทุมธานี,ปทุมธานี,,,V892,ไม่ระบุพาหนะ
4233,2026,45.0,ชาย,ไม่ระบุ,เขาฉกรรจ์,สระแก้ว,20/1/2026,ไม่ระบุ,เขาฉกรรจ์,สระแก้ว,,,V486,รถยนต์
4234,2026,64.0,ชาย,ไม่ระบุ,สีชมพู,ขอนแก่น,11/1/2026,ไม่ระบุ,สีชมพู,ขอนแก่น,,,V892,ไม่ระบุพาหนะ
4235,2026,23.0,ชาย,ไม่ระบุ,เวียงแก่น,เชียงราย,8/1/2026,ไม่ระบุ,เวียงแก่น,เชียงราย,,,V892,ไม่ระบุพาหนะ
4236,2026,14.0,ชาย,ไม่ระบุ,เมืองอุบลราชธานี,อุบลราชธานี,24/2/2026,ไม่ระบุ,เมืองอุบลราชธานี,อุบลราชธานี,,,V892,ไม่ระบุพาหนะ
4237,2026,30.0,ชาย,ไม่ระบุ,เมืองสระบุรี,สระบุรี,4/3/2026,ไม่ระบุ,เมืองสระบุรี,สระบุรี,,,V892,ไม่ระบุพาหนะ
4238,2026,73.0,หญิง,ไม่ระบุ,กุฉินารายณ์,กาฬสินธุ์,10/3/2026,ไม่ระบุ,กุฉินารายณ์,กาฬสินธุ์,,,V234,รถจักรยานยนต์
4239,2026,28.0,ชาย,ไม่ระบุ,เมืองสุราษฎร์ธานี,สุราษฎร์ธานี,12/3/2026,ไม่ระบุ,เมืองสุราษฎร์ธานี,สุราษฎร์ธานี,,,V892,ไม่ระบุพาหนะ
4240,2026,71.0,ชาย,ไม่ระบุ,วังน้ำเย็น,สระแก้ว,2/1/2026,ไม่ระบุ,วังน้ำเย็น,สระแก้ว,,,V299,รถจักรยานยนต์
4241,2026,15.0,ชาย,ไม่ระบุ,เชียงของ,เชียงราย,21/1/2026,ไม่ระบุ,เชียงของ,เชียงราย,,,V892,ไม่ระบุพาหนะ
4242,2026,58.0,ชาย,ไม่ระบุ,เมืองกำแพงเพชร,กำแพงเพชร,30/1/2026,ไม่ระบุ,เมืองกำแพงเพชร,กำแพงเพชร,,,V892,ไม่ระบุพาหนะ
4243,2026,46.0,ชาย,ไม่ระบุ,เมืองอุบลราชธานี,อุบลราชธานี,17/2/2026,ไม่ระบุ,เมืองอุบลราชธานี,อุบลราชธานี,,,V299,รถจักรยานยนต์
4244,2026,67.0,ชาย,ไม่ระบุ,เมืองลำพูน,ลำพูน,4/2/2026,ไม่ระบุ,เมืองลำพูน,ลำพูน,,,V892,ไม่ระบุพาหนะ
4245,2026,21.0,ชาย,ไม่ระบุ,อู่ทอง,สุพรรณบุรี,13/2/2026,ไม่ระบุ,อู่ทอง,สุพรรณบุรี,,,V892,ไม่ระบุพาหนะ
4246,2026,47.0,ชาย,ไม่ระบุ,เมืองสระบุรี,สระบุรี,3/3/2026,ไม่ระบุ,เมืองสระบุรี,สระบุรี,,,V892,ไม่ระบุพาหนะ
4247,2026,65.0,ชาย,ไม่ระบุ,กิ่งอำเภอศรีณรงค์,สุรินทร์,2/3/2026,ไม่ระบุ,กิ่งอำเภอศรีณรงค์,สุรินทร์,,,V892,ไม่ระบุพาหนะ
4248,2026,42.0,ชาย,ไม่ระบุ,เมืองพิษณุโลก,พิษณุโลก,11/3/2026,ไม่ระบุ,เมืองพิษณุโลก,พิษณุโลก,,,V892,ไม่ระบุพาหนะ
4249,2026,15.0,ชาย,ไม่ระบุ,ตาพระยา,สระแก้ว,20/1/2026,ไม่ระบุ,ตาพระยา,สระแก้ว,,,V294,รถจักรยานยนต์
4250,2026,62.0,ชาย,ไม่ระบุ,เมืองเชียงราย,เชียงราย,23/1/2026,ไม่ระบุ,เมืองเชียงราย,เชียงราย,,,V299,รถจักรยานยนต์
4251,2026,35.0,ชาย,ไม่ระบุ,เมืองชลบุรี,ชลบุรี,15/2/2026,ไม่ระบุ,เมืองชลบุรี,ชลบุรี,,,V892,ไม่ระบุพาหนะ
4252,2026,47.0,ชาย,ไม่ระบุ,หนองหญ้าไซ,สุพรรณบุรี,18/2/2026,ไม่ระบุ,หนองหญ้าไซ,สุพรรณบุรี,,,V892,ไม่ระบุพาหนะ
4253,2026,54.0,ชาย,ไม่ระบุ,ยางตลาด,กาฬสินธุ์,28/2/2026,ไม่ระบุ,ยางตลาด,กาฬสินธุ์,,,V892,ไม่ระบุพาหนะ
4254,2026,75.0,ชาย,ไม่ระบุ,เมืองสุรินทร์,สุรินทร์,27/3/2026,ไม่ระบุ,เมืองสุรินทร์,สุรินทร์,,,V229,รถจักรยานยนต์
4255,2026,61.0,ชาย,ไม่ระบุ,เมืองกาฬสินธุ์,กาฬสินธุ์,23/3/2026,ไม่ระบุ,เมืองกาฬสินธุ์,กาฬสินธุ์,,,V892,ไม่ระบุพาหนะ
4256,2026,16.0,ชาย,ไม่ระบุ,เมืองพิษณุโลก,พิษณุโลก,4/3/2026,ไม่ระบุ,เมืองพิษณุโลก,พิษณุโลก,,,V892,ไม่ระบุพาหนะ
4257,2026,64.0,หญิง,ไม่ระบุ,เมืองระนอง,ระนอง,23/3/2026,ไม่ระบุ,เมืองระนอง,ระนอง,,,V892,ไม่ระบุพาหนะ
4258,2026,17.0,ชาย,ไม่ระบุ,บ้านไผ่,ขอนแก่น,11/1/2026,ไม่ระบุ,บ้านไผ่,ขอนแก่น,,,V294,รถจักรยานยนต์
4259,2026,63.0,ชาย,ไม่ระบุ,ขุนตาล,เชียงราย,10/1/2026,ไม่ระบุ,ขุนตาล,เชียงราย,,,V284,รถจักรยานยนต์
4260,2026,79.0,ชาย,ไม่ระบุ,เมืองอุบลราชธานี,อุบลราชธานี,10/2/2026,ไม่ระบุ,เมืองอุบลราชธานี,อุบลราชธานี,,,V892,ไม่ระบุพาหนะ
4261,2026,28.0,ชาย,ไม่ระบุ,เมืองลำพูน,ลำพูน,21/2/2026,ไม่ระบุ,เมืองลำพูน,ลำพูน,,,V892,ไม่ระบุพาหนะ
4262,2026,30.0,ชาย,ไม่ระบุ,ดอนเจดีย์,สุพรรณบุรี,17/2/2026,ไม่ระบุ,ดอนเจดีย์,สุพรรณบุรี,,,V289,รถจักรยานยนต์
4263,2026,64.0,หญิง,ไม่ระบุ,เมืองสระบุรี,สระบุรี,7/3/2026,ไม่ระบุ,เมืองสระบุรี,สระบุรี,,,V892,ไม่ระบุพาหนะ
4264,2026,58.0,ชาย,ไม่ระบุ,เมืองกาฬสินธุ์,กาฬสินธุ์,23/3/2026,ไม่ระบุ,เมืองกาฬสินธุ์,กาฬสินธุ์,,,V892,ไม่ระบุพาหนะ
4265,2026,26.0,ชาย,ไม่ระบุ,เมืองพิษณุโลก,พิษณุโลก,4/3/2026,ไม่ระบุ,เมืองพิษณุโลก,พิษณุโลก,,,V892,ไม่ระบุพาหนะ
4266,2026,67.0,ชาย,ไม่ระบุ,คลองหลวง,ปทุมธานี,22/1/2026,ไม่ระบุ,คลองหลวง,ปทุมธานี,,,V892,ไม่ระบุพาหนะ
4267,2026,16.0,ชาย,ไม่ระบุ,เมืองสระแก้ว,สระแก้ว,25/1/2026,ไม่ระบุ,เมืองสระแก้ว,สระแก้ว,,,V892,ไม่ระบุพาหนะ
4268,2026,49.0,ชาย,ไม่ระบุ,บ้านไผ่,ขอนแก่น,19/1/2026,ไม่ระบุ,บ้านไผ่,ขอนแก่น,,,V479,รถยนต์
4269,2026,43.0,ชาย,ไม่ระบุ,เมืองเชียงราย,เชียงราย,27/1/2026,ไม่ระบุ,เมืองเชียงราย,เชียงราย,,,V892,ไม่ระบุพาหนะ
4270,2026,49.0,ชาย,ไม่ระบุ,บ้านบึง,ชลบุรี,4/2/2026,ไม่ระบุ,บ้านบึง,ชลบุรี,,,V892,ไม่ระบุพาหนะ
4271,2026,63.0,ชาย,ไม่ระบุ,เมืองอุบลราชธานี,อุบลราชธานี,11/2/2026,ไม่ระบุ,เมืองอุบลราชธานี,อุบลราชธานี,,,V892,ไม่ระบุพาหนะ
4272,2026,73.0,ชาย,ไม่ระบุ,เมืองสระบุรี,สระบุรี,5/3/2026,ไม่ระบุ,เมืองสระบุรี,สระบุรี,,,V892,ไม่ระบุพาหนะ
4273,2026,61.0,ชาย,ไม่ระบุ,เมืองกาฬสินธุ์,กาฬสินธุ์,17/3/2026,ไม่ระบุ,เมืองกาฬสินธุ์,กาฬสินธุ์,,,V892,ไม่ระบุพาหนะ
4274,2026,62.0,ชาย,ไม่ระบุ,เมืองสระแก้ว,สระแก้ว,25/1/2026,ไม่ระบุ,เมืองสระแก้ว,สระแก้ว,,,V892,ไม่ระบุพาหนะ
4275,2026,60.0,หญิง,ไม่ระบุ,เมืองเชียงราย,เชียงราย,29/1/2026,ไม่ระบุ,เมืองเชียงราย,เชียงราย,,,V892,ไม่ระบุพาหนะ
4276,2026,42.0,ชาย,ไม่ระบุ,กงไกรลาศ,สุโขทัย,30/1/2026,ไม่ระบุ,กงไกรลาศ,สุโขทัย,,,V299,รถจักรยานยนต์
4277,2026,35.0,ชาย,ไม่ระบุ,บางละมุง,ชลบุรี,18/2/2026,ไม่ระบุ,บางละมุง,ชลบุรี,,,V892,ไม่ระบุพาหนะ
4278,2026,50.0,ชาย,ไม่ระบุ,เมืองอุบลราชธานี,อุบลราชธานี,12/2/2026,ไม่ระบุ,เมืองอุบลราชธานี,อุบลราชธานี,,,V892,ไม่ระบุพาหนะ
4279,2026,61.0,ชาย,ไม่ระบุ,เมืองสระบุรี,สระบุรี,12/3/2026,ไม่ระบุ,เมืองสระบุรี,สระบุรี,,,V189,รถจักรยาน
4280,2026,68.0,ชาย,ไม่ระบุ,กิ่งอำเภอสากเหล็ก,พิจิตร,29/3/2026,ไม่ระบุ,กิ่งอำเภอสากเหล็ก,พิจิตร,,,V892,ไม่ระบุพาหนะ
4281,2026,55.0,ชาย,ไม่ระบุ,เมืองสระแก้ว,สระแก้ว,4/1/2026,ไม่ระบุ,เมืองสระแก้ว,สระแก้ว,,,V892,ไม่ระบุพาหนะ
4282,2026,65.0,ชาย,ไม่ระบุ,มัญจาคีรี,ขอนแก่น,2/1/2026,ไม่ระบุ,มัญจาคีรี,ขอนแก่น,,,V189,รถจักรยาน
4283,2026,34.0,ชาย,ไม่ระบุ,เมืองเพชรบุรี,เพชรบุรี,7/1/2026,ไม่ระบุ,เมืองเพชรบุรี,เพชรบุรี,,,V892,ไม่ระบุพาหนะ
4284,2026,45.0,ชาย,ไม่ระบุ,บางระกำ,พิษณุโลก,30/1/2026,ไม่ระบุ,บางระกำ,พิษณุโลก,,,V892,ไม่ระบุพาหนะ
4285,2026,19.0,หญิง,ไม่ระบุ,บางละมุง,ชลบุรี,14/2/2026,ไม่ระบุ,บางละมุง,ชลบุรี,,,V299,รถจักรยานยนต์
4286,2026,46.0,หญิง,ไม่ระบุ,เมืองอุบลราชธานี,อุบลราชธานี,14/2/2026,ไม่ระบุ,เมืองอุบลราชธานี,อุบลราชธานี,,,V284,รถจักรยานยนต์
4287,2026,47.0,ชาย,ไม่ระบุ,ทุ่งหัวช้าง,ลำพูน,7/2/2026,ไม่ระบุ,ทุ่งหัวช้าง,ลำพูน,,,V299,รถจักรยานยนต์
4288,2026,54.0,ชาย,ไม่ระบุ,ด่านช้าง,สุพรรณบุรี,3/2/2026,ไม่ระบุ,ด่านช้าง,สุพรรณบุรี,,,V892,ไม่ระบุพาหนะ
4289,2026,57.0,ชาย,ไม่ระบุ,เมืองสระบุรี,สระบุรี,12/3/2026,ไม่ระบุ,เมืองสระบุรี,สระบุรี,,,V892,ไม่ระบุพาหนะ
4290,2026,22.0,ชาย,ไม่ระบุ,กิ่งอำเภอบึงนาราง,พิจิตร,15/3/2026,ไม่ระบุ,กิ่งอำเภอบึงนาราง,พิจิตร,,,V892,ไม่ระบุพาหนะ
4291,2026,68.0,ชาย,ไม่ระบุ,ท่าแซะ,ชุมพร,23/3/2026,ไม่ระบุ,ท่าแซะ,ชุมพร,,,V892,ไม่ระบุพาหนะ
4292,2026,60.0,ชาย,ไม่ระบุ,เมืองสระแก้ว,สระแก้ว,3/1/2026,ไม่ระบุ,เมืองสระแก้ว,สระแก้ว,,,V099,คนเดินเท้า
4293,2026,49.0,ชาย,ไม่ระบุ,น้ำพอง,ขอนแก่น,16/1/2026,ไม่ระบุ,น้ำพอง,ขอนแก่น,,,V299,รถจักรยานยนต์
4294,2026,63.0,ชาย,ไม่ระบุ,กุยบุรี,ประจวบคีรีขันธ์,18/1/2026,ไม่ระบุ,กุยบุรี,ประจวบคีรีขันธ์,,,V892,ไม่ระบุพาหนะ
4295,2026,29.0,ชาย,ไม่ระบุ,เดิมบางนางบวช,สุพรรณบุรี,22/2/2026,ไม่ระบุ,เดิมบางนางบวช,สุพรรณบุรี,,,V892,ไม่ระบุพาหนะ
4296,2026,66.0,หญิง,ไม่ระบุ,เมืองสระบุรี,สระบุรี,15/3/2026,ไม่ระบุ,เมืองสระบุรี,สระบุรี,,,V892,ไม่ระบุพาหนะ
4297,2026,52.0,หญิง,ไม่ระบุ,เมืองสุรินทร์,สุรินทร์,24/3/2026,ไม่ระบุ,เมืองสุรินทร์,สุรินทร์,,,V234,รถจักรยานยนต์
4298,2026,67.0,ชาย,ไม่ระบุ,สามง่าม,พิจิตร,1/3/2026,ไม่ระบุ,สามง่าม,พิจิตร,,,V892,ไม่ระบุพาหนะ
4299,2026,76.0,หญิง,ไม่ระบุ,เมืองสระแก้ว,สระแก้ว,10/1/2026,ไม่ระบุ,เมืองสระแก้ว,สระแก้ว,,,V284,รถจักรยานยนต์
4300,2026,34.0,ชาย,ไม่ระบุ,เมืองเชียงราย,เชียงราย,22/1/2026,ไม่ระบุ,เมืองเชียงราย,เชียงราย,,,V892,ไม่ระบุพาหนะ
4301,2026,27.0,หญิง,ไม่ระบุ,ทับสะแก,ประจวบคีรีขันธ์,29/1/2026,ไม่ระบุ,ทับสะแก,ประจวบคีรีขันธ์,,,V892,ไม่ระบุพาหนะ
4302,2026,68.0,ชาย,ไม่ระบุ,หนองไผ่,เพชรบูรณ์,28/1/2026,ไม่ระบุ,หนองไผ่,เพชรบูรณ์,,,V049,คนเดินเท้า
4303,2026,35.0,ชาย,ไม่ระบุ,บางละมุง,ชลบุรี,22/2/2026,ไม่ระบุ,บางละมุง,ชลบุรี,,,V892,ไม่ระบุพาหนะ
4304,2026,89.0,ชาย,ไม่ระบุ,เมืองอุบลราชธานี,อุบลราชธานี,5/2/2026,ไม่ระบุ,เมืองอุบลราชธานี,อุบลราชธานี,,,V892,ไม่ระบุพาหนะ
4305,2026,23.0,ชาย,ไม่ระบุ,เดิมบางนางบวช,สุพรรณบุรี,22/2/2026,ไม่ระบุ,เดิมบางนางบวช,สุพรรณบุรี,,,V892,ไม่ระบุพาหนะ
4306,2026,52.0,หญิง,ไม่ระบุ,นิคมคำสร้อย,มุกดาหาร,27/2/2026,ไม่ระบุ,นิคมคำสร้อย,มุกดาหาร,,,V299,รถจักรยานยนต์
4307,2026,49.0,หญิง,ไม่ระบุ,เมืองลพบุรี,ลพบุรี,18/3/2026,ไม่ระบุ,เมืองลพบุรี,ลพบุรี,,,V892,ไม่ระบุพาหนะ
4308,2026,15.0,ชาย,ไม่ระบุ,เมืองสระแก้ว,สระแก้ว,8/1/2026,ไม่ระบุ,เมืองสระแก้ว,สระแก้ว,,,V892,ไม่ระบุพาหนะ
4309,2026,37.0,ชาย,ไม่ระบุ,กระนวน,ขอนแก่น,15/1/2026,ไม่ระบุ,กระนวน,ขอนแก่น,,,V892,ไม่ระบุพาหนะ
4310,2026,55.0,ชาย,ไม่ระบุ,เมืองเชียงราย,เชียงราย,24/1/2026,ไม่ระบุ,เมืองเชียงราย,เชียงราย,,,V892,ไม่ระบุพาหนะ
4311,2026,30.0,ชาย,ไม่ระบุ,ศรีราชา,ชลบุรี,11/2/2026,ไม่ระบุ,ศรีราชา,ชลบุรี,,,V892,ไม่ระบุพาหนะ
4312,2026,17.0,หญิง,ไม่ระบุ,เดิมบางนางบวช,สุพรรณบุรี,22/2/2026,ไม่ระบุ,เดิมบางนางบวช,สุพรรณบุรี,,,V892,ไม่ระบุพาหนะ
4313,2026,60.0,ชาย,ไม่ระบุ,เมืองมุกดาหาร,มุกดาหาร,27/2/2026,ไม่ระบุ,เมืองมุกดาหาร,มุกดาหาร,,,V039,คนเดินเท้า
4314,2026,40.0,ชาย,ไม่ระบุ,เมืองสระบุรี,สระบุรี,23/3/2026,ไม่ระบุ,เมืองสระบุรี,สระบุรี,,,V892,ไม่ระบุพาหนะ
4315,2026,71.0,หญิง,ไม่ระบุ,เมืองสุรินทร์,สุรินทร์,16/3/2026,ไม่ระบุ,เมืองสุรินทร์,สุรินทร์,,,V892,ไม่ระบุพาหนะ
4316,2026,66.0,ชาย,ไม่ระบุ,เมืองเพชรบูรณ์,เพชรบูรณ์,27/3/2026,ไม่ระบุ,เมืองเพชรบูรณ์,เพชรบูรณ์,,,V892,ไม่ระบุพาหนะ
4317,2026,55.0,หญิง,ไม่ระบุ,เมืองชุมพร,ชุมพร,28/3/2026,ไม่ระบุ,เมืองชุมพร,ชุมพร,,,V892,ไม่ระบุพาหนะ
4318,2026,58.0,หญิง,ไม่ระบุ,เมืองนครราชสีมา,นครราชสีมา,8/1/2026,ไม่ระบุ,เมืองนครราชสีมา,นครราชสีมา,,,V892,ไม่ระบุพาหนะ
4319,2026,40.0,ชาย,ไม่ระบุ,เมืองขอนแก่น,ขอนแก่น,26/1/2026,ไม่ระบุ,เมืองขอนแก่น,ขอนแก่น,,,V892,ไม่ระบุพาหนะ
4320,2026,35.0,ชาย,ไม่ระบุ,เมืองเชียงราย,เชียงราย,14/1/2026,ไม่ระบุ,เมืองเชียงราย,เชียงราย,,,V892,ไม่ระบุพาหนะ
4321,2026,48.0,หญิง,ไม่ระบุ,เมืองอุบลราชธานี,อุบลราชธานี,5/2/2026,ไม่ระบุ,เมืองอุบลราชธานี,อุบลราชธานี,,,V892,ไม่ระบุพาหนะ
4322,2026,57.0,ชาย,ไม่ระบุ,เมืองปทุมธานี,ปทุมธานี,10/1/2026,ไม่ระบุ,เมืองปทุมธานี,ปทุมธานี,,,V892,ไม่ระบุพาหนะ
4323,2026,67.0,ชาย,ไม่ระบุ,ท่าม่วง,กาญจนบุรี,29/1/2026,ไม่ระบุ,ท่าม่วง,กาญจนบุรี,,,V892,ไม่ระบุพาหนะ
4324,2026,59.0,ชาย,ไม่ระบุ,เมืองลำปาง,ลำปาง,12/2/2026,ไม่ระบุ,เมืองลำปาง,ลำปาง,,,V892,ไม่ระบุพาหนะ
4325,2026,38.0,ชาย,ไม่ระบุ,สองพี่น้อง,สุพรรณบุรี,3/2/2026,ไม่ระบุ,สองพี่น้อง,สุพรรณบุรี,,,V892,ไม่ระบุพาหนะ
4326,2026,82.0,ชาย,ไม่ระบุ,แม่แตง,เชียงใหม่,28/2/2026,ไม่ระบุ,แม่แตง,เชียงใหม่,,,V892,ไม่ระบุพาหนะ
4327,2026,51.0,ชาย,ไม่ระบุ,เมืองสุรินทร์,สุรินทร์,3/3/2026,ไม่ระบุ,เมืองสุรินทร์,สุรินทร์,,,V892,ไม่ระบุพาหนะ
4328,2026,68.0,ชาย,ไม่ระบุ,เมืองชุมพร,ชุมพร,3/3/2026,ไม่ระบุ,เมืองชุมพร,ชุมพร,,,V892,ไม่ระบุพาหนะ
4329,2026,80.0,ชาย,ไม่ระบุ,เมืองนครราชสีมา,นครราชสีมา,23/1/2026,ไม่ระบุ,เมืองนครราชสีมา,นครราชสีมา,,,V892,ไม่ระบุพาหนะ
4330,2026,56.0,ชาย,ไม่ระบุ,เมืองขอนแก่น,ขอนแก่น,6/1/2026,ไม่ระบุ,เมืองขอนแก่น,ขอนแก่น,,,V892,ไม่ระบุพาหนะ
4331,2026,50.0,ชาย,ไม่ระบุ,เมืองเชียงราย,เชียงราย,21/1/2026,ไม่ระบุ,เมืองเชียงราย,เชียงราย,,,V892,ไม่ระบุพาหนะ
4332,2026,39.0,ชาย,ไม่ระบุ,เมืองอุบลราชธานี,อุบลราชธานี,5/2/2026,ไม่ระบุ,เมืองอุบลราชธานี,อุบลราชธานี,,,V299,รถจักรยานยนต์
4333,2026,83.0,ชาย,ไม่ระบุ,เกาะคา,ลำปาง,9/2/2026,ไม่ระบุ,เกาะคา,ลำปาง,,,V099,คนเดินเท้า
4334,2026,54.0,ชาย,ไม่ระบุ,เมืองสุพรรณบุรี,สุพรรณบุรี,12/2/2026,ไม่ระบุ,เมืองสุพรรณบุรี,สุพรรณบุรี,,,V892,ไม่ระบุพาหนะ
4335,2026,54.0,หญิง,ไม่ระบุ,บ้านบึง,ชลบุรี,23/3/2026,ไม่ระบุ,บ้านบึง,ชลบุรี,,,V892,ไม่ระบุพาหนะ
4336,2026,53.0,ชาย,ไม่ระบุ,น้ำพอง,ขอนแก่น,28/3/2026,ไม่ระบุ,น้ำพอง,ขอนแก่น,,,V892,ไม่ระบุพาหนะ
4337,2026,64.0,หญิง,ไม่ระบุ,เมืองปทุมธานี,ปทุมธานี,16/1/2026,ไม่ระบุ,เมืองปทุมธานี,ปทุมธานี,,,V892,ไม่ระบุพาหนะ
4338,2026,28.0,ชาย,ไม่ระบุ,ครบุรี,นครราชสีมา,25/1/2026,ไม่ระบุ,ครบุรี,นครราชสีมา,,,V249,รถจักรยานยนต์
4339,2026,17.0,ชาย,ไม่ระบุ,เมืองขอนแก่น,ขอนแก่น,3/1/2026,ไม่ระบุ,เมืองขอนแก่น,ขอนแก่น,,,V892,ไม่ระบุพาหนะ
4340,2026,57.0,ชาย,ไม่ระบุ,เมืองเชียงราย,เชียงราย,19/1/2026,ไม่ระบุ,เมืองเชียงราย,เชียงราย,,,V892,ไม่ระบุพาหนะ
4341,2026,16.0,ชาย,ไม่ระบุ,เมืองนครปฐม,นครปฐม,31/1/2026,ไม่ระบุ,เมืองนครปฐม,นครปฐม,,,V892,ไม่ระบุพาหนะ
4342,2026,42.0,หญิง,ไม่ระบุ,งาว,ลำปาง,25/2/2026,ไม่ระบุ,งาว,ลำปาง,,,V289,รถจักรยานยนต์
4343,2026,15.0,ชาย,ไม่ระบุ,เมืองสุพรรณบุรี,สุพรรณบุรี,23/2/2026,ไม่ระบุ,เมืองสุพรรณบุรี,สุพรรณบุรี,,,V892,ไม่ระบุพาหนะ
4344,2026,34.0,ชาย,ไม่ระบุ,หนองใหญ่,ชลบุรี,17/3/2026,ไม่ระบุ,หนองใหญ่,ชลบุรี,,,V892,ไม่ระบุพาหนะ
4345,2026,47.0,ชาย,ไม่ระบุ,สว่างแดนดิน,สกลนคร,25/3/2026,ไม่ระบุ,สว่างแดนดิน,สกลนคร,,,V892,ไม่ระบุพาหนะ
4346,2026,51.0,ชาย,ไม่ระบุ,หล่มสัก,เพชรบูรณ์,9/3/2026,ไม่ระบุ,หล่มสัก,เพชรบูรณ์,,,V892,ไม่ระบุพาหนะ
4347,2026,60.0,ชาย,ไม่ระบุ,เมืองขอนแก่น,ขอนแก่น,31/3/2026,ไม่ระบุ,เมืองขอนแก่น,ขอนแก่น,,,V892,ไม่ระบุพาหนะ
4348,2026,47.0,หญิง,ไม่ระบุ,เมืองเชียงราย,เชียงราย,11/1/2026,ไม่ระบุ,เมืองเชียงราย,เชียงราย,,,V892,ไม่ระบุพาหนะ
4349,2026,51.0,ชาย,ไม่ระบุ,หัวหิน,ประจวบคีรีขันธ์,28/1/2026,ไม่ระบุ,หัวหิน,ประจวบคีรีขันธ์,,,V892,ไม่ระบุพาหนะ
4350,2026,22.0,ชาย,ไม่ระบุ,เมืองนครปฐม,นครปฐม,31/1/2026,ไม่ระบุ,เมืองนครปฐม,นครปฐม,,,V892,ไม่ระบุพาหนะ
4351,2026,69.0,ชาย,ไม่ระบุ,บ้านหลวง,น่าน,7/2/2026,ไม่ระบุ,บ้านหลวง,น่าน,,,V892,ไม่ระบุพาหนะ
4352,2026,34.0,ชาย,ไม่ระบุ,เมืองอุบลราชธานี,อุบลราชธานี,11/2/2026,ไม่ระบุ,เมืองอุบลราชธานี,อุบลราชธานี,,,V892,ไม่ระบุพาหนะ
4353,2026,77.0,ชาย,ไม่ระบุ,กำแพงแสน,นครปฐม,7/2/2026,ไม่ระบุ,กำแพงแสน,นครปฐม,,,V892,ไม่ระบุพาหนะ
4354,2026,84.0,ชาย,ไม่ระบุ,สันกำแพง,เชียงใหม่,28/2/2026,ไม่ระบุ,สันกำแพง,เชียงใหม่,,,V892,ไม่ระบุพาหนะ
4355,2026,31.0,ชาย,ไม่ระบุ,ขุขันธ์,ศรีสะเกษ,4/3/2026,ไม่ระบุ,ขุขันธ์,ศรีสะเกษ,,,V499,รถยนต์
4356,2026,69.0,ชาย,ไม่ระบุ,เมืองสกลนคร,สกลนคร,15/3/2026,ไม่ระบุ,เมืองสกลนคร,สกลนคร,,,V892,ไม่ระบุพาหนะ
4357,2026,28.0,ชาย,ไม่ระบุ,เมืองขอนแก่น,ขอนแก่น,20/1/2026,ไม่ระบุ,เมืองขอนแก่น,ขอนแก่น,,,V892,ไม่ระบุพาหนะ
4358,2026,56.0,หญิง,ไม่ระบุ,เมืองเชียงราย,เชียงราย,7/1/2026,ไม่ระบุ,เมืองเชียงราย,เชียงราย,,,V892,ไม่ระบุพาหนะ
4359,2026,35.0,ชาย,ไม่ระบุ,หัวหิน,ประจวบคีรีขันธ์,27/1/2026,ไม่ระบุ,หัวหิน,ประจวบคีรีขันธ์,,,V892,ไม่ระบุพาหนะ
4360,2026,43.0,หญิง,ไม่ระบุ,ห้างฉัตร,ลำปาง,14/2/2026,ไม่ระบุ,ห้างฉัตร,ลำปาง,,,V892,ไม่ระบุพาหนะ
4361,2026,65.0,ชาย,ไม่ระบุ,เมืองลำพูน,ลำพูน,27/2/2026,ไม่ระบุ,เมืองลำพูน,ลำพูน,,,V892,ไม่ระบุพาหนะ
4362,2026,70.0,ชาย,ไม่ระบุ,พานทอง,ชลบุรี,28/3/2026,ไม่ระบุ,พานทอง,ชลบุรี,,,V892,ไม่ระบุพาหนะ
4363,2026,66.0,หญิง,ไม่ระบุ,โพนนาแก้ว,สกลนคร,12/3/2026,ไม่ระบุ,โพนนาแก้ว,สกลนคร,,,V239,รถจักรยานยนต์
4364,2026,31.0,ชาย,ไม่ระบุ,เมืองขอนแก่น,ขอนแก่น,13/1/2026,ไม่ระบุ,เมืองขอนแก่น,ขอนแก่น,,,V892,ไม่ระบุพาหนะ
4365,2026,34.0,ชาย,ไม่ระบุ,เมืองเชียงราย,เชียงราย,11/1/2026,ไม่ระบุ,เมืองเชียงราย,เชียงราย,,,V892,ไม่ระบุพาหนะ
4366,2026,18.0,ชาย,ไม่ระบุ,หัวหิน,ประจวบคีรีขันธ์,15/1/2026,ไม่ระบุ,หัวหิน,ประจวบคีรีขันธ์,,,V892,ไม่ระบุพาหนะ
4367,2026,24.0,หญิง,ไม่ระบุ,ปลวกแดง,ระยอง,7/2/2026,ไม่ระบุ,ปลวกแดง,ระยอง,,,V299,รถจักรยานยนต์
4368,2026,34.0,ชาย,ไม่ระบุ,เมืองอุบลราชธานี,อุบลราชธานี,1/2/2026,ไม่ระบุ,เมืองอุบลราชธานี,อุบลราชธานี,,,V284,รถจักรยานยนต์
4369,2026,39.0,ชาย,ไม่ระบุ,แม่เมาะ,ลำปาง,16/2/2026,ไม่ระบุ,แม่เมาะ,ลำปาง,,,V892,ไม่ระบุพาหนะ
4370,2026,2.0,ชาย,ไม่ระบุ,แม่เมาะ,ลำปาง,28/2/2026,ไม่ระบุ,แม่เมาะ,ลำปาง,,,V892,ไม่ระบุพาหนะ
4371,2026,26.0,หญิง,ไม่ระบุ,พานทอง,ชลบุรี,16/3/2026,ไม่ระบุ,พานทอง,ชลบุรี,,,V239,รถจักรยานยนต์
4372,2026,60.0,หญิง,ไม่ระบุ,รัตภูมิ,สงขลา,4/3/2026,ไม่ระบุ,รัตภูมิ,สงขลา,,,V892,ไม่ระบุพาหนะ
4373,2026,22.0,ชาย,ไม่ระบุ,เมืองขอนแก่น,ขอนแก่น,12/1/2026,ไม่ระบุ,เมืองขอนแก่น,ขอนแก่น,,,V892,ไม่ระบุพาหนะ
4374,2026,0.0,ชาย,ไม่ระบุ,เมืองเชียงราย,เชียงราย,9/1/2026,ไม่ระบุ,เมืองเชียงราย,เชียงราย,,,V892,ไม่ระบุพาหนะ
4375,2026,43.0,ชาย,ไม่ระบุ,หัวหิน,ประจวบคีรีขันธ์,9/1/2026,ไม่ระบุ,หัวหิน,ประจวบคีรีขันธ์,,,V892,ไม่ระบุพาหนะ
4376,2026,22.0,ชาย,ไม่ระบุ,ปลวกแดง,ระยอง,7/2/2026,ไม่ระบุ,ปลวกแดง,ระยอง,,,V299,รถจักรยานยนต์
4377,2026,28.0,ชาย,ไม่ระบุ,งาว,ลำปาง,16/2/2026,ไม่ระบุ,งาว,ลำปาง,,,V299,รถจักรยานยนต์
4378,2026,80.0,หญิง,ไม่ระบุ,กำแพงแสน,นครปฐม,27/2/2026,ไม่ระบุ,กำแพงแสน,นครปฐม,,,V892,ไม่ระบุพาหนะ
4379,2026,23.0,หญิง,ไม่ระบุ,กิ่งอำเภอนิคมพัฒนา,ระยอง,25/2/2026,ไม่ระบุ,กิ่งอำเภอนิคมพัฒนา,ระยอง,,,V892,ไม่ระบุพาหนะ
4380,2026,40.0,ชาย,ไม่ระบุ,สัตหีบ,ชลบุรี,22/3/2026,ไม่ระบุ,สัตหีบ,ชลบุรี,,,V892,ไม่ระบุพาหนะ
4381,2026,60.0,ชาย,ไม่ระบุ,รัตภูมิ,สงขลา,3/3/2026,ไม่ระบุ,รัตภูมิ,สงขลา,,,V892,ไม่ระบุพาหนะ
4382,2026,68.0,หญิง,ไม่ระบุ,เมืองขอนแก่น,ขอนแก่น,7/1/2026,ไม่ระบุ,เมืองขอนแก่น,ขอนแก่น,,,V299,รถจักรยานยนต์
4383,2026,45.0,ชาย,ไม่ระบุ,เมืองเชียงราย,เชียงราย,3/1/2026,ไม่ระบุ,เมืองเชียงราย,เชียงราย,,,V892,ไม่ระบุพาหนะ
4384,2026,61.0,ชาย,ไม่ระบุ,กาญจนดิษฐ์,สุราษฎร์ธานี,10/1/2026,ไม่ระบุ,กาญจนดิษฐ์,สุราษฎร์ธานี,,,V892,ไม่ระบุพาหนะ
4385,2026,28.0,หญิง,ไม่ระบุ,กิ่งอำเภอนิคมพัฒนา,ระยอง,18/2/2026,ไม่ระบุ,กิ่งอำเภอนิคมพัฒนา,ระยอง,,,V892,ไม่ระบุพาหนะ
4386,2026,54.0,ชาย,ไม่ระบุ,กำแพงแสน,นครปฐม,25/2/2026,ไม่ระบุ,กำแพงแสน,นครปฐม,,,V892,ไม่ระบุพาหนะ
4387,2026,36.0,ชาย,ไม่ระบุ,กิ่งอำเภอภูเพียง,น่าน,27/2/2026,ไม่ระบุ,กิ่งอำเภอภูเพียง,น่าน,,,V049,คนเดินเท้า
4388,2026,69.0,หญิง,ไม่ระบุ,สัตหีบ,ชลบุรี,3/3/2026,ไม่ระบุ,สัตหีบ,ชลบุรี,,,V892,ไม่ระบุพาหนะ
4389,2026,28.0,ชาย,ไม่ระบุ,เมืองสกลนคร,สกลนคร,19/3/2026,ไม่ระบุ,เมืองสกลนคร,สกลนคร,,,V892,ไม่ระบุพาหนะ
4390,2026,71.0,ชาย,ไม่ระบุ,หนองไผ่,เพชรบูรณ์,3/3/2026,ไม่ระบุ,หนองไผ่,เพชรบูรณ์,,,V892,ไม่ระบุพาหนะ
4391,2026,47.0,หญิง,ไม่ระบุ,หาดใหญ่,สงขลา,1/3/2026,ไม่ระบุ,หาดใหญ่,สงขลา,,,V892,ไม่ระบุพาหนะ
4392,2026,40.0,หญิง,ไม่ระบุ,คลองหลวง,ปทุมธานี,26/1/2026,ไม่ระบุ,คลองหลวง,ปทุมธานี,,,V892,ไม่ระบุพาหนะ
4393,2026,39.0,ชาย,ไม่ระบุ,เมืองเชียงราย,เชียงราย,5/1/2026,ไม่ระบุ,เมืองเชียงราย,เชียงราย,,,V892,ไม่ระบุพาหนะ
4394,2026,54.0,ชาย,ไม่ระบุ,กิ่งอำเภอนิคมพัฒนา,ระยอง,18/2/2026,ไม่ระบุ,กิ่งอำเภอนิคมพัฒนา,ระยอง,,,V239,รถจักรยานยนต์
4395,2026,68.0,ชาย,ไม่ระบุ,นครชัยศรี,นครปฐม,13/2/2026,ไม่ระบุ,นครชัยศรี,นครปฐม,,,V892,ไม่ระบุพาหนะ
4396,2026,45.0,ชาย,ไม่ระบุ,เมืองน่าน,น่าน,25/2/2026,ไม่ระบุ,เมืองน่าน,น่าน,,,V892,ไม่ระบุพาหนะ
4397,2026,50.0,ชาย,ไม่ระบุ,เมืองสกลนคร,สกลนคร,11/3/2026,ไม่ระบุ,เมืองสกลนคร,สกลนคร,,,V892,ไม่ระบุพาหนะ
4398,2026,57.0,หญิง,ไม่ระบุ,หาดใหญ่,สงขลา,1/3/2026,ไม่ระบุ,หาดใหญ่,สงขลา,,,V892,ไม่ระบุพาหนะ
4399,2026,64.0,ชาย,ไม่ระบุ,เมืองขอนแก่น,ขอนแก่น,3/1/2026,ไม่ระบุ,เมืองขอนแก่น,ขอนแก่น,,,V892,ไม่ระบุพาหนะ
4400,2026,52.0,ชาย,ไม่ระบุ,ท่าศาลา,นครศรีธรรมราช,14/1/2026,ไม่ระบุ,ท่าศาลา,นครศรีธรรมราช,,,V892,ไม่ระบุพาหนะ
4401,2026,24.0,หญิง,ไม่ระบุ,กิ่งอำเภอนิคมพัฒนา,ระยอง,25/2/2026,ไม่ระบุ,กิ่งอำเภอนิคมพัฒนา,ระยอง,,,V892,ไม่ระบุพาหนะ
4402,2026,16.0,ชาย,ไม่ระบุ,เมืองยโสธร,ยโสธร,4/2/2026,ไม่ระบุ,เมืองยโสธร,ยโสธร,,,V892,ไม่ระบุพาหนะ
4403,2026,68.0,ชาย,ไม่ระบุ,เมืองลำปาง,ลำปาง,13/2/2026,ไม่ระบุ,เมืองลำปาง,ลำปาง,,,V892,ไม่ระบุพาหนะ
4404,2026,31.0,ชาย,ไม่ระบุ,นครชัยศรี,นครปฐม,18/2/2026,ไม่ระบุ,นครชัยศรี,นครปฐม,,,V892,ไม่ระบุพาหนะ
4405,2026,32.0,ชาย,ไม่ระบุ,เมืองชลบุรี,ชลบุรี,1/3/2026,ไม่ระบุ,เมืองชลบุรี,ชลบุรี,,,V892,ไม่ระบุพาหนะ
4406,2026,68.0,ชาย,ไม่ระบุ,เมืองสกลนคร,สกลนคร,1/3/2026,ไม่ระบุ,เมืองสกลนคร,สกลนคร,,,V892,ไม่ระบุพาหนะ
4407,2026,20.0,ชาย,ไม่ระบุ,เมืองสงขลา,สงขลา,25/3/2026,ไม่ระบุ,เมืองสงขลา,สงขลา,,,V892,ไม่ระบุพาหนะ
4408,2026,50.0,หญิง,ไม่ระบุ,ด่านขุนทด,นครราชสีมา,26/1/2026,ไม่ระบุ,ด่านขุนทด,นครราชสีมา,,,V892,ไม่ระบุพาหนะ
4409,2026,22.0,ชาย,ไม่ระบุ,เมืองขอนแก่น,ขอนแก่น,3/1/2026,ไม่ระบุ,เมืองขอนแก่น,ขอนแก่น,,,V892,ไม่ระบุพาหนะ
4410,2026,62.0,ชาย,ไม่ระบุ,เมืองพังงา,พังงา,29/1/2026,ไม่ระบุ,เมืองพังงา,พังงา,,,V892,ไม่ระบุพาหนะ
4411,2026,44.0,ชาย,ไม่ระบุ,เมืองยโสธร,ยโสธร,4/2/2026,ไม่ระบุ,เมืองยโสธร,ยโสธร,,,V892,ไม่ระบุพาหนะ
4412,2026,82.0,ชาย,ไม่ระบุ,เมืองลำปาง,ลำปาง,1/2/2026,ไม่ระบุ,เมืองลำปาง,ลำปาง,,,V892,ไม่ระบุพาหนะ
4413,2026,65.0,ชาย,ไม่ระบุ,เมืองเชียงราย,เชียงราย,27/2/2026,ไม่ระบุ,เมืองเชียงราย,เชียงราย,,,V892,ไม่ระบุพาหนะ
4414,2026,23.0,ชาย,ไม่ระบุ,บ่อทอง,ชลบุรี,12/3/2026,ไม่ระบุ,บ่อทอง,ชลบุรี,,,V234,รถจักรยานยนต์
4415,2026,81.0,ชาย,ไม่ระบุ,เมืองสกลนคร,สกลนคร,8/3/2026,ไม่ระบุ,เมืองสกลนคร,สกลนคร,,,V892,ไม่ระบุพาหนะ
4416,2026,63.0,หญิง,ไม่ระบุ,เมืองสงขลา,สงขลา,13/3/2026,ไม่ระบุ,เมืองสงขลา,สงขลา,,,V892,ไม่ระบุพาหนะ
4417,2026,19.0,ชาย,ไม่ระบุ,คลองหลวง,ปทุมธานี,18/1/2026,ไม่ระบุ,คลองหลวง,ปทุมธานี,,,V892,ไม่ระบุพาหนะ
4418,2026,30.0,ชาย,ไม่ระบุ,กบินทร์บุรี,ปราจีนบุรี,1/1/2026,ไม่ระบุ,กบินทร์บุรี,ปราจีนบุรี,,,V289,รถจักรยานยนต์
4419,2026,22.0,ชาย,ไม่ระบุ,กิ่งอำเภอนิคมพัฒนา,ระยอง,3/2/2026,ไม่ระบุ,กิ่งอำเภอนิคมพัฒนา,ระยอง,,,V892,ไม่ระบุพาหนะ
4420,2026,41.0,ชาย,ไม่ระบุ,เมืองสกลนคร,สกลนคร,10/3/2026,ไม่ระบุ,เมืองสกลนคร,สกลนคร,,,V892,ไม่ระบุพาหนะ
4421,2026,66.0,ชาย,ไม่ระบุ,วิเชียรบุรี,เพชรบูรณ์,23/3/2026,ไม่ระบุ,วิเชียรบุรี,เพชรบูรณ์,,,V099,คนเดินเท้า
4422,2026,73.0,ชาย,ไม่ระบุ,เมืองสงขลา,สงขลา,11/3/2026,ไม่ระบุ,เมืองสงขลา,สงขลา,,,V892,ไม่ระบุพาหนะ
4423,2026,84.0,ชาย,ไม่ระบุ,หัวไทร,นครศรีธรรมราช,28/1/2026,ไม่ระบุ,หัวไทร,นครศรีธรรมราช,,,V892,ไม่ระบุพาหนะ
4424,2026,69.0,ชาย,ไม่ระบุ,เมืองภูเก็ต,ภูเก็ต,31/1/2026,ไม่ระบุ,เมืองภูเก็ต,ภูเก็ต,,,V892,ไม่ระบุพาหนะ
4425,2026,39.0,ชาย,ไม่ระบุ,กิ่งอำเภอนิคมพัฒนา,ระยอง,1/2/2026,ไม่ระบุ,กิ่งอำเภอนิคมพัฒนา,ระยอง,,,V892,ไม่ระบุพาหนะ
4426,2026,14.0,ชาย,ไม่ระบุ,ขุนหาญ,ศรีสะเกษ,28/3/2026,ไม่ระบุ,ขุนหาญ,ศรีสะเกษ,,,V892,ไม่ระบุพาหนะ
4427,2026,64.0,ชาย,ไม่ระบุ,เมืองสกลนคร,สกลนคร,7/3/2026,ไม่ระบุ,เมืองสกลนคร,สกลนคร,,,V892,ไม่ระบุพาหนะ
4428,2026,59.0,หญิง,ไม่ระบุ,วิเชียรบุรี,เพชรบูรณ์,25/3/2026,ไม่ระบุ,วิเชียรบุรี,เพชรบูรณ์,,,V299,รถจักรยานยนต์
4429,2026,55.0,หญิง,ไม่ระบุ,เมืองสงขลา,สงขลา,3/3/2026,ไม่ระบุ,เมืองสงขลา,สงขลา,,,V892,ไม่ระบุพาหนะ
4430,2026,25.0,หญิง,ไม่ระบุ,สีคิ้ว,นครราชสีมา,14/1/2026,ไม่ระบุ,สีคิ้ว,นครราชสีมา,,,V818,ไม่ระบุพาหนะ
4431,2026,35.0,ชาย,ไม่ระบุ,หนองใหญ่,ชลบุรี,24/1/2026,ไม่ระบุ,หนองใหญ่,ชลบุรี,,,V284,รถจักรยานยนต์
4432,2026,22.0,ชาย,ไม่ระบุ,หาดใหญ่,สงขลา,14/1/2026,ไม่ระบุ,หาดใหญ่,สงขลา,,,V892,ไม่ระบุพาหนะ
4433,2026,51.0,ชาย,ไม่ระบุ,เลิงนกทา,ยโสธร,6/2/2026,ไม่ระบุ,เลิงนกทา,ยโสธร,,,V289,รถจักรยานยนต์
4434,2026,22.0,ชาย,ไม่ระบุ,เมืองลำปาง,ลำปาง,8/2/2026,ไม่ระบุ,เมืองลำปาง,ลำปาง,,,V892,ไม่ระบุพาหนะ
4435,2026,25.0,ชาย,ไม่ระบุ,พุทธมณฑล,นครปฐม,12/2/2026,ไม่ระบุ,พุทธมณฑล,นครปฐม,,,V892,ไม่ระบุพาหนะ
4436,2026,53.0,ชาย,ไม่ระบุ,กิ่งอำเภอแม่เปิน,นครสวรรค์,23/2/2026,ไม่ระบุ,กิ่งอำเภอแม่เปิน,นครสวรรค์,,,V289,รถจักรยานยนต์
4437,2026,66.0,ชาย,ไม่ระบุ,กันทรลักษ์,ศรีสะเกษ,10/3/2026,ไม่ระบุ,กันทรลักษ์,ศรีสะเกษ,,,V239,รถจักรยานยนต์
4438,2026,52.0,หญิง,ไม่ระบุ,วิเชียรบุรี,เพชรบูรณ์,13/3/2026,ไม่ระบุ,วิเชียรบุรี,เพชรบูรณ์,,,V299,รถจักรยานยนต์
4439,2026,48.0,ชาย,ไม่ระบุ,เมืองสงขลา,สงขลา,8/3/2026,ไม่ระบุ,เมืองสงขลา,สงขลา,,,V892,ไม่ระบุพาหนะ
4440,2026,77.0,ชาย,ไม่ระบุ,เมืองปทุมธานี,ปทุมธานี,10/1/2026,ไม่ระบุ,เมืองปทุมธานี,ปทุมธานี,,,V892,ไม่ระบุพาหนะ
4441,2026,53.0,ชาย,ไม่ระบุ,สีคิ้ว,นครราชสีมา,14/1/2026,ไม่ระบุ,สีคิ้ว,นครราชสีมา,,,V818,ไม่ระบุพาหนะ
4442,2026,27.0,ชาย,ไม่ระบุ,ปลวกแดง,ระยอง,20/2/2026,ไม่ระบุ,ปลวกแดง,ระยอง,,,V299,รถจักรยานยนต์
4443,2026,57.0,ชาย,ไม่ระบุ,เมืองลำปาง,ลำปาง,12/2/2026,ไม่ระบุ,เมืองลำปาง,ลำปาง,,,V892,ไม่ระบุพาหนะ
4444,2026,17.0,ชาย,ไม่ระบุ,บางเลน,นครปฐม,21/2/2026,ไม่ระบุ,บางเลน,นครปฐม,,,V892,ไม่ระบุพาหนะ
4445,2026,38.0,ชาย,ไม่ระบุ,บ่อทอง,ชลบุรี,3/3/2026,ไม่ระบุ,บ่อทอง,ชลบุรี,,,V892,ไม่ระบุพาหนะ
4446,2026,67.0,หญิง,ไม่ระบุ,รัตภูมิ,สงขลา,4/3/2026,ไม่ระบุ,รัตภูมิ,สงขลา,,,V892,ไม่ระบุพาหนะ
4447,2026,68.0,หญิง,ไม่ระบุ,เมืองปทุมธานี,ปทุมธานี,13/1/2026,ไม่ระบุ,เมืองปทุมธานี,ปทุมธานี,,,V892,ไม่ระบุพาหนะ
4448,2026,55.0,ชาย,ไม่ระบุ,สีคิ้ว,นครราชสีมา,14/1/2026,ไม่ระบุ,สีคิ้ว,นครราชสีมา,,,V818,ไม่ระบุพาหนะ
4449,2026,22.0,ชาย,ไม่ระบุ,พระแสง,สุราษฎร์ธานี,28/1/2026,ไม่ระบุ,พระแสง,สุราษฎร์ธานี,,,V892,ไม่ระบุพาหนะ
4450,2026,24.0,หญิง,ไม่ระบุ,บ้านฉาง,ระยอง,2/2/2026,ไม่ระบุ,บ้านฉาง,ระยอง,,,V892,ไม่ระบุพาหนะ
4451,2026,64.0,ชาย,ไม่ระบุ,เมืองลำปาง,ลำปาง,22/2/2026,ไม่ระบุ,เมืองลำปาง,ลำปาง,,,V892,ไม่ระบุพาหนะ
4452,2026,19.0,ชาย,ไม่ระบุ,นครชัยศรี,นครปฐม,2/2/2026,ไม่ระบุ,นครชัยศรี,นครปฐม,,,V892,ไม่ระบุพาหนะ
4453,2026,49.0,ชาย,ไม่ระบุ,ศรีราชา,ชลบุรี,18/3/2026,ไม่ระบุ,ศรีราชา,ชลบุรี,,,V892,ไม่ระบุพาหนะ
4454,2026,43.0,ชาย,ไม่ระบุ,หาดใหญ่,สงขลา,29/3/2026,ไม่ระบุ,หาดใหญ่,สงขลา,,,V892,ไม่ระบุพาหนะ
4455,2026,46.0,ชาย,ไม่ระบุ,เมืองปทุมธานี,ปทุมธานี,27/1/2026,ไม่ระบุ,เมืองปทุมธานี,ปทุมธานี,,,V892,ไม่ระบุพาหนะ
4456,2026,41.0,ชาย,ไม่ระบุ,สีคิ้ว,นครราชสีมา,14/1/2026,ไม่ระบุ,สีคิ้ว,นครราชสีมา,,,V818,ไม่ระบุพาหนะ
4457,2026,68.0,ชาย,ไม่ระบุ,เมืองนครสวรรค์,นครสวรรค์,16/1/2026,ไม่ระบุ,เมืองนครสวรรค์,นครสวรรค์,,,V892,ไม่ระบุพาหนะ
4458,2026,29.0,ชาย,ไม่ระบุ,เมืองสุราษฎร์ธานี,สุราษฎร์ธานี,31/1/2026,ไม่ระบุ,เมืองสุราษฎร์ธานี,สุราษฎร์ธานี,,,V892,ไม่ระบุพาหนะ
4459,2026,19.0,ชาย,ไม่ระบุ,บ้านฉาง,ระยอง,2/2/2026,ไม่ระบุ,บ้านฉาง,ระยอง,,,V892,ไม่ระบุพาหนะ
4460,2026,47.0,ชาย,ไม่ระบุ,เมืองอุตรดิตถ์,อุตรดิตถ์,8/2/2026,ไม่ระบุ,เมืองอุตรดิตถ์,อุตรดิตถ์,,,V059,คนเดินเท้า
4461,2026,42.0,ชาย,ไม่ระบุ,เมืองนครปฐม,นครปฐม,16/2/2026,ไม่ระบุ,เมืองนครปฐม,นครปฐม,,,V892,ไม่ระบุพาหนะ
4462,2026,34.0,ชาย,ไม่ระบุ,ศรีนคร,สุโขทัย,28/2/2026,ไม่ระบุ,ศรีนคร,สุโขทัย,,,V892,ไม่ระบุพาหนะ
4463,2026,32.0,หญิง,ไม่ระบุ,ศรีราชา,ชลบุรี,22/3/2026,ไม่ระบุ,ศรีราชา,ชลบุรี,,,V892,ไม่ระบุพาหนะ
4464,2026,19.0,ชาย,ไม่ระบุ,เมืองศรีสะเกษ,ศรีสะเกษ,25/3/2026,ไม่ระบุ,เมืองศรีสะเกษ,ศรีสะเกษ,,,V892,ไม่ระบุพาหนะ
4465,2026,52.0,ชาย,ไม่ระบุ,ปลาปาก,นครพนม,16/3/2026,ไม่ระบุ,ปลาปาก,นครพนม,,,V299,รถจักรยานยนต์
4466,2026,68.0,ชาย,ไม่ระบุ,หล่มสัก,เพชรบูรณ์,25/3/2026,ไม่ระบุ,หล่มสัก,เพชรบูรณ์,,,V299,รถจักรยานยนต์
4467,2026,46.0,ชาย,ไม่ระบุ,หาดใหญ่,สงขลา,21/3/2026,ไม่ระบุ,หาดใหญ่,สงขลา,,,V892,ไม่ระบุพาหนะ
4468,2026,63.0,หญิง,ไม่ระบุ,สีคิ้ว,นครราชสีมา,14/1/2026,ไม่ระบุ,สีคิ้ว,นครราชสีมา,,,V818,ไม่ระบุพาหนะ
4469,2026,61.0,ชาย,ไม่ระบุ,พระพรหม,นครศรีธรรมราช,12/1/2026,ไม่ระบุ,พระพรหม,นครศรีธรรมราช,,,V289,รถจักรยานยนต์
4470,2026,22.0,ชาย,ไม่ระบุ,เมืองระยอง,ระยอง,7/2/2026,ไม่ระบุ,เมืองระยอง,ระยอง,,,V892,ไม่ระบุพาหนะ
4471,2026,65.0,หญิง,ไม่ระบุ,เมืองนครปฐม,นครปฐม,11/2/2026,ไม่ระบุ,เมืองนครปฐม,นครปฐม,,,V892,ไม่ระบุพาหนะ
4472,2026,40.0,หญิง,ไม่ระบุ,ศรีราชา,ชลบุรี,29/3/2026,ไม่ระบุ,ศรีราชา,ชลบุรี,,,V892,ไม่ระบุพาหนะ
4473,2026,47.0,หญิง,ไม่ระบุ,หาดใหญ่,สงขลา,23/3/2026,ไม่ระบุ,หาดใหญ่,สงขลา,,,V892,ไม่ระบุพาหนะ
4474,2026,40.0,ชาย,ไม่ระบุ,สีคิ้ว,นครราชสีมา,14/1/2026,ไม่ระบุ,สีคิ้ว,นครราชสีมา,,,V818,ไม่ระบุพาหนะ
4475,2026,78.0,ชาย,ไม่ระบุ,เมืองอุดรธานี,อุดรธานี,5/1/2026,ไม่ระบุ,เมืองอุดรธานี,อุดรธานี,,,V892,ไม่ระบุพาหนะ
4476,2026,74.0,หญิง,ไม่ระบุ,เมืองสงขลา,สงขลา,31/1/2026,ไม่ระบุ,เมืองสงขลา,สงขลา,,,V892,ไม่ระบุพาหนะ
4477,2026,15.0,ชาย,ไม่ระบุ,เมืองอุตรดิตถ์,อุตรดิตถ์,7/2/2026,ไม่ระบุ,เมืองอุตรดิตถ์,อุตรดิตถ์,,,V892,ไม่ระบุพาหนะ
4478,2026,25.0,หญิง,ไม่ระบุ,เมืองนครปฐม,นครปฐม,8/2/2026,ไม่ระบุ,เมืองนครปฐม,นครปฐม,,,V892,ไม่ระบุพาหนะ
4479,2026,47.0,ชาย,ไม่ระบุ,ศรีราชา,ชลบุรี,4/3/2026,ไม่ระบุ,ศรีราชา,ชลบุรี,,,V892,ไม่ระบุพาหนะ
4480,2026,79.0,ชาย,ไม่ระบุ,เมืองศรีสะเกษ,ศรีสะเกษ,19/3/2026,ไม่ระบุ,เมืองศรีสะเกษ,ศรีสะเกษ,,,V892,ไม่ระบุพาหนะ
4481,2026,35.0,ชาย,ไม่ระบุ,เมืองเพชรบูรณ์,เพชรบูรณ์,12/3/2026,ไม่ระบุ,เมืองเพชรบูรณ์,เพชรบูรณ์,,,V892,ไม่ระบุพาหนะ
4482,2026,15.0,ชาย,ไม่ระบุ,หาดใหญ่,สงขลา,12/3/2026,ไม่ระบุ,หาดใหญ่,สงขลา,,,V892,ไม่ระบุพาหนะ
